{"type":"FeatureCollection","features":[{"type":"Feature","id":"da_aparcamientosMovilidadReducida.fid--175d4967_1a0508ab86c_72d","geometry":{"type":"Point","coordinates":[-4.38156389,36.72615397,4065383.98199543]},"geometry_name":"SDOGEOMETRIA","properties":{"ID":77785,"NOMBRE":"APARCAPMR_1340","DESCRIPCION":"Paseo Cerrado de Calderón, nº 18","DIRECCION":"PASEO CERRADO DE CALDERÓN, 18 ","URL":null,"EMAIL":null,"CONTACTO":null,"HORARIOS":null,"PRECIOS":null,"TITULARIDAD":"MUNICIPAL","TARJETAJOVEN":"No","ACCESOPMR":"No","NROPLAZAS":"1","TOTALPLAZAS":2151}},{"type":"Feature","id":"da_aparcamientosMovilidadReducida.fid--175d4967_1a0508ab86c_72e","geometry":{"type":"Point","coordinates":[-4.39682588,36.73118018,0]},"geometry_name":"SDOGEOMETRIA","properties":{"ID":66988,"NOMBRE":"APARCAPMR_412","DESCRIPCION":"No hay más datos","DIRECCION":"AVENIDA DEL MAYORAZGO, 10 ","URL":null,"EMAIL":null,"CONTACTO":null,"HORARIOS":null,"PRECIOS":null,"TITULARIDAD":"MUNICIPAL","TARJETAJOVEN":"No","ACCESOPMR":"No","NROPLAZAS":"1","TOTALPLAZAS":2151}},{"type":"Feature","id":"da_aparcamientosMovilidadReducida.fid--175d4967_1a0508ab86c_72f","geometry":{"type":"Point","coordinates":[-4.39691775,36.73125542,0]},"geometry_name":"SDOGEOMETRIA","properties":{"ID":67044,"NOMBRE":"APARCAPMR_234","DESCRIPCION":"Junto al puente","DIRECCION":"AVENIDA DEL MAYORAZGO, 19 ","URL":null,"EMAIL":null,"CONTACTO":null,"HORARIOS":null,"PRECIOS":null,"TITULARIDAD":"MUNICIPAL","TARJETAJOVEN":"No","ACCESOPMR":"No","NROPLAZAS":"1","TOTALPLAZAS":2151}},{"type":"Feature","id":"da_aparcamientosMovilidadReducida.fid--175d4967_1a0508ab86c_730","geometry":{"type":"Point","coordinates":[-4.38282475,36.72206079,0]},"geometry_name":"SDOGEOMETRIA","properties":{"ID":67061,"NOMBRE":"APARCAPMR_339","DESCRIPCION":"A la altura del nº 4","DIRECCION":"PASEO CERRADO DE CALDERÓN, 2 ","URL":null,"EMAIL":null,"CONTACTO":null,"HORARIOS":null,"PRECIOS":null,"TITULARIDAD":"MUNICIPAL","TARJETAJOVEN":"No","ACCESOPMR":"No","NROPLAZAS":"2","TOTALPLAZAS":2151}},{"type":"Feature","id":"da_aparcamientosMovilidadReducida.fid--175d4967_1a0508ab86c_731","geometry":{"type":"Point","coordinates":[-4.38991593,36.72998565,0]},"geometry_name":"SDOGEOMETRIA","properties":{"ID":81051,"NOMBRE":"APARCAPMR_1226","DESCRIPCION":null,"DIRECCION":"CALLE LINGÜISTA MANUEL SECO, 11 ","URL":null,"EMAIL":null,"CONTACTO":null,"HORARIOS":null,"PRECIOS":null,"TITULARIDAD":"MUNICIPAL","TARJETAJOVEN":"No","ACCESOPMR":"No","NROPLAZAS":"1","TOTALPLAZAS":2151}},{"type":"Feature","id":"da_aparcamientosMovilidadReducida.fid--175d4967_1a0508ab86c_732","geometry":{"type":"Point","coordinates":[-4.43434907,36.72237008,0]},"geometry_name":"SDOGEOMETRIA","properties":{"ID":78437,"NOMBRE":"APARCAPMR_1389","DESCRIPCION":"C/ Lanuza esquina con C/ Diego de Vergara","DIRECCION":"CALLE LANUZA, 9 ","URL":null,"EMAIL":null,"CONTACTO":null,"HORARIOS":null,"PRECIOS":null,"TITULARIDAD":"MUNICIPAL","TARJETAJOVEN":"No","ACCESOPMR":"No","NROPLAZAS":"1","TOTALPLAZAS":2151}},{"type":"Feature","id":"da_aparcamientosMovilidadReducida.fid--175d4967_1a0508ab86c_733","geometry":{"type":"Point","coordinates":[-4.42248389,36.73465663,0]},"geometry_name":"SDOGEOMETRIA","properties":{"ID":67069,"NOMBRE":"APARCAPMR_262","DESCRIPCION":"Esquina con c/ San Juan Bosco","DIRECCION":"CALLE ALBÉNIZ, 28 ","URL":null,"EMAIL":null,"CONTACTO":null,"HORARIOS":null,"PRECIOS":null,"TITULARIDAD":"MUNICIPAL","TARJETAJOVEN":"No","ACCESOPMR":"No","NROPLAZAS":"2","TOTALPLAZAS":2151}},{"type":"Feature","id":"da_aparcamientosMovilidadReducida.fid--175d4967_1a0508ab86c_734","geometry":{"type":"Point","coordinates":[-4.41562414,36.73003279,0]},"geometry_name":"SDOGEOMETRIA","properties":{"ID":67214,"NOMBRE":"APARCAPMR_355","DESCRIPCION":"Esquina con c/ Zenete","DIRECCION":"CALLE MANRIQUE, 18 ","URL":null,"EMAIL":null,"CONTACTO":null,"HORARIOS":null,"PRECIOS":null,"TITULARIDAD":"MUNICIPAL","TARJETAJOVEN":"No","ACCESOPMR":"No","NROPLAZAS":"2","TOTALPLAZAS":2151}},{"type":"Feature","id":"da_aparcamientosMovilidadReducida.fid--175d4967_1a0508ab86c_735","geometry":{"type":"Point","coordinates":[-4.42417205,36.73736165,0]},"geometry_name":"SDOGEOMETRIA","properties":{"ID":81053,"NOMBRE":"APARCAPMR_1239","DESCRIPCION":null,"DIRECCION":"AVENIDA DE GUERRERO STRACHAN, 6 ","URL":null,"EMAIL":null,"CONTACTO":null,"HORARIOS":null,"PRECIOS":null,"TITULARIDAD":"MUNICIPAL","TARJETAJOVEN":"No","ACCESOPMR":"No","NROPLAZAS":"1","TOTALPLAZAS":2151}},{"type":"Feature","id":"da_aparcamientosMovilidadReducida.fid--175d4967_1a0508ab86c_736","geometry":{"type":"Point","coordinates":[-4.44097102,36.72033869,0]},"geometry_name":"SDOGEOMETRIA","properties":{"ID":66711,"NOMBRE":"APARCAPMR_329","DESCRIPCION":"Esquina con c/ Argentea. Frente al nº 12","DIRECCION":"CALLE GUSTAVO GARCÍA HERRERA, 12 ","URL":null,"EMAIL":null,"CONTACTO":null,"HORARIOS":null,"PRECIOS":null,"TITULARIDAD":"MUNICIPAL","TARJETAJOVEN":"No","ACCESOPMR":"No","NROPLAZAS":"2","TOTALPLAZAS":2151}},{"type":"Feature","id":"da_aparcamientosMovilidadReducida.fid--175d4967_1a0508ab86c_737","geometry":{"type":"Point","coordinates":[-4.444683,36.70197504,0]},"geometry_name":"SDOGEOMETRIA","properties":{"ID":66367,"NOMBRE":"APARCAPMR_853","DESCRIPCION":null,"DIRECCION":"AVENIDA DE LA PALOMA, 44 ","URL":null,"EMAIL":null,"CONTACTO":null,"HORARIOS":null,"PRECIOS":null,"TITULARIDAD":"MUNICIPAL","TARJETAJOVEN":"No","ACCESOPMR":"No","NROPLAZAS":"1","TOTALPLAZAS":2151}},{"type":"Feature","id":"da_aparcamientosMovilidadReducida.fid--175d4967_1a0508ab86c_738","geometry":{"type":"Point","coordinates":[-4.43294719,36.73243557,0]},"geometry_name":"SDOGEOMETRIA","properties":{"ID":67126,"NOMBRE":"APARCAPMR_083","DESCRIPCION":"Esquina con Cl. Poeta Bernardo de la Torre","DIRECCION":"CALLE POETISA AURORA CÁNOVAS, 4 ","URL":null,"EMAIL":null,"CONTACTO":null,"HORARIOS":null,"PRECIOS":null,"TITULARIDAD":"MUNICIPAL","TARJETAJOVEN":"No","ACCESOPMR":"No","NROPLAZAS":"2","TOTALPLAZAS":2151}},{"type":"Feature","id":"da_aparcamientosMovilidadReducida.fid--175d4967_1a0508ab86c_739","geometry":{"type":"Point","coordinates":[-4.43755858,36.71436694,0]},"geometry_name":"SDOGEOMETRIA","properties":{"ID":67154,"NOMBRE":"APARCAPMR_089","DESCRIPCION":"Esquina con c/ Gerona","DIRECCION":"CALLE ASALTO, 20 ","URL":null,"EMAIL":null,"CONTACTO":null,"HORARIOS":null,"PRECIOS":null,"TITULARIDAD":"MUNICIPAL","TARJETAJOVEN":"No","ACCESOPMR":"No","NROPLAZAS":"2","TOTALPLAZAS":2151}},{"type":"Feature","id":"da_aparcamientosMovilidadReducida.fid--175d4967_1a0508ab86c_73a","geometry":{"type":"Point","coordinates":[-4.42436814,36.7375386,0]},"geometry_name":"SDOGEOMETRIA","properties":{"ID":66996,"NOMBRE":"APARCAPMR_425","DESCRIPCION":"Esquina con Avenida Santiago Ramón y Cajal (frente al parque)","DIRECCION":"AVENIDA DE GUERRERO STRACHAN, 2 ","URL":null,"EMAIL":null,"CONTACTO":null,"HORARIOS":null,"PRECIOS":null,"TITULARIDAD":"MUNICIPAL","TARJETAJOVEN":"No","ACCESOPMR":"No","NROPLAZAS":"1","TOTALPLAZAS":2151}},{"type":"Feature","id":"da_aparcamientosMovilidadReducida.fid--175d4967_1a0508ab86c_73b","geometry":{"type":"Point","coordinates":[-4.4197762,36.73051808,0]},"geometry_name":"SDOGEOMETRIA","properties":{"ID":66690,"NOMBRE":"APARCAPMR_572","DESCRIPCION":"Esquina con c/ Regimiento","DIRECCION":"CALLE MIGUEL DE UNAMUNO, 9 ","URL":null,"EMAIL":null,"CONTACTO":null,"HORARIOS":null,"PRECIOS":null,"TITULARIDAD":"MUNICIPAL","TARJETAJOVEN":"No","ACCESOPMR":"No","NROPLAZAS":"3","TOTALPLAZAS":2151}},{"type":"Feature","id":"da_aparcamientosMovilidadReducida.fid--175d4967_1a0508ab86c_73c","geometry":{"type":"Point","coordinates":[-4.41839701,36.73673259,0]},"geometry_name":"SDOGEOMETRIA","properties":{"ID":76893,"NOMBRE":"APARCAPMR_698","DESCRIPCION":null,"DIRECCION":"AVENIDA DE MANUEL GORRÍA, 28 ","URL":null,"EMAIL":null,"CONTACTO":null,"HORARIOS":null,"PRECIOS":null,"TITULARIDAD":"MUNICIPAL","TARJETAJOVEN":"No","ACCESOPMR":"No","NROPLAZAS":"1","TOTALPLAZAS":2151}},{"type":"Feature","id":"da_aparcamientosMovilidadReducida.fid--175d4967_1a0508ab86c_73d","geometry":{"type":"Point","coordinates":[-4.41772261,36.73683141,0]},"geometry_name":"SDOGEOMETRIA","properties":{"ID":79307,"NOMBRE":"APARCAPMR_1422","DESCRIPCION":"Avenida Manuel Gorría, nº 63","DIRECCION":"AVENIDA DE MANUEL GORRÍA, 63 ","URL":null,"EMAIL":null,"CONTACTO":null,"HORARIOS":null,"PRECIOS":null,"TITULARIDAD":"MUNICIPAL","TARJETAJOVEN":"No","ACCESOPMR":"No","NROPLAZAS":"1","TOTALPLAZAS":2151}},{"type":"Feature","id":"da_aparcamientosMovilidadReducida.fid--175d4967_1a0508ab86c_73e","geometry":{"type":"Point","coordinates":[-4.41595607,36.74648367,0]},"geometry_name":"SDOGEOMETRIA","properties":{"ID":66494,"NOMBRE":"APARCAPMR_691","DESCRIPCION":"Esquina con Cl. Lágrima","DIRECCION":"CALLE LÁGRIMA, 9 ","URL":null,"EMAIL":null,"CONTACTO":null,"HORARIOS":null,"PRECIOS":null,"TITULARIDAD":"MUNICIPAL","TARJETAJOVEN":"No","ACCESOPMR":"No","NROPLAZAS":"3","TOTALPLAZAS":2151}},{"type":"Feature","id":"da_aparcamientosMovilidadReducida.fid--175d4967_1a0508ab86c_73f","geometry":{"type":"Point","coordinates":[-4.415927,36.73632604,0]},"geometry_name":"SDOGEOMETRIA","properties":{"ID":66415,"NOMBRE":"APARCAPMR_1076","DESCRIPCION":"Esq. con Glorieta Lourdes Martín Casares","DIRECCION":"CAMINO COLMENAR, 39 ","URL":null,"EMAIL":null,"CONTACTO":null,"HORARIOS":null,"PRECIOS":null,"TITULARIDAD":"MUNICIPAL","TARJETAJOVEN":"No","ACCESOPMR":"No","NROPLAZAS":"1","TOTALPLAZAS":2151}},{"type":"Feature","id":"da_aparcamientosMovilidadReducida.fid--175d4967_1a0508ab86c_740","geometry":{"type":"Point","coordinates":[-4.42153975,36.73630371,0]},"geometry_name":"SDOGEOMETRIA","properties":{"ID":66535,"NOMBRE":"APARCAPMR_605","DESCRIPCION":"Esquina con c/ Sacromonte","DIRECCION":"AVENIDA DE MANUEL GORRÍA, 15 ","URL":null,"EMAIL":null,"CONTACTO":null,"HORARIOS":null,"PRECIOS":null,"TITULARIDAD":"MUNICIPAL","TARJETAJOVEN":"No","ACCESOPMR":"No","NROPLAZAS":"3","TOTALPLAZAS":2151}},{"type":"Feature","id":"da_aparcamientosMovilidadReducida.fid--175d4967_1a0508ab86c_741","geometry":{"type":"Point","coordinates":[-4.41643953,36.73618442,0]},"geometry_name":"SDOGEOMETRIA","properties":{"ID":67191,"NOMBRE":"APARCAPMR_265","DESCRIPCION":"A la altura del nº 42","DIRECCION":"AVENIDA DE MANUEL GORRÍA, 42 ","URL":null,"EMAIL":null,"CONTACTO":null,"HORARIOS":null,"PRECIOS":null,"TITULARIDAD":"MUNICIPAL","TARJETAJOVEN":"No","ACCESOPMR":"No","NROPLAZAS":"1","TOTALPLAZAS":2151}},{"type":"Feature","id":"da_aparcamientosMovilidadReducida.fid--175d4967_1a0508ab86c_742","geometry":{"type":"Point","coordinates":[-4.41591,36.73523104,0]},"geometry_name":"SDOGEOMETRIA","properties":{"ID":66142,"NOMBRE":"APARCAPMR_823","DESCRIPCION":null,"DIRECCION":"CAMINO COLMENAR, 38 ","URL":null,"EMAIL":null,"CONTACTO":null,"HORARIOS":null,"PRECIOS":null,"TITULARIDAD":"MUNICIPAL","TARJETAJOVEN":"No","ACCESOPMR":"No","NROPLAZAS":"1","TOTALPLAZAS":2151}},{"type":"Feature","id":"da_aparcamientosMovilidadReducida.fid--175d4967_1a0508ab86c_743","geometry":{"type":"Point","coordinates":[-4.41935711,36.73283949,0]},"geometry_name":"SDOGEOMETRIA","properties":{"ID":66259,"NOMBRE":"APARCAPMR_1162","DESCRIPCION":null,"DIRECCION":"CALLE DOÑA, 51 ","URL":null,"EMAIL":null,"CONTACTO":null,"HORARIOS":null,"PRECIOS":null,"TITULARIDAD":"MUNICIPAL","TARJETAJOVEN":"No","ACCESOPMR":"No","NROPLAZAS":"1","TOTALPLAZAS":2151}},{"type":"Feature","id":"da_aparcamientosMovilidadReducida.fid--175d4967_1a0508ab86c_744","geometry":{"type":"Point","coordinates":[-4.414954,36.73024404,0]},"geometry_name":"SDOGEOMETRIA","properties":{"ID":66849,"NOMBRE":"APARCAPMR_902","DESCRIPCION":"Esquina con c/ Zenete.","DIRECCION":"CALLE CRISTO DE LA EPIDEMIA, 58 ","URL":null,"EMAIL":null,"CONTACTO":null,"HORARIOS":null,"PRECIOS":null,"TITULARIDAD":"MUNICIPAL","TARJETAJOVEN":"No","ACCESOPMR":"No","NROPLAZAS":"1","TOTALPLAZAS":2151}},{"type":"Feature","id":"da_aparcamientosMovilidadReducida.fid--175d4967_1a0508ab86c_745","geometry":{"type":"Point","coordinates":[-4.41053599,36.72328408,0]},"geometry_name":"SDOGEOMETRIA","properties":{"ID":66944,"NOMBRE":"APARCAPMR_497","DESCRIPCION":"Entrada al Castillo de Gibralfaro","DIRECCION":"CAMINO GIBRALFARO, 11 ","URL":null,"EMAIL":null,"CONTACTO":null,"HORARIOS":null,"PRECIOS":null,"TITULARIDAD":"MUNICIPAL","TARJETAJOVEN":"No","ACCESOPMR":"No","NROPLAZAS":"3","TOTALPLAZAS":2151}},{"type":"Feature","id":"da_aparcamientosMovilidadReducida.fid--175d4967_1a0508ab86c_746","geometry":{"type":"Point","coordinates":[-4.36094539,36.72118811,0]},"geometry_name":"SDOGEOMETRIA","properties":{"ID":80909,"NOMBRE":"APARCAPMR_549","DESCRIPCION":"Esquina con Valparaiso","DIRECCION":"AVENIDA DE JUAN SEBASTIÁN ELCANO, 193 ","URL":null,"EMAIL":null,"CONTACTO":null,"HORARIOS":null,"PRECIOS":null,"TITULARIDAD":"MUNICIPAL","TARJETAJOVEN":"No","ACCESOPMR":"No","NROPLAZAS":"2","TOTALPLAZAS":2151}},{"type":"Feature","id":"da_aparcamientosMovilidadReducida.fid--175d4967_1a0508ab86c_747","geometry":{"type":"Point","coordinates":[-4.40925926,36.72912723,0]},"geometry_name":"SDOGEOMETRIA","properties":{"ID":67200,"NOMBRE":"APARCAPMR_098","DESCRIPCION":"A la altura del nº 72","DIRECCION":"CALLE CONDE DE UREÑA, 72 ","URL":null,"EMAIL":null,"CONTACTO":null,"HORARIOS":null,"PRECIOS":null,"TITULARIDAD":"MUNICIPAL","TARJETAJOVEN":"No","ACCESOPMR":"No","NROPLAZAS":"2","TOTALPLAZAS":2151}},{"type":"Feature","id":"da_aparcamientosMovilidadReducida.fid--175d4967_1a0508ab86c_748","geometry":{"type":"Point","coordinates":[-4.50015738,36.66445973,0]},"geometry_name":"SDOGEOMETRIA","properties":{"ID":81055,"NOMBRE":"APARCAPMR_1260","DESCRIPCION":null,"DIRECCION":"CALLE MAESTRO VICENTE LLEÓ, 6 ","URL":null,"EMAIL":null,"CONTACTO":null,"HORARIOS":null,"PRECIOS":null,"TITULARIDAD":"MUNICIPAL","TARJETAJOVEN":"No","ACCESOPMR":"No","NROPLAZAS":"1","TOTALPLAZAS":2151}},{"type":"Feature","id":"da_aparcamientosMovilidadReducida.fid--175d4967_1a0508ab86c_749","geometry":{"type":"Point","coordinates":[-4.5010256,36.66424414,0]},"geometry_name":"SDOGEOMETRIA","properties":{"ID":78440,"NOMBRE":"APARCAPMR_1390","DESCRIPCION":"Avenida San Javier esquina con C/ Luis de Narváez","DIRECCION":"AVENIDA DE SAN JAVIER, 47 ","URL":null,"EMAIL":null,"CONTACTO":null,"HORARIOS":null,"PRECIOS":null,"TITULARIDAD":"MUNICIPAL","TARJETAJOVEN":"No","ACCESOPMR":"No","NROPLAZAS":"1","TOTALPLAZAS":2151}},{"type":"Feature","id":"da_aparcamientosMovilidadReducida.fid--175d4967_1a0508ab86c_74a","geometry":{"type":"Point","coordinates":[-4.42236943,36.73801909,0]},"geometry_name":"SDOGEOMETRIA","properties":{"ID":80979,"NOMBRE":"APARCAPMR_278_","DESCRIPCION":null,"DIRECCION":"CALLE ALCALDE EDUARDO CARVAJAL, 1 ","URL":null,"EMAIL":null,"CONTACTO":null,"HORARIOS":null,"PRECIOS":null,"TITULARIDAD":"MUNICIPAL","TARJETAJOVEN":"No","ACCESOPMR":"No","NROPLAZAS":"1","TOTALPLAZAS":2151}},{"type":"Feature","id":"da_aparcamientosMovilidadReducida.fid--175d4967_1a0508ab86c_74b","geometry":{"type":"Point","coordinates":[-4.41712819,36.74930878,0]},"geometry_name":"SDOGEOMETRIA","properties":{"ID":67071,"NOMBRE":"APARCAPMR_186","DESCRIPCION":"Esquina con c/ Alcalde Nicolás Maroto","DIRECCION":"CALLE ALCALDE NICOLÁS MAROTO, 17 ","URL":null,"EMAIL":null,"CONTACTO":null,"HORARIOS":null,"PRECIOS":null,"TITULARIDAD":"MUNICIPAL","TARJETAJOVEN":"No","ACCESOPMR":"No","NROPLAZAS":"2","TOTALPLAZAS":2151}},{"type":"Feature","id":"da_aparcamientosMovilidadReducida.fid--175d4967_1a0508ab86c_74c","geometry":{"type":"Point","coordinates":[-4.419584,36.75107404,0]},"geometry_name":"SDOGEOMETRIA","properties":{"ID":66374,"NOMBRE":"APARCAPMR_938","DESCRIPCION":null,"DIRECCION":"CALLE EL COPO, 7 ","URL":null,"EMAIL":null,"CONTACTO":null,"HORARIOS":null,"PRECIOS":null,"TITULARIDAD":"MUNICIPAL","TARJETAJOVEN":"No","ACCESOPMR":"No","NROPLAZAS":"1","TOTALPLAZAS":2151}},{"type":"Feature","id":"da_aparcamientosMovilidadReducida.fid--175d4967_1a0508ab86c_74d","geometry":{"type":"Point","coordinates":[-4.422003,36.74089904,0]},"geometry_name":"SDOGEOMETRIA","properties":{"ID":66591,"NOMBRE":"APARCAPMR_992","DESCRIPCION":"Esq. Cl. Mendoza Tenorio.","DIRECCION":"CALLE JOSÉ TALLAVI, 5 ","URL":null,"EMAIL":null,"CONTACTO":null,"HORARIOS":null,"PRECIOS":null,"TITULARIDAD":"MUNICIPAL","TARJETAJOVEN":"No","ACCESOPMR":"No","NROPLAZAS":"1","TOTALPLAZAS":2151}},{"type":"Feature","id":"da_aparcamientosMovilidadReducida.fid--175d4967_1a0508ab86c_74e","geometry":{"type":"Point","coordinates":[-4.42343742,36.73902441,0]},"geometry_name":"SDOGEOMETRIA","properties":{"ID":66636,"NOMBRE":"APARCAPMR_067","DESCRIPCION":"Esquina con Av. Santiago Ramón y Cajal","DIRECCION":"CALLE LEONCIO TALAVERA, 2 ","URL":null,"EMAIL":null,"CONTACTO":null,"HORARIOS":null,"PRECIOS":null,"TITULARIDAD":"MUNICIPAL","TARJETAJOVEN":"No","ACCESOPMR":"No","NROPLAZAS":"1","TOTALPLAZAS":2151}},{"type":"Feature","id":"da_aparcamientosMovilidadReducida.fid--175d4967_1a0508ab86c_74f","geometry":{"type":"Point","coordinates":[-4.364007,36.72190004,0]},"geometry_name":"SDOGEOMETRIA","properties":{"ID":66606,"NOMBRE":"APARCAPMR_948","DESCRIPCION":null,"DIRECCION":"AVENIDA DE JUAN SEBASTIÁN ELCANO, 159 ","URL":null,"EMAIL":null,"CONTACTO":null,"HORARIOS":null,"PRECIOS":null,"TITULARIDAD":"MUNICIPAL","TARJETAJOVEN":"No","ACCESOPMR":"No","NROPLAZAS":"1","TOTALPLAZAS":2151}},{"type":"Feature","id":"da_aparcamientosMovilidadReducida.fid--175d4967_1a0508ab86c_750","geometry":{"type":"Point","coordinates":[-4.35721388,36.72443889,4065162.63167889]},"geometry_name":"SDOGEOMETRIA","properties":{"ID":78436,"NOMBRE":"APARCAPMR_1386","DESCRIPCION":"Avenida Miraflores del Palo, N.º 45","DIRECCION":"AVENIDA DE MIRAFLORES DEL PALO, 45 ","URL":null,"EMAIL":null,"CONTACTO":null,"HORARIOS":null,"PRECIOS":null,"TITULARIDAD":"MUNICIPAL","TARJETAJOVEN":"No","ACCESOPMR":"No","NROPLAZAS":"1","TOTALPLAZAS":2151}},{"type":"Feature","id":"da_aparcamientosMovilidadReducida.fid--175d4967_1a0508ab86c_751","geometry":{"type":"Point","coordinates":[-4.41550742,36.7427467,0]},"geometry_name":"SDOGEOMETRIA","properties":{"ID":66712,"NOMBRE":"APARCAPMR_1235","DESCRIPCION":null,"DIRECCION":"CALLE ARROYO ACEITERO, 33 ","URL":null,"EMAIL":null,"CONTACTO":null,"HORARIOS":null,"PRECIOS":null,"TITULARIDAD":"MUNICIPAL","TARJETAJOVEN":"No","ACCESOPMR":"No","NROPLAZAS":"1","TOTALPLAZAS":2151}},{"type":"Feature","id":"da_aparcamientosMovilidadReducida.fid--175d4967_1a0508ab86c_752","geometry":{"type":"Point","coordinates":[-4.36002396,36.7223134,0]},"geometry_name":"SDOGEOMETRIA","properties":{"ID":66634,"NOMBRE":"APARCAPMR_143","DESCRIPCION":"Esquina con Cl. Padre Hidalgo","DIRECCION":"CALLE PADRE HIDALGO, 14 ","URL":null,"EMAIL":null,"CONTACTO":null,"HORARIOS":null,"PRECIOS":null,"TITULARIDAD":"MUNICIPAL","TARJETAJOVEN":"No","ACCESOPMR":"No","NROPLAZAS":"1","TOTALPLAZAS":2151}},{"type":"Feature","id":"da_aparcamientosMovilidadReducida.fid--175d4967_1a0508ab86c_753","geometry":{"type":"Point","coordinates":[-4.3566668,36.7223713,0]},"geometry_name":"SDOGEOMETRIA","properties":{"ID":76695,"NOMBRE":"APARCAPMR_1326","DESCRIPCION":null,"DIRECCION":"AVENIDA DE MIRAFLORES DEL PALO, 18 ","URL":null,"EMAIL":null,"CONTACTO":null,"HORARIOS":null,"PRECIOS":null,"TITULARIDAD":"MUNICIPAL","TARJETAJOVEN":"No","ACCESOPMR":"No","NROPLAZAS":"1","TOTALPLAZAS":2151}},{"type":"Feature","id":"da_aparcamientosMovilidadReducida.fid--175d4967_1a0508ab86c_754","geometry":{"type":"Point","coordinates":[-4.362277,36.72532804,0]},"geometry_name":"SDOGEOMETRIA","properties":{"ID":66614,"NOMBRE":"APARCAPMR_1058","DESCRIPCION":"Esq. con Cl. Princesa Irene","DIRECCION":"CALLE ÁLAVA, 18 ","URL":null,"EMAIL":null,"CONTACTO":null,"HORARIOS":null,"PRECIOS":null,"TITULARIDAD":"MUNICIPAL","TARJETAJOVEN":"No","ACCESOPMR":"No","NROPLAZAS":"2","TOTALPLAZAS":2151}},{"type":"Feature","id":"da_aparcamientosMovilidadReducida.fid--175d4967_1a0508ab86c_755","geometry":{"type":"Point","coordinates":[-4.365163,36.72214804,0]},"geometry_name":"SDOGEOMETRIA","properties":{"ID":66734,"NOMBRE":"APARCAPMR_949","DESCRIPCION":"Intersección c/ Dulcinea del Toboso","DIRECCION":"AVENIDA DE JUAN SEBASTIÁN ELCANO, 145 ","URL":null,"EMAIL":null,"CONTACTO":null,"HORARIOS":null,"PRECIOS":null,"TITULARIDAD":"MUNICIPAL","TARJETAJOVEN":"No","ACCESOPMR":"No","NROPLAZAS":"1","TOTALPLAZAS":2151}},{"type":"Feature","id":"da_aparcamientosMovilidadReducida.fid--175d4967_1a0508ab86c_756","geometry":{"type":"Point","coordinates":[-4.356588,36.72010104,0]},"geometry_name":"SDOGEOMETRIA","properties":{"ID":66862,"NOMBRE":"APARCAPMR_1021","DESCRIPCION":"Esq.con Cl. Carlos Frontaura","DIRECCION":"CALLE PADRE COLOMA, 6 ","URL":null,"EMAIL":null,"CONTACTO":null,"HORARIOS":null,"PRECIOS":null,"TITULARIDAD":"MUNICIPAL","TARJETAJOVEN":"No","ACCESOPMR":"No","NROPLAZAS":"1","TOTALPLAZAS":2151}},{"type":"Feature","id":"da_aparcamientosMovilidadReducida.fid--175d4967_1a0508ab86c_757","geometry":{"type":"Point","coordinates":[-4.36353564,36.72292505,0]},"geometry_name":"SDOGEOMETRIA","properties":{"ID":66193,"NOMBRE":"APARCAPMR_736","DESCRIPCION":"Calle Marcos Zapata esquina con Pje. Nuestra Señora del Pilar.","DIRECCION":"CALLE MARCOS ZAPATA, 17 ","URL":null,"EMAIL":null,"CONTACTO":null,"HORARIOS":null,"PRECIOS":null,"TITULARIDAD":"MUNICIPAL","TARJETAJOVEN":"No","ACCESOPMR":"No","NROPLAZAS":"1","TOTALPLAZAS":2151}},{"type":"Feature","id":"da_aparcamientosMovilidadReducida.fid--175d4967_1a0508ab86c_758","geometry":{"type":"Point","coordinates":[-4.363768,36.72296204,0]},"geometry_name":"SDOGEOMETRIA","properties":{"ID":66577,"NOMBRE":"APARCAPMR_1109","DESCRIPCION":"Esq. con Cl. Panamá","DIRECCION":"CALLE MARCOS ZAPATA, 15 ","URL":null,"EMAIL":null,"CONTACTO":null,"HORARIOS":null,"PRECIOS":null,"TITULARIDAD":"MUNICIPAL","TARJETAJOVEN":"No","ACCESOPMR":"No","NROPLAZAS":"1","TOTALPLAZAS":2151}},{"type":"Feature","id":"da_aparcamientosMovilidadReducida.fid--175d4967_1a0508ab86c_759","geometry":{"type":"Point","coordinates":[-4.361562,36.72420404,0]},"geometry_name":"SDOGEOMETRIA","properties":{"ID":66357,"NOMBRE":"APARCAPMR_865","DESCRIPCION":null,"DIRECCION":"CALLE LUIS TABOADA, 28 ","URL":null,"EMAIL":null,"CONTACTO":null,"HORARIOS":null,"PRECIOS":null,"TITULARIDAD":"MUNICIPAL","TARJETAJOVEN":"No","ACCESOPMR":"No","NROPLAZAS":"1","TOTALPLAZAS":2151}},{"type":"Feature","id":"da_aparcamientosMovilidadReducida.fid--175d4967_1a0508ab86c_75a","geometry":{"type":"Point","coordinates":[-4.361769,36.72418804,0]},"geometry_name":"SDOGEOMETRIA","properties":{"ID":66205,"NOMBRE":"APARCAPMR_1084","DESCRIPCION":"Esq. con Cl. El Palustre","DIRECCION":"CALLE ÁLAVA, 2 ","URL":null,"EMAIL":null,"CONTACTO":null,"HORARIOS":null,"PRECIOS":null,"TITULARIDAD":"MUNICIPAL","TARJETAJOVEN":"No","ACCESOPMR":"No","NROPLAZAS":"2","TOTALPLAZAS":2151}},{"type":"Feature","id":"da_aparcamientosMovilidadReducida.fid--175d4967_1a0508ab86c_75b","geometry":{"type":"Point","coordinates":[-4.511205,36.67239704,0]},"geometry_name":"SDOGEOMETRIA","properties":{"ID":66288,"NOMBRE":"APARCAPMR_817","DESCRIPCION":null,"DIRECCION":"CALLE DE ALONSO DE MUDARRA, 6 ","URL":null,"EMAIL":null,"CONTACTO":null,"HORARIOS":null,"PRECIOS":null,"TITULARIDAD":"MUNICIPAL","TARJETAJOVEN":"No","ACCESOPMR":"No","NROPLAZAS":"1","TOTALPLAZAS":2151}},{"type":"Feature","id":"da_aparcamientosMovilidadReducida.fid--175d4967_1a0508ab86c_75c","geometry":{"type":"Point","coordinates":[-4.35994685,36.72370169,0]},"geometry_name":"SDOGEOMETRIA","properties":{"ID":66684,"NOMBRE":"APARCAPMR_539","DESCRIPCION":"Esquina con c/ Villafuerte","DIRECCION":"CALLE EL PALUSTRE, 16 ","URL":null,"EMAIL":null,"CONTACTO":null,"HORARIOS":null,"PRECIOS":null,"TITULARIDAD":"MUNICIPAL","TARJETAJOVEN":"No","ACCESOPMR":"No","NROPLAZAS":"2","TOTALPLAZAS":2151}},{"type":"Feature","id":"da_aparcamientosMovilidadReducida.fid--175d4967_1a0508ab86c_75d","geometry":{"type":"Point","coordinates":[-4.360261,36.72525504,0]},"geometry_name":"SDOGEOMETRIA","properties":{"ID":66858,"NOMBRE":"APARCAPMR_975","DESCRIPCION":"A la altura del número 5","DIRECCION":"CALLE DON DIEGO DE MIRANDA, 5 ","URL":null,"EMAIL":null,"CONTACTO":null,"HORARIOS":null,"PRECIOS":null,"TITULARIDAD":"MUNICIPAL","TARJETAJOVEN":"No","ACCESOPMR":"No","NROPLAZAS":"1","TOTALPLAZAS":2151}},{"type":"Feature","id":"da_aparcamientosMovilidadReducida.fid--175d4967_1a0508ab86c_75e","geometry":{"type":"Point","coordinates":[-4.36403051,36.72250045,0]},"geometry_name":"SDOGEOMETRIA","properties":{"ID":66893,"NOMBRE":"APARCAPMR_599","DESCRIPCION":"Esquina con c/ Abogado Victoriano Frías","DIRECCION":"CALLE PANAMÁ, 5 ","URL":null,"EMAIL":null,"CONTACTO":null,"HORARIOS":null,"PRECIOS":null,"TITULARIDAD":"MUNICIPAL","TARJETAJOVEN":"No","ACCESOPMR":"No","NROPLAZAS":"2","TOTALPLAZAS":2151}},{"type":"Feature","id":"da_aparcamientosMovilidadReducida.fid--175d4967_1a0508ab86c_75f","geometry":{"type":"Point","coordinates":[-4.34878349,36.71716313,0]},"geometry_name":"SDOGEOMETRIA","properties":{"ID":67048,"NOMBRE":"APARCAPMR_313","DESCRIPCION":"Junto al Tintero. En la explanada del aparcamiento","DIRECCION":"CALLE PLAYA DEL CHANQUETE, 95 ","URL":null,"EMAIL":null,"CONTACTO":null,"HORARIOS":null,"PRECIOS":null,"TITULARIDAD":"MUNICIPAL","TARJETAJOVEN":"No","ACCESOPMR":"No","NROPLAZAS":"4","TOTALPLAZAS":2151}},{"type":"Feature","id":"da_aparcamientosMovilidadReducida.fid--175d4967_1a0508ab86c_760","geometry":{"type":"Point","coordinates":[-4.41525131,36.73140267,0]},"geometry_name":"SDOGEOMETRIA","properties":{"ID":66508,"NOMBRE":"APARCAPMR_518","DESCRIPCION":"Esquina con c/ Santa María Micaela","DIRECCION":"CALLE CRISTO DE LA EPIDEMIA, 77 ","URL":null,"EMAIL":null,"CONTACTO":null,"HORARIOS":null,"PRECIOS":null,"TITULARIDAD":"MUNICIPAL","TARJETAJOVEN":"No","ACCESOPMR":"No","NROPLAZAS":"2","TOTALPLAZAS":2151}},{"type":"Feature","id":"da_aparcamientosMovilidadReducida.fid--175d4967_1a0508ab86c_761","geometry":{"type":"Point","coordinates":[-4.41443581,36.73134767,0]},"geometry_name":"SDOGEOMETRIA","properties":{"ID":66435,"NOMBRE":"APARCAPMR_1160","DESCRIPCION":"Esq. Cl. Rodrigo de Ulloa","DIRECCION":"CALLE FERNANDO EL CATÓLICO, 56 ","URL":null,"EMAIL":null,"CONTACTO":null,"HORARIOS":null,"PRECIOS":null,"TITULARIDAD":"MUNICIPAL","TARJETAJOVEN":"No","ACCESOPMR":"No","NROPLAZAS":"1","TOTALPLAZAS":2151}},{"type":"Feature","id":"da_aparcamientosMovilidadReducida.fid--175d4967_1a0508ab86c_762","geometry":{"type":"Point","coordinates":[-4.41546723,36.7325409,0]},"geometry_name":"SDOGEOMETRIA","properties":{"ID":67012,"NOMBRE":"APARCAPMR_448","DESCRIPCION":"Esquina con c / Ramirez Madrid","DIRECCION":"CALLE CRISTO DE LA EPIDEMIA, 92 ","URL":null,"EMAIL":null,"CONTACTO":null,"HORARIOS":null,"PRECIOS":null,"TITULARIDAD":"MUNICIPAL","TARJETAJOVEN":"No","ACCESOPMR":"No","NROPLAZAS":"2","TOTALPLAZAS":2151}},{"type":"Feature","id":"da_aparcamientosMovilidadReducida.fid--175d4967_1a0508ab86c_763","geometry":{"type":"Point","coordinates":[-4.3595767,36.72479113,0]},"geometry_name":"SDOGEOMETRIA","properties":{"ID":66791,"NOMBRE":"APARCAPMR_413","DESCRIPCION":"A la altura del nº 9","DIRECCION":"CALLE DON DIEGO DE MIRANDA, 16 ","URL":null,"EMAIL":null,"CONTACTO":null,"HORARIOS":null,"PRECIOS":null,"TITULARIDAD":"MUNICIPAL","TARJETAJOVEN":"No","ACCESOPMR":"No","NROPLAZAS":"2","TOTALPLAZAS":2151}},{"type":"Feature","id":"da_aparcamientosMovilidadReducida.fid--175d4967_1a0508ab86c_764","geometry":{"type":"Point","coordinates":[-4.4162102,36.74496362,0]},"geometry_name":"SDOGEOMETRIA","properties":{"ID":67077,"NOMBRE":"APARCAPMR_354","DESCRIPCION":"A la altura del nº 18","DIRECCION":"CALLE MOSCATEL, 15 ","URL":null,"EMAIL":null,"CONTACTO":null,"HORARIOS":null,"PRECIOS":null,"TITULARIDAD":"MUNICIPAL","TARJETAJOVEN":"No","ACCESOPMR":"No","NROPLAZAS":"2","TOTALPLAZAS":2151}},{"type":"Feature","id":"da_aparcamientosMovilidadReducida.fid--175d4967_1a0508ab86c_765","geometry":{"type":"Point","coordinates":[-4.37066,36.73029604,0]},"geometry_name":"SDOGEOMETRIA","properties":{"ID":66233,"NOMBRE":"APARCAPMR_787","DESCRIPCION":"A la altura del centro ciudadano de La Mosca.","DIRECCION":"CALLE EUCALIPTUS, 48 ","URL":null,"EMAIL":null,"CONTACTO":null,"HORARIOS":null,"PRECIOS":null,"TITULARIDAD":"MUNICIPAL","TARJETAJOVEN":"No","ACCESOPMR":"No","NROPLAZAS":"1","TOTALPLAZAS":2151}},{"type":"Feature","id":"da_aparcamientosMovilidadReducida.fid--175d4967_1a0508ab86c_766","geometry":{"type":"Point","coordinates":[-4.37517975,36.72230695,0]},"geometry_name":"SDOGEOMETRIA","properties":{"ID":66161,"NOMBRE":"APARCAPMR_1238","DESCRIPCION":null,"DIRECCION":"AVENIDA DE JUAN SEBASTIÁN ELCANO, 66 ","URL":null,"EMAIL":null,"CONTACTO":null,"HORARIOS":null,"PRECIOS":null,"TITULARIDAD":"MUNICIPAL","TARJETAJOVEN":"No","ACCESOPMR":"No","NROPLAZAS":"1","TOTALPLAZAS":2151}},{"type":"Feature","id":"da_aparcamientosMovilidadReducida.fid--175d4967_1a0508ab86c_767","geometry":{"type":"Point","coordinates":[-4.41743732,36.74926096,0]},"geometry_name":"SDOGEOMETRIA","properties":{"ID":66537,"NOMBRE":"APARCAPMR_598","DESCRIPCION":"Frente al nº 18","DIRECCION":"CALLE ALCALDE NICOLÁS MAROTO, 18 ","URL":null,"EMAIL":null,"CONTACTO":null,"HORARIOS":null,"PRECIOS":null,"TITULARIDAD":"MUNICIPAL","TARJETAJOVEN":"No","ACCESOPMR":"No","NROPLAZAS":"1","TOTALPLAZAS":2151}},{"type":"Feature","id":"da_aparcamientosMovilidadReducida.fid--175d4967_1a0508ab86c_768","geometry":{"type":"Point","coordinates":[-4.41741183,36.72446919,0]},"geometry_name":"SDOGEOMETRIA","properties":{"ID":66921,"NOMBRE":"APARCAPMR_470","DESCRIPCION":"Esquina con c/ Huerto del Conde","DIRECCION":"CALLE FRAILES, 2 ","URL":null,"EMAIL":null,"CONTACTO":null,"HORARIOS":null,"PRECIOS":null,"TITULARIDAD":"MUNICIPAL","TARJETAJOVEN":"No","ACCESOPMR":"No","NROPLAZAS":"2","TOTALPLAZAS":2151}},{"type":"Feature","id":"da_aparcamientosMovilidadReducida.fid--175d4967_1a0508ab86c_769","geometry":{"type":"Point","coordinates":[-4.42458677,36.75005476,0]},"geometry_name":"SDOGEOMETRIA","properties":{"ID":78719,"NOMBRE":"APARCAPMR_1391","DESCRIPCION":"Avenida Jacinto Benavente N.º 11 esquina con el Puente del Conservatorio","DIRECCION":"AVENIDA DE JACINTO BENAVENTE, 11 ","URL":null,"EMAIL":null,"CONTACTO":null,"HORARIOS":null,"PRECIOS":null,"TITULARIDAD":"MUNICIPAL","TARJETAJOVEN":"No","ACCESOPMR":"No","NROPLAZAS":"1","TOTALPLAZAS":2151}},{"type":"Feature","id":"da_aparcamientosMovilidadReducida.fid--175d4967_1a0508ab86c_76a","geometry":{"type":"Point","coordinates":[-4.43271188,36.73960319,0]},"geometry_name":"SDOGEOMETRIA","properties":{"ID":76027,"NOMBRE":"APARCAPMR_1300","DESCRIPCION":"esquina con con la calle Guadalbullón","DIRECCION":"CALLE DEVA, 18 ","URL":null,"EMAIL":null,"CONTACTO":null,"HORARIOS":null,"PRECIOS":null,"TITULARIDAD":"MUNICIPAL","TARJETAJOVEN":"No","ACCESOPMR":"No","NROPLAZAS":"1","TOTALPLAZAS":2151}},{"type":"Feature","id":"da_aparcamientosMovilidadReducida.fid--175d4967_1a0508ab86c_76b","geometry":{"type":"Point","coordinates":[-4.42299753,36.71577688,0]},"geometry_name":"SDOGEOMETRIA","properties":{"ID":66518,"NOMBRE":"APARCAPMR_529","DESCRIPCION":"Esquina con c/ Tomás Heredia","DIRECCION":"CALLE BARROSO, 8 ","URL":null,"EMAIL":null,"CONTACTO":null,"HORARIOS":null,"PRECIOS":null,"TITULARIDAD":"MUNICIPAL","TARJETAJOVEN":"No","ACCESOPMR":"No","NROPLAZAS":"1","TOTALPLAZAS":2151}},{"type":"Feature","id":"da_aparcamientosMovilidadReducida.fid--175d4967_1a0508ab86c_76c","geometry":{"type":"Point","coordinates":[-4.418596,36.74989604,0]},"geometry_name":"SDOGEOMETRIA","properties":{"ID":66261,"NOMBRE":"APARCAPMR_1074","DESCRIPCION":null,"DIRECCION":"CALLE ALCALDE JOAQUÍN QUILES, 19 ","URL":null,"EMAIL":null,"CONTACTO":null,"HORARIOS":null,"PRECIOS":null,"TITULARIDAD":"MUNICIPAL","TARJETAJOVEN":"No","ACCESOPMR":"No","NROPLAZAS":"2","TOTALPLAZAS":2151}},{"type":"Feature","id":"da_aparcamientosMovilidadReducida.fid--175d4967_1a0508ab86c_76d","geometry":{"type":"Point","coordinates":[-4.41926323,36.74966769,0]},"geometry_name":"SDOGEOMETRIA","properties":{"ID":67070,"NOMBRE":"APARCAPMR_345","DESCRIPCION":"A la altura del nº 2","DIRECCION":"CALLE ALCALDE JOAQUÍN QUILES, 17 ","URL":null,"EMAIL":null,"CONTACTO":null,"HORARIOS":null,"PRECIOS":null,"TITULARIDAD":"MUNICIPAL","TARJETAJOVEN":"No","ACCESOPMR":"No","NROPLAZAS":"1","TOTALPLAZAS":2151}},{"type":"Feature","id":"da_aparcamientosMovilidadReducida.fid--175d4967_1a0508ab86c_76e","geometry":{"type":"Point","coordinates":[-4.419208,36.74969304,0]},"geometry_name":"SDOGEOMETRIA","properties":{"ID":66303,"NOMBRE":"APARCAPMR_844","DESCRIPCION":null,"DIRECCION":"CALLE ALCALDE JOAQUÍN QUILES, 17 ","URL":null,"EMAIL":null,"CONTACTO":null,"HORARIOS":null,"PRECIOS":null,"TITULARIDAD":"MUNICIPAL","TARJETAJOVEN":"No","ACCESOPMR":"No","NROPLAZAS":"1","TOTALPLAZAS":2151}},{"type":"Feature","id":"da_aparcamientosMovilidadReducida.fid--175d4967_1a0508ab86c_76f","geometry":{"type":"Point","coordinates":[-4.42164235,36.7495511,0]},"geometry_name":"SDOGEOMETRIA","properties":{"ID":66536,"NOMBRE":"APARCAPMR_646","DESCRIPCION":"Esquina con c/ Saxofón","DIRECCION":"CALLE ALCALDE JOAQUÍN QUILES, 1 ","URL":null,"EMAIL":null,"CONTACTO":null,"HORARIOS":null,"PRECIOS":null,"TITULARIDAD":"MUNICIPAL","TARJETAJOVEN":"No","ACCESOPMR":"No","NROPLAZAS":"2","TOTALPLAZAS":2151}},{"type":"Feature","id":"da_aparcamientosMovilidadReducida.fid--175d4967_1a0508ab86c_770","geometry":{"type":"Point","coordinates":[-4.421059,36.74157404,0]},"geometry_name":"SDOGEOMETRIA","properties":{"ID":66852,"NOMBRE":"APARCAPMR_988","DESCRIPCION":"Esquina con Cl. Antonio Vico","DIRECCION":"CALLE EMILIO OREJÓN, 19 ","URL":null,"EMAIL":null,"CONTACTO":null,"HORARIOS":null,"PRECIOS":null,"TITULARIDAD":"MUNICIPAL","TARJETAJOVEN":"No","ACCESOPMR":"No","NROPLAZAS":"1","TOTALPLAZAS":2151}},{"type":"Feature","id":"da_aparcamientosMovilidadReducida.fid--175d4967_1a0508ab86c_771","geometry":{"type":"Point","coordinates":[-4.40526677,36.7263059,0]},"geometry_name":"SDOGEOMETRIA","properties":{"ID":74585,"NOMBRE":"APARCAPMR_719","DESCRIPCION":null,"DIRECCION":"PASEO DE SALVADOR RUEDA, 61 ","URL":null,"EMAIL":null,"CONTACTO":null,"HORARIOS":null,"PRECIOS":null,"TITULARIDAD":"MUNICIPAL","TARJETAJOVEN":"No","ACCESOPMR":"No","NROPLAZAS":"1","TOTALPLAZAS":2151}},{"type":"Feature","id":"da_aparcamientosMovilidadReducida.fid--175d4967_1a0508ab86c_772","geometry":{"type":"Point","coordinates":[-4.42844078,36.7518551,0]},"geometry_name":"SDOGEOMETRIA","properties":{"ID":76286,"NOMBRE":"APARCAPMR_1320","DESCRIPCION":"Avenida Jane Bowles esquina con la Plaza Jacques Cousteau","DIRECCION":"AVENIDA DE JANE BOWLES, 42 ","URL":null,"EMAIL":null,"CONTACTO":null,"HORARIOS":null,"PRECIOS":null,"TITULARIDAD":"MUNICIPAL","TARJETAJOVEN":"No","ACCESOPMR":"No","NROPLAZAS":"2","TOTALPLAZAS":2151}},{"type":"Feature","id":"da_aparcamientosMovilidadReducida.fid--175d4967_1a0508ab86c_773","geometry":{"type":"Point","coordinates":[-4.41361964,36.71553769,0]},"geometry_name":"SDOGEOMETRIA","properties":{"ID":66826,"NOMBRE":"APARCAPMR_1170","DESCRIPCION":null,"DIRECCION":"PASEO DE LA FAROLA, 16 ","URL":null,"EMAIL":null,"CONTACTO":null,"HORARIOS":null,"PRECIOS":null,"TITULARIDAD":"MUNICIPAL","TARJETAJOVEN":"No","ACCESOPMR":"No","NROPLAZAS":"2","TOTALPLAZAS":2151}},{"type":"Feature","id":"da_aparcamientosMovilidadReducida.fid--175d4967_1a0508ab86c_774","geometry":{"type":"Point","coordinates":[-4.41211088,36.71874659,0]},"geometry_name":"SDOGEOMETRIA","properties":{"ID":66827,"NOMBRE":"APARCAPMR_1171","DESCRIPCION":null,"DIRECCION":"PASEO DE LA FAROLA, 5 ","URL":null,"EMAIL":null,"CONTACTO":null,"HORARIOS":null,"PRECIOS":null,"TITULARIDAD":"MUNICIPAL","TARJETAJOVEN":"No","ACCESOPMR":"No","NROPLAZAS":"1","TOTALPLAZAS":2151}},{"type":"Feature","id":"da_aparcamientosMovilidadReducida.fid--175d4967_1a0508ab86c_775","geometry":{"type":"Point","coordinates":[-4.42448618,36.75092067,4068187.69495477]},"geometry_name":"SDOGEOMETRIA","properties":{"ID":80931,"NOMBRE":"APARCAPMR_733","DESCRIPCION":null,"DIRECCION":"AVENIDA DE JACINTO BENAVENTE, 18 ","URL":null,"EMAIL":null,"CONTACTO":null,"HORARIOS":null,"PRECIOS":null,"TITULARIDAD":"MUNICIPAL","TARJETAJOVEN":"No","ACCESOPMR":"No","NROPLAZAS":"2","TOTALPLAZAS":2151}},{"type":"Feature","id":"da_aparcamientosMovilidadReducida.fid--175d4967_1a0508ab86c_776","geometry":{"type":"Point","coordinates":[-4.41188609,36.72071116,0]},"geometry_name":"SDOGEOMETRIA","properties":{"ID":66910,"NOMBRE":"APARCAPMR_433","DESCRIPCION":"Esquina con Paseo de Reding","DIRECCION":"PLAZA DEL GENERAL TORRIJOS, 1 ","URL":null,"EMAIL":null,"CONTACTO":null,"HORARIOS":null,"PRECIOS":null,"TITULARIDAD":"MUNICIPAL","TARJETAJOVEN":"No","ACCESOPMR":"No","NROPLAZAS":"2","TOTALPLAZAS":2151}},{"type":"Feature","id":"da_aparcamientosMovilidadReducida.fid--175d4967_1a0508ab86c_777","geometry":{"type":"Point","coordinates":[-4.42754129,36.75013074,0]},"geometry_name":"SDOGEOMETRIA","properties":{"ID":78856,"NOMBRE":"APARCAPMR_1409","DESCRIPCION":"esquina con C/ Debussy","DIRECCION":"AVENIDA DE JANE BOWLES, 27 ","URL":null,"EMAIL":null,"CONTACTO":null,"HORARIOS":null,"PRECIOS":null,"TITULARIDAD":"MUNICIPAL","TARJETAJOVEN":"No","ACCESOPMR":"No","NROPLAZAS":"1","TOTALPLAZAS":2151}},{"type":"Feature","id":"da_aparcamientosMovilidadReducida.fid--175d4967_1a0508ab86c_778","geometry":{"type":"Point","coordinates":[-4.42947483,36.73933033,0]},"geometry_name":"SDOGEOMETRIA","properties":{"ID":67119,"NOMBRE":"APARCAPMR_021","DESCRIPCION":"Esquina con c/ Doctor Salguero Morales","DIRECCION":"CALLE DOCTOR SALGUERO MORALES, 12 ","URL":null,"EMAIL":null,"CONTACTO":null,"HORARIOS":null,"PRECIOS":null,"TITULARIDAD":"MUNICIPAL","TARJETAJOVEN":"No","ACCESOPMR":"No","NROPLAZAS":"2","TOTALPLAZAS":2151}},{"type":"Feature","id":"da_aparcamientosMovilidadReducida.fid--175d4967_1a0508ab86c_779","geometry":{"type":"Point","coordinates":[-4.41106707,36.72960016,0]},"geometry_name":"SDOGEOMETRIA","properties":{"ID":66918,"NOMBRE":"APARCAPMR_456","DESCRIPCION":"A la altura del nº 25","DIRECCION":"CALLE CONDE DE UREÑA, 22 ","URL":null,"EMAIL":null,"CONTACTO":null,"HORARIOS":null,"PRECIOS":null,"TITULARIDAD":"MUNICIPAL","TARJETAJOVEN":"No","ACCESOPMR":"No","NROPLAZAS":"1","TOTALPLAZAS":2151}},{"type":"Feature","id":"da_aparcamientosMovilidadReducida.fid--175d4967_1a0508ab86c_77a","geometry":{"type":"Point","coordinates":[-4.42011592,36.75153454,0]},"geometry_name":"SDOGEOMETRIA","properties":{"ID":66674,"NOMBRE":"APARCAPMR_1178","DESCRIPCION":"Esq. C/Quintanar","DIRECCION":"CALLE ESCULTOR MARIANO BENLLIURE, 9 ","URL":null,"EMAIL":null,"CONTACTO":null,"HORARIOS":null,"PRECIOS":null,"TITULARIDAD":"MUNICIPAL","TARJETAJOVEN":"No","ACCESOPMR":"No","NROPLAZAS":"2","TOTALPLAZAS":2151}},{"type":"Feature","id":"da_aparcamientosMovilidadReducida.fid--175d4967_1a0508ab86c_77b","geometry":{"type":"Point","coordinates":[-4.4321056,36.73872844,0]},"geometry_name":"SDOGEOMETRIA","properties":{"ID":67290,"NOMBRE":"APARCAPMR_078","DESCRIPCION":"Aparcamientos","DIRECCION":"CALLE DEVA, 14 ","URL":null,"EMAIL":null,"CONTACTO":null,"HORARIOS":null,"PRECIOS":null,"TITULARIDAD":"MUNICIPAL","TARJETAJOVEN":"No","ACCESOPMR":"No","NROPLAZAS":"2","TOTALPLAZAS":2151}},{"type":"Feature","id":"da_aparcamientosMovilidadReducida.fid--175d4967_1a0508ab86c_77c","geometry":{"type":"Point","coordinates":[-4.43232358,36.73927321,0]},"geometry_name":"SDOGEOMETRIA","properties":{"ID":67118,"NOMBRE":"APARCAPMR_019","DESCRIPCION":"Aparcamientos","DIRECCION":"CALLE DEVA, 16 ","URL":null,"EMAIL":null,"CONTACTO":null,"HORARIOS":null,"PRECIOS":null,"TITULARIDAD":"MUNICIPAL","TARJETAJOVEN":"No","ACCESOPMR":"No","NROPLAZAS":"2","TOTALPLAZAS":2151}},{"type":"Feature","id":"da_aparcamientosMovilidadReducida.fid--175d4967_1a0508ab86c_77d","geometry":{"type":"Point","coordinates":[-4.41965282,36.75141008,0]},"geometry_name":"SDOGEOMETRIA","properties":{"ID":66181,"NOMBRE":"APARCAPMR_732","DESCRIPCION":"A la altura del nº 9","DIRECCION":"CALLE EL COPO, 9 ","URL":null,"EMAIL":null,"CONTACTO":null,"HORARIOS":null,"PRECIOS":null,"TITULARIDAD":"MUNICIPAL","TARJETAJOVEN":"No","ACCESOPMR":"No","NROPLAZAS":"2","TOTALPLAZAS":2151}},{"type":"Feature","id":"da_aparcamientosMovilidadReducida.fid--175d4967_1a0508ab86c_77e","geometry":{"type":"Point","coordinates":[-4.45550023,36.72230566,0]},"geometry_name":"SDOGEOMETRIA","properties":{"ID":80629,"NOMBRE":"APARCAPMR_1449","DESCRIPCION":"C/ Martín de la Plaza esquina con C/ Ortega Prados","DIRECCION":"CALLE MARTÍN DE LA PLAZA, 13 ","URL":null,"EMAIL":null,"CONTACTO":null,"HORARIOS":null,"PRECIOS":null,"TITULARIDAD":"MUNICIPAL","TARJETAJOVEN":"No","ACCESOPMR":"No","NROPLAZAS":"1","TOTALPLAZAS":2151}},{"type":"Feature","id":"da_aparcamientosMovilidadReducida.fid--175d4967_1a0508ab86c_77f","geometry":{"type":"Point","coordinates":[-4.44902137,36.73257919,0]},"geometry_name":"SDOGEOMETRIA","properties":{"ID":75828,"NOMBRE":"APARCAPMR_1305","DESCRIPCION":null,"DIRECCION":"CALLE HIPÓCRATES, 3 ","URL":null,"EMAIL":null,"CONTACTO":null,"HORARIOS":null,"PRECIOS":null,"TITULARIDAD":"MUNICIPAL","TARJETAJOVEN":"No","ACCESOPMR":"No","NROPLAZAS":"2","TOTALPLAZAS":2151}},{"type":"Feature","id":"da_aparcamientosMovilidadReducida.fid--175d4967_1a0508ab86c_780","geometry":{"type":"Point","coordinates":[-4.44814947,36.73164526,0]},"geometry_name":"SDOGEOMETRIA","properties":{"ID":66437,"NOMBRE":"APARCAPMR_1189","DESCRIPCION":null,"DIRECCION":"CALLE HIPÓCRATES, 1 ","URL":null,"EMAIL":null,"CONTACTO":null,"HORARIOS":null,"PRECIOS":null,"TITULARIDAD":"MUNICIPAL","TARJETAJOVEN":"No","ACCESOPMR":"No","NROPLAZAS":"1","TOTALPLAZAS":2151}},{"type":"Feature","id":"da_aparcamientosMovilidadReducida.fid--175d4967_1a0508ab86c_781","geometry":{"type":"Point","coordinates":[-4.44153093,36.69278147,0]},"geometry_name":"SDOGEOMETRIA","properties":{"ID":66425,"NOMBRE":"APARCAPMR_642","DESCRIPCION":"Esquina con c/ Milagrosa","DIRECCION":"CALLE OMAR, 24 ","URL":null,"EMAIL":null,"CONTACTO":null,"HORARIOS":null,"PRECIOS":null,"TITULARIDAD":"MUNICIPAL","TARJETAJOVEN":"No","ACCESOPMR":"No","NROPLAZAS":"1","TOTALPLAZAS":2151}},{"type":"Feature","id":"da_aparcamientosMovilidadReducida.fid--175d4967_1a0508ab86c_782","geometry":{"type":"Point","coordinates":[-4.4666687,36.72420494,0]},"geometry_name":"SDOGEOMETRIA","properties":{"ID":67004,"NOMBRE":"APARCAPMR_435","DESCRIPCION":"A la altura del nº 6","DIRECCION":"CALLE JOSÉ CARMONA, 6 ","URL":null,"EMAIL":null,"CONTACTO":null,"HORARIOS":null,"PRECIOS":null,"TITULARIDAD":"MUNICIPAL","TARJETAJOVEN":"No","ACCESOPMR":"No","NROPLAZAS":"1","TOTALPLAZAS":2151}},{"type":"Feature","id":"da_aparcamientosMovilidadReducida.fid--175d4967_1a0508ab86c_783","geometry":{"type":"Point","coordinates":[-4.45694625,36.69192601,0]},"geometry_name":"SDOGEOMETRIA","properties":{"ID":66793,"NOMBRE":"APARCAPMR_590","DESCRIPCION":"A la altura del nº 1","DIRECCION":"CALLE JUAN MARTÍNEZ MONTAÑÉS, 1 ","URL":null,"EMAIL":null,"CONTACTO":null,"HORARIOS":null,"PRECIOS":null,"TITULARIDAD":"MUNICIPAL","TARJETAJOVEN":"No","ACCESOPMR":"No","NROPLAZAS":"1","TOTALPLAZAS":2151}},{"type":"Feature","id":"da_aparcamientosMovilidadReducida.fid--175d4967_1a0508ab86c_784","geometry":{"type":"Point","coordinates":[-4.46258162,36.72141281,0]},"geometry_name":"SDOGEOMETRIA","properties":{"ID":76806,"NOMBRE":"APARCAPMR_1206","DESCRIPCION":null,"DIRECCION":"CALLE JUAN DE ROBLES, 57 ","URL":null,"EMAIL":null,"CONTACTO":null,"HORARIOS":null,"PRECIOS":null,"TITULARIDAD":"MUNICIPAL","TARJETAJOVEN":"No","ACCESOPMR":"No","NROPLAZAS":"1","TOTALPLAZAS":2151}},{"type":"Feature","id":"da_aparcamientosMovilidadReducida.fid--175d4967_1a0508ab86c_785","geometry":{"type":"Point","coordinates":[-4.45749208,36.72327226,0]},"geometry_name":"SDOGEOMETRIA","properties":{"ID":67179,"NOMBRE":"APARCAPMR_224","DESCRIPCION":"Esquina con Cl. Juan de Robles","DIRECCION":"CALLE JUAN DE ROBLES, 16 ","URL":null,"EMAIL":null,"CONTACTO":null,"HORARIOS":null,"PRECIOS":null,"TITULARIDAD":"MUNICIPAL","TARJETAJOVEN":"No","ACCESOPMR":"No","NROPLAZAS":"3","TOTALPLAZAS":2151}},{"type":"Feature","id":"da_aparcamientosMovilidadReducida.fid--175d4967_1a0508ab86c_786","geometry":{"type":"Point","coordinates":[-4.55087185,36.72684635,0]},"geometry_name":"SDOGEOMETRIA","properties":{"ID":67274,"NOMBRE":"APARCAPMR_485","DESCRIPCION":"A la altura del nº 45","DIRECCION":"CALLE FAUSTO, 45 ","URL":null,"EMAIL":null,"CONTACTO":null,"HORARIOS":null,"PRECIOS":null,"TITULARIDAD":"MUNICIPAL","TARJETAJOVEN":"No","ACCESOPMR":"No","NROPLAZAS":"2","TOTALPLAZAS":2151}},{"type":"Feature","id":"da_aparcamientosMovilidadReducida.fid--175d4967_1a0508ab86c_787","geometry":{"type":"Point","coordinates":[-4.4411864,36.70928084,0]},"geometry_name":"SDOGEOMETRIA","properties":{"ID":66130,"NOMBRE":"APARCAPMR_828","DESCRIPCION":"Esquina con c/ Reboul.","DIRECCION":"CALLE GREGORIO DE FRÍAS, 1 ","URL":null,"EMAIL":null,"CONTACTO":null,"HORARIOS":null,"PRECIOS":null,"TITULARIDAD":"MUNICIPAL","TARJETAJOVEN":"No","ACCESOPMR":"No","NROPLAZAS":"1","TOTALPLAZAS":2151}},{"type":"Feature","id":"da_aparcamientosMovilidadReducida.fid--175d4967_1a0508ab86c_788","geometry":{"type":"Point","coordinates":[-4.46267361,36.71426186,0]},"geometry_name":"SDOGEOMETRIA","properties":{"ID":76804,"NOMBRE":"APARCAPMR_1277","DESCRIPCION":null,"DIRECCION":"CALLE FISCAL LUIS PORTERO GARCÍA, 12 ","URL":null,"EMAIL":null,"CONTACTO":null,"HORARIOS":null,"PRECIOS":null,"TITULARIDAD":"MUNICIPAL","TARJETAJOVEN":"No","ACCESOPMR":"No","NROPLAZAS":"2","TOTALPLAZAS":2151}},{"type":"Feature","id":"da_aparcamientosMovilidadReducida.fid--175d4967_1a0508ab86c_789","geometry":{"type":"Point","coordinates":[-4.436556,36.72036004,0]},"geometry_name":"SDOGEOMETRIA","properties":{"ID":66244,"NOMBRE":"APARCAPMR_779","DESCRIPCION":null,"DIRECCION":"CALLE MONSEÑOR CARRILLO RUBIO, 18 ","URL":null,"EMAIL":null,"CONTACTO":null,"HORARIOS":null,"PRECIOS":null,"TITULARIDAD":"MUNICIPAL","TARJETAJOVEN":"No","ACCESOPMR":"No","NROPLAZAS":"1","TOTALPLAZAS":2151}},{"type":"Feature","id":"da_aparcamientosMovilidadReducida.fid--175d4967_1a0508ab86c_78a","geometry":{"type":"Point","coordinates":[-4.46091763,36.71894683,0]},"geometry_name":"SDOGEOMETRIA","properties":{"ID":80977,"NOMBRE":"APARCAPMR_223_","DESCRIPCION":null,"DIRECCION":"CALLE BÉLA BÁRTOK, 5 ","URL":null,"EMAIL":null,"CONTACTO":null,"HORARIOS":null,"PRECIOS":null,"TITULARIDAD":"MUNICIPAL","TARJETAJOVEN":"No","ACCESOPMR":"No","NROPLAZAS":"1","TOTALPLAZAS":2151}},{"type":"Feature","id":"da_aparcamientosMovilidadReducida.fid--175d4967_1a0508ab86c_78b","geometry":{"type":"Point","coordinates":[-4.46297615,36.72457981,0]},"geometry_name":"SDOGEOMETRIA","properties":{"ID":66234,"NOMBRE":"APARCAPMR_773","DESCRIPCION":"En el lateral del Parque.","DIRECCION":"CALLE ORSON WELLES, 18 ","URL":null,"EMAIL":null,"CONTACTO":null,"HORARIOS":null,"PRECIOS":null,"TITULARIDAD":"MUNICIPAL","TARJETAJOVEN":"No","ACCESOPMR":"No","NROPLAZAS":"1","TOTALPLAZAS":2151}},{"type":"Feature","id":"da_aparcamientosMovilidadReducida.fid--175d4967_1a0508ab86c_78c","geometry":{"type":"Point","coordinates":[-4.43275371,36.71883434,0]},"geometry_name":"SDOGEOMETRIA","properties":{"ID":66436,"NOMBRE":"APARCAPMR_1187","DESCRIPCION":null,"DIRECCION":"CALLE ESPERANTO, 8 ","URL":null,"EMAIL":null,"CONTACTO":null,"HORARIOS":null,"PRECIOS":null,"TITULARIDAD":"MUNICIPAL","TARJETAJOVEN":"No","ACCESOPMR":"No","NROPLAZAS":"3","TOTALPLAZAS":2151}},{"type":"Feature","id":"da_aparcamientosMovilidadReducida.fid--175d4967_1a0508ab86c_78d","geometry":{"type":"Point","coordinates":[-4.46125254,36.72555808,0]},"geometry_name":"SDOGEOMETRIA","properties":{"ID":67003,"NOMBRE":"APARCAPMR_432","DESCRIPCION":"Esquina con Cl. Navarro Ledesma","DIRECCION":"CALLE MESONERO ROMANOS, 2 ","URL":null,"EMAIL":null,"CONTACTO":null,"HORARIOS":null,"PRECIOS":null,"TITULARIDAD":"MUNICIPAL","TARJETAJOVEN":"No","ACCESOPMR":"No","NROPLAZAS":"2","TOTALPLAZAS":2151}},{"type":"Feature","id":"da_aparcamientosMovilidadReducida.fid--175d4967_1a0508ab86c_78e","geometry":{"type":"Point","coordinates":[-4.46079149,36.71527926,0]},"geometry_name":"SDOGEOMETRIA","properties":{"ID":76805,"NOMBRE":"APARCAPMR_1276","DESCRIPCION":null,"DIRECCION":"CALLE FISCAL LUIS PORTERO GARCÍA, 11 ","URL":null,"EMAIL":null,"CONTACTO":null,"HORARIOS":null,"PRECIOS":null,"TITULARIDAD":"MUNICIPAL","TARJETAJOVEN":"No","ACCESOPMR":"No","NROPLAZAS":"3","TOTALPLAZAS":2151}},{"type":"Feature","id":"da_aparcamientosMovilidadReducida.fid--175d4967_1a0508ab86c_78f","geometry":{"type":"Point","coordinates":[-4.4549606,36.71237064,0]},"geometry_name":"SDOGEOMETRIA","properties":{"ID":66249,"NOMBRE":"APARCAPMR_801","DESCRIPCION":"Calle Tomás Moro esquina calle Manuel Bartolome de Cossio","DIRECCION":"CALLE TOMÁS MORO, 50 ","URL":null,"EMAIL":null,"CONTACTO":null,"HORARIOS":null,"PRECIOS":null,"TITULARIDAD":"MUNICIPAL","TARJETAJOVEN":"No","ACCESOPMR":"No","NROPLAZAS":"1","TOTALPLAZAS":2151}},{"type":"Feature","id":"da_aparcamientosMovilidadReducida.fid--175d4967_1a0508ab86c_790","geometry":{"type":"Point","coordinates":[-4.46149796,36.72150181,0]},"geometry_name":"SDOGEOMETRIA","properties":{"ID":66876,"NOMBRE":"APARCAPMR_616","DESCRIPCION":"Esquina con c/ Juan de Robles","DIRECCION":"CALLE JUAN DE ROBLES, 55 ","URL":null,"EMAIL":null,"CONTACTO":null,"HORARIOS":null,"PRECIOS":null,"TITULARIDAD":"MUNICIPAL","TARJETAJOVEN":"No","ACCESOPMR":"No","NROPLAZAS":"1","TOTALPLAZAS":2151}},{"type":"Feature","id":"da_aparcamientosMovilidadReducida.fid--175d4967_1a0508ab86c_791","geometry":{"type":"Point","coordinates":[-4.460743,36.72175804,0]},"geometry_name":"SDOGEOMETRIA","properties":{"ID":66371,"NOMBRE":"APARCAPMR_911","DESCRIPCION":null,"DIRECCION":"CALLE JUAN DE ROBLES, 28 ","URL":null,"EMAIL":null,"CONTACTO":null,"HORARIOS":null,"PRECIOS":null,"TITULARIDAD":"MUNICIPAL","TARJETAJOVEN":"No","ACCESOPMR":"No","NROPLAZAS":"1","TOTALPLAZAS":2151}},{"type":"Feature","id":"da_aparcamientosMovilidadReducida.fid--175d4967_1a0508ab86c_792","geometry":{"type":"Point","coordinates":[-4.443106,36.69966304,0]},"geometry_name":"SDOGEOMETRIA","properties":{"ID":66750,"NOMBRE":"APARCAPMR_915","DESCRIPCION":null,"DIRECCION":"CALLE JORGE GUILLÉN, 24 ","URL":null,"EMAIL":null,"CONTACTO":null,"HORARIOS":null,"PRECIOS":null,"TITULARIDAD":"MUNICIPAL","TARJETAJOVEN":"No","ACCESOPMR":"No","NROPLAZAS":"1","TOTALPLAZAS":2151}},{"type":"Feature","id":"da_aparcamientosMovilidadReducida.fid--175d4967_1a0508ab86c_793","geometry":{"type":"Point","coordinates":[-4.42749595,36.71030616,0]},"geometry_name":"SDOGEOMETRIA","properties":{"ID":66270,"NOMBRE":"APARCAPMR_1169","DESCRIPCION":"Esq. Paseo Antonio Machado","DIRECCION":"CALLE JACINTO VERDAGUER, 1 ","URL":null,"EMAIL":null,"CONTACTO":null,"HORARIOS":null,"PRECIOS":null,"TITULARIDAD":"MUNICIPAL","TARJETAJOVEN":"No","ACCESOPMR":"No","NROPLAZAS":"3","TOTALPLAZAS":2151}},{"type":"Feature","id":"da_aparcamientosMovilidadReducida.fid--175d4967_1a0508ab86c_794","geometry":{"type":"Point","coordinates":[-4.4415953,36.71040577,0]},"geometry_name":"SDOGEOMETRIA","properties":{"ID":67145,"NOMBRE":"APARCAPMR_298","DESCRIPCION":"Esquina con Cl. Almanzor","DIRECCION":"CALLE ALMANZOR, 2 ","URL":null,"EMAIL":null,"CONTACTO":null,"HORARIOS":null,"PRECIOS":null,"TITULARIDAD":"MUNICIPAL","TARJETAJOVEN":"No","ACCESOPMR":"No","NROPLAZAS":"1","TOTALPLAZAS":2151}},{"type":"Feature","id":"da_aparcamientosMovilidadReducida.fid--175d4967_1a0508ab86c_795","geometry":{"type":"Point","coordinates":[-4.44253848,36.72995253,0]},"geometry_name":"SDOGEOMETRIA","properties":{"ID":81007,"NOMBRE":"APARCAPMR_1466","DESCRIPCION":null,"DIRECCION":"AVENIDA DE MIRAFLORES DE LOS ÁNGELES, 7 ","URL":null,"EMAIL":null,"CONTACTO":null,"HORARIOS":null,"PRECIOS":null,"TITULARIDAD":"MUNICIPAL","TARJETAJOVEN":"No","ACCESOPMR":"No","NROPLAZAS":"1","TOTALPLAZAS":2151}},{"type":"Feature","id":"da_aparcamientosMovilidadReducida.fid--175d4967_1a0508ab86c_796","geometry":{"type":"Point","coordinates":[-4.4524579,36.71621326,0]},"geometry_name":"SDOGEOMETRIA","properties":{"ID":67162,"NOMBRE":"APARCAPMR_348","DESCRIPCION":"A la altura del nº 6","DIRECCION":"CALLE CORREGIDOR JERÓNIMO VALENZUELA, 10 ","URL":null,"EMAIL":null,"CONTACTO":null,"HORARIOS":null,"PRECIOS":null,"TITULARIDAD":"MUNICIPAL","TARJETAJOVEN":"No","ACCESOPMR":"No","NROPLAZAS":"2","TOTALPLAZAS":2151}},{"type":"Feature","id":"da_aparcamientosMovilidadReducida.fid--175d4967_1a0508ab86c_797","geometry":{"type":"Point","coordinates":[-4.45051767,36.7307137,0]},"geometry_name":"SDOGEOMETRIA","properties":{"ID":66900,"NOMBRE":"APARCAPMR_615","DESCRIPCION":"Esquina con c/ Llano. Frente al nº 3","DIRECCION":"CALLE GERARDO DIEGO, 1 ","URL":null,"EMAIL":null,"CONTACTO":null,"HORARIOS":null,"PRECIOS":null,"TITULARIDAD":"MUNICIPAL","TARJETAJOVEN":"No","ACCESOPMR":"No","NROPLAZAS":"1","TOTALPLAZAS":2151}},{"type":"Feature","id":"da_aparcamientosMovilidadReducida.fid--175d4967_1a0508ab86c_798","geometry":{"type":"Point","coordinates":[-4.44341183,36.70043393,0]},"geometry_name":"SDOGEOMETRIA","properties":{"ID":66902,"NOMBRE":"APARCAPMR_667","DESCRIPCION":"Frente al nº 7","DIRECCION":"CALLE JOSÉ CROOKE, 3 ","URL":null,"EMAIL":null,"CONTACTO":null,"HORARIOS":null,"PRECIOS":null,"TITULARIDAD":"MUNICIPAL","TARJETAJOVEN":"No","ACCESOPMR":"No","NROPLAZAS":"1","TOTALPLAZAS":2151}},{"type":"Feature","id":"da_aparcamientosMovilidadReducida.fid--175d4967_1a0508ab86c_799","geometry":{"type":"Point","coordinates":[-4.44337242,36.7006311,0]},"geometry_name":"SDOGEOMETRIA","properties":{"ID":80921,"NOMBRE":"APARCAPMR_668","DESCRIPCION":null,"DIRECCION":"CALLE JOSÉ CROOKE, 3 ","URL":null,"EMAIL":null,"CONTACTO":null,"HORARIOS":null,"PRECIOS":null,"TITULARIDAD":"MUNICIPAL","TARJETAJOVEN":"No","ACCESOPMR":"No","NROPLAZAS":"1","TOTALPLAZAS":2151}},{"type":"Feature","id":"da_aparcamientosMovilidadReducida.fid--175d4967_1a0508ab86c_79a","geometry":{"type":"Point","coordinates":[-4.433562,36.70685804,0]},"geometry_name":"SDOGEOMETRIA","properties":{"ID":66382,"NOMBRE":"APARCAPMR_980","DESCRIPCION":"Esquina con calle Maria Villanueva Gallego","DIRECCION":"CALLE LEOPOLDO ALAS \"CLARÍN\", 9 ","URL":null,"EMAIL":null,"CONTACTO":null,"HORARIOS":null,"PRECIOS":null,"TITULARIDAD":"MUNICIPAL","TARJETAJOVEN":"No","ACCESOPMR":"No","NROPLAZAS":"1","TOTALPLAZAS":2151}},{"type":"Feature","id":"da_aparcamientosMovilidadReducida.fid--175d4967_1a0508ab86c_79b","geometry":{"type":"Point","coordinates":[-4.44794342,36.70370802,0]},"geometry_name":"SDOGEOMETRIA","properties":{"ID":66391,"NOMBRE":"APARCAPMR_647","DESCRIPCION":"Esquina con Cl. Pozo Máximo","DIRECCION":"CALLE CANÓNIGO FERNÁNDEZ DE ÁVILA, 4 ","URL":null,"EMAIL":null,"CONTACTO":null,"HORARIOS":null,"PRECIOS":null,"TITULARIDAD":"MUNICIPAL","TARJETAJOVEN":"No","ACCESOPMR":"No","NROPLAZAS":"1","TOTALPLAZAS":2151}},{"type":"Feature","id":"da_aparcamientosMovilidadReducida.fid--175d4967_1a0508ab86c_79c","geometry":{"type":"Point","coordinates":[-4.43571255,36.72324162,0]},"geometry_name":"SDOGEOMETRIA","properties":{"ID":66794,"NOMBRE":"APARCAPMR_561","DESCRIPCION":"Esquina con Cl. Eugenio Gross","DIRECCION":"CALLE EUGENIO GROSS, 9 ","URL":null,"EMAIL":null,"CONTACTO":null,"HORARIOS":null,"PRECIOS":null,"TITULARIDAD":"MUNICIPAL","TARJETAJOVEN":"No","ACCESOPMR":"No","NROPLAZAS":"2","TOTALPLAZAS":2151}},{"type":"Feature","id":"da_aparcamientosMovilidadReducida.fid--175d4967_1a0508ab86c_79d","geometry":{"type":"Point","coordinates":[-4.44246537,36.72990064,0]},"geometry_name":"SDOGEOMETRIA","properties":{"ID":80969,"NOMBRE":"APARCAPMR_815_B","DESCRIPCION":null,"DIRECCION":"AVENIDA DE MIRAFLORES DE LOS ÁNGELES, 6 ","URL":null,"EMAIL":null,"CONTACTO":null,"HORARIOS":null,"PRECIOS":null,"TITULARIDAD":"MUNICIPAL","TARJETAJOVEN":"No","ACCESOPMR":"No","NROPLAZAS":"4","TOTALPLAZAS":2151}},{"type":"Feature","id":"da_aparcamientosMovilidadReducida.fid--175d4967_1a0508ab86c_79e","geometry":{"type":"Point","coordinates":[-4.44797277,36.72539524,0]},"geometry_name":"SDOGEOMETRIA","properties":{"ID":66637,"NOMBRE":"APARCAPMR_101","DESCRIPCION":"A la altura del nº 3","DIRECCION":"CALLE ENCARNACIÓN FONTIVEROS, 1 ","URL":null,"EMAIL":null,"CONTACTO":null,"HORARIOS":null,"PRECIOS":null,"TITULARIDAD":"MUNICIPAL","TARJETAJOVEN":"No","ACCESOPMR":"No","NROPLAZAS":"4","TOTALPLAZAS":2151}},{"type":"Feature","id":"da_aparcamientosMovilidadReducida.fid--175d4967_1a0508ab86c_79f","geometry":{"type":"Point","coordinates":[-4.468848,36.72335704,0]},"geometry_name":"SDOGEOMETRIA","properties":{"ID":66402,"NOMBRE":"APARCAPMR_945","DESCRIPCION":null,"DIRECCION":"CALLE MIGUEL CARRERA, 34 ","URL":null,"EMAIL":null,"CONTACTO":null,"HORARIOS":null,"PRECIOS":null,"TITULARIDAD":"MUNICIPAL","TARJETAJOVEN":"No","ACCESOPMR":"No","NROPLAZAS":"2","TOTALPLAZAS":2151}},{"type":"Feature","id":"da_aparcamientosMovilidadReducida.fid--175d4967_1a0508ab86c_7a0","geometry":{"type":"Point","coordinates":[-4.43582453,36.72228922,0]},"geometry_name":"SDOGEOMETRIA","properties":{"ID":67098,"NOMBRE":"APARCAPMR_191","DESCRIPCION":"Esquina con Cl. Eugenio Gross","DIRECCION":"CALLE EUGENIO GROSS, 10 ","URL":null,"EMAIL":null,"CONTACTO":null,"HORARIOS":null,"PRECIOS":null,"TITULARIDAD":"MUNICIPAL","TARJETAJOVEN":"No","ACCESOPMR":"No","NROPLAZAS":"1","TOTALPLAZAS":2151}},{"type":"Feature","id":"da_aparcamientosMovilidadReducida.fid--175d4967_1a0508ab86c_7a1","geometry":{"type":"Point","coordinates":[-4.442426,36.70168004,0]},"geometry_name":"SDOGEOMETRIA","properties":{"ID":66699,"NOMBRE":"APARCAPMR_978","DESCRIPCION":"A la altura del nº 4","DIRECCION":"CALLE JACOBO LAAN, 2 ","URL":null,"EMAIL":null,"CONTACTO":null,"HORARIOS":null,"PRECIOS":null,"TITULARIDAD":"MUNICIPAL","TARJETAJOVEN":"No","ACCESOPMR":"No","NROPLAZAS":"1","TOTALPLAZAS":2151}},{"type":"Feature","id":"da_aparcamientosMovilidadReducida.fid--175d4967_1a0508ab86c_7a2","geometry":{"type":"Point","coordinates":[-4.43459272,36.72370975,0]},"geometry_name":"SDOGEOMETRIA","properties":{"ID":67089,"NOMBRE":"APARCAPMR_008","DESCRIPCION":"Esquina con c/ Diego de Vergara","DIRECCION":"CALLE ANDALUCÍA, 23 ","URL":null,"EMAIL":null,"CONTACTO":null,"HORARIOS":null,"PRECIOS":null,"TITULARIDAD":"MUNICIPAL","TARJETAJOVEN":"No","ACCESOPMR":"No","NROPLAZAS":"3","TOTALPLAZAS":2151}},{"type":"Feature","id":"da_aparcamientosMovilidadReducida.fid--175d4967_1a0508ab86c_7a3","geometry":{"type":"Point","coordinates":[-4.43340451,36.70823615,0]},"geometry_name":"SDOGEOMETRIA","properties":{"ID":66896,"NOMBRE":"APARCAPMR_729","DESCRIPCION":"Esq. Orfila","DIRECCION":"CALLE AYALA, 32 ","URL":null,"EMAIL":null,"CONTACTO":null,"HORARIOS":null,"PRECIOS":null,"TITULARIDAD":"MUNICIPAL","TARJETAJOVEN":"No","ACCESOPMR":"No","NROPLAZAS":"2","TOTALPLAZAS":2151}},{"type":"Feature","id":"da_aparcamientosMovilidadReducida.fid--175d4967_1a0508ab86c_7a4","geometry":{"type":"Point","coordinates":[-4.4436852,36.70999561,0]},"geometry_name":"SDOGEOMETRIA","properties":{"ID":77448,"NOMBRE":"APARCAPMR_1322","DESCRIPCION":"C/ Andarax esqina con Camino San Rafael","DIRECCION":"CALLE ANDARAX, 5 ","URL":null,"EMAIL":null,"CONTACTO":null,"HORARIOS":null,"PRECIOS":null,"TITULARIDAD":"MUNICIPAL","TARJETAJOVEN":"No","ACCESOPMR":"No","NROPLAZAS":"1","TOTALPLAZAS":2151}},{"type":"Feature","id":"da_aparcamientosMovilidadReducida.fid--175d4967_1a0508ab86c_7a5","geometry":{"type":"Point","coordinates":[-4.44271463,36.70853223,0]},"geometry_name":"SDOGEOMETRIA","properties":{"ID":81044,"NOMBRE":"APARCAPMR_1210","DESCRIPCION":null,"DIRECCION":"CALLE PEDRO DE PAZ, 2 ","URL":null,"EMAIL":null,"CONTACTO":null,"HORARIOS":null,"PRECIOS":null,"TITULARIDAD":"MUNICIPAL","TARJETAJOVEN":"No","ACCESOPMR":"No","NROPLAZAS":"1","TOTALPLAZAS":2151}},{"type":"Feature","id":"da_aparcamientosMovilidadReducida.fid--175d4967_1a0508ab86c_7a6","geometry":{"type":"Point","coordinates":[-4.44756188,36.70898821,0]},"geometry_name":"SDOGEOMETRIA","properties":{"ID":66946,"NOMBRE":"APARCAPMR_228","DESCRIPCION":"Esquina con c/ Casarabonela. Frente al nº 6","DIRECCION":"CALLE PERIANA, 6 ","URL":null,"EMAIL":null,"CONTACTO":null,"HORARIOS":null,"PRECIOS":null,"TITULARIDAD":"MUNICIPAL","TARJETAJOVEN":"No","ACCESOPMR":"No","NROPLAZAS":"2","TOTALPLAZAS":2151}},{"type":"Feature","id":"da_aparcamientosMovilidadReducida.fid--175d4967_1a0508ab86c_7a7","geometry":{"type":"Point","coordinates":[-4.45342525,36.7248264,0]},"geometry_name":"SDOGEOMETRIA","properties":{"ID":80994,"NOMBRE":"APARCAPMR_889","DESCRIPCION":null,"DIRECCION":"CALLE OSCAR WILDE, 6 ","URL":null,"EMAIL":null,"CONTACTO":null,"HORARIOS":null,"PRECIOS":null,"TITULARIDAD":"MUNICIPAL","TARJETAJOVEN":"No","ACCESOPMR":"No","NROPLAZAS":"1","TOTALPLAZAS":2151}},{"type":"Feature","id":"da_aparcamientosMovilidadReducida.fid--175d4967_1a0508ab86c_7a8","geometry":{"type":"Point","coordinates":[-4.4777522,36.74461244,0]},"geometry_name":"SDOGEOMETRIA","properties":{"ID":66329,"NOMBRE":"APARCAPMR_839","DESCRIPCION":null,"DIRECCION":"CALLE ROCINANTE, 32 ","URL":null,"EMAIL":null,"CONTACTO":null,"HORARIOS":null,"PRECIOS":null,"TITULARIDAD":"MUNICIPAL","TARJETAJOVEN":"No","ACCESOPMR":"No","NROPLAZAS":"1","TOTALPLAZAS":2151}},{"type":"Feature","id":"da_aparcamientosMovilidadReducida.fid--175d4967_1a0508ab86c_7a9","geometry":{"type":"Point","coordinates":[-4.478464,36.74287204,0]},"geometry_name":"SDOGEOMETRIA","properties":{"ID":66670,"NOMBRE":"APARCAPMR_687","DESCRIPCION":"Esquina Cl. Anselmo ","DIRECCION":"CALLE ROCINANTE, 10 ","URL":null,"EMAIL":null,"CONTACTO":null,"HORARIOS":null,"PRECIOS":null,"TITULARIDAD":"MUNICIPAL","TARJETAJOVEN":"No","ACCESOPMR":"No","NROPLAZAS":"1","TOTALPLAZAS":2151}},{"type":"Feature","id":"da_aparcamientosMovilidadReducida.fid--175d4967_1a0508ab86c_7aa","geometry":{"type":"Point","coordinates":[-4.443382,36.70802374,0]},"geometry_name":"SDOGEOMETRIA","properties":{"ID":66947,"NOMBRE":"APARCAPMR_300","DESCRIPCION":"A la altura del nº 3","DIRECCION":"CALLE EDUARDO TORRES ROYBON, 3 ","URL":null,"EMAIL":null,"CONTACTO":null,"HORARIOS":null,"PRECIOS":null,"TITULARIDAD":"MUNICIPAL","TARJETAJOVEN":"No","ACCESOPMR":"No","NROPLAZAS":"2","TOTALPLAZAS":2151}},{"type":"Feature","id":"da_aparcamientosMovilidadReducida.fid--175d4967_1a0508ab86c_7ab","geometry":{"type":"Point","coordinates":[-4.44039679,36.70138935,0]},"geometry_name":"SDOGEOMETRIA","properties":{"ID":67254,"NOMBRE":"APARCAPMR_148","DESCRIPCION":"Esquina con Cl. Comandante Román","DIRECCION":"CALLE COMANDANTE ROMÁN, 5 ","URL":null,"EMAIL":null,"CONTACTO":null,"HORARIOS":null,"PRECIOS":null,"TITULARIDAD":"MUNICIPAL","TARJETAJOVEN":"No","ACCESOPMR":"No","NROPLAZAS":"2","TOTALPLAZAS":2151}},{"type":"Feature","id":"da_aparcamientosMovilidadReducida.fid--175d4967_1a0508ab86c_7ac","geometry":{"type":"Point","coordinates":[-4.44640061,36.73614209,0]},"geometry_name":"SDOGEOMETRIA","properties":{"ID":76288,"NOMBRE":"APARCAPMR_1313","DESCRIPCION":null,"DIRECCION":"AVENIDA DE LAS MUSAS, 10 ","URL":null,"EMAIL":null,"CONTACTO":null,"HORARIOS":null,"PRECIOS":null,"TITULARIDAD":"MUNICIPAL","TARJETAJOVEN":"No","ACCESOPMR":"No","NROPLAZAS":"1","TOTALPLAZAS":2151}},{"type":"Feature","id":"da_aparcamientosMovilidadReducida.fid--175d4967_1a0508ab86c_7ad","geometry":{"type":"Point","coordinates":[-4.4515188,36.71154485,0]},"geometry_name":"SDOGEOMETRIA","properties":{"ID":67182,"NOMBRE":"APARCAPMR_123","DESCRIPCION":"No hay más datos","DIRECCION":"CALLE MIRRA, 1 ","URL":null,"EMAIL":null,"CONTACTO":null,"HORARIOS":null,"PRECIOS":null,"TITULARIDAD":"MUNICIPAL","TARJETAJOVEN":"No","ACCESOPMR":"No","NROPLAZAS":"2","TOTALPLAZAS":2151}},{"type":"Feature","id":"da_aparcamientosMovilidadReducida.fid--175d4967_1a0508ab86c_7ae","geometry":{"type":"Point","coordinates":[-4.466458,36.73316004,0]},"geometry_name":"SDOGEOMETRIA","properties":{"ID":66231,"NOMBRE":"APARCAPMR_783","DESCRIPCION":"Frente al nº 19","DIRECCION":"CALLE JULIO VERNE, 19 ","URL":null,"EMAIL":null,"CONTACTO":null,"HORARIOS":null,"PRECIOS":null,"TITULARIDAD":"MUNICIPAL","TARJETAJOVEN":"No","ACCESOPMR":"No","NROPLAZAS":"1","TOTALPLAZAS":2151}},{"type":"Feature","id":"da_aparcamientosMovilidadReducida.fid--175d4967_1a0508ab86c_7af","geometry":{"type":"Point","coordinates":[-4.44928855,36.70002963,0]},"geometry_name":"SDOGEOMETRIA","properties":{"ID":67289,"NOMBRE":"APARCAPMR_526","DESCRIPCION":"Esquina con c/ Cayetano de Cabra","DIRECCION":"CALLE CAYETANO DE CABRA, 5 ","URL":null,"EMAIL":null,"CONTACTO":null,"HORARIOS":null,"PRECIOS":null,"TITULARIDAD":"MUNICIPAL","TARJETAJOVEN":"No","ACCESOPMR":"No","NROPLAZAS":"1","TOTALPLAZAS":2151}},{"type":"Feature","id":"da_aparcamientosMovilidadReducida.fid--175d4967_1a0508ab86c_7b0","geometry":{"type":"Point","coordinates":[-4.45481859,36.69498002,0]},"geometry_name":"SDOGEOMETRIA","properties":{"ID":66342,"NOMBRE":"APARCAPMR_141","DESCRIPCION":"A la altura del nº 5","DIRECCION":"AVENIDA DE BONAIRE, 3A","URL":null,"EMAIL":null,"CONTACTO":null,"HORARIOS":null,"PRECIOS":null,"TITULARIDAD":"MUNICIPAL","TARJETAJOVEN":"No","ACCESOPMR":"No","NROPLAZAS":"2","TOTALPLAZAS":2151}},{"type":"Feature","id":"da_aparcamientosMovilidadReducida.fid--175d4967_1a0508ab86c_7b1","geometry":{"type":"Point","coordinates":[-4.45222557,36.69753497,0]},"geometry_name":"SDOGEOMETRIA","properties":{"ID":67001,"NOMBRE":"APARCAPMR_430","DESCRIPCION":"Esquina con c/ Cúchares","DIRECCION":"CALLE CURRITO DE LA CRUZ, 7 ","URL":null,"EMAIL":null,"CONTACTO":null,"HORARIOS":null,"PRECIOS":null,"TITULARIDAD":"MUNICIPAL","TARJETAJOVEN":"No","ACCESOPMR":"No","NROPLAZAS":"1","TOTALPLAZAS":2151}},{"type":"Feature","id":"da_aparcamientosMovilidadReducida.fid--175d4967_1a0508ab86c_7b2","geometry":{"type":"Point","coordinates":[-4.45428483,36.69497841,0]},"geometry_name":"SDOGEOMETRIA","properties":{"ID":67288,"NOMBRE":"APARCAPMR_524","DESCRIPCION":"Esquina con c/ Aniba","DIRECCION":"AVENIDA DE BONAIRE, 1 ","URL":null,"EMAIL":null,"CONTACTO":null,"HORARIOS":null,"PRECIOS":null,"TITULARIDAD":"MUNICIPAL","TARJETAJOVEN":"No","ACCESOPMR":"No","NROPLAZAS":"1","TOTALPLAZAS":2151}},{"type":"Feature","id":"da_aparcamientosMovilidadReducida.fid--175d4967_1a0508ab86c_7b3","geometry":{"type":"Point","coordinates":[-4.43801522,36.72069773,0]},"geometry_name":"SDOGEOMETRIA","properties":{"ID":67158,"NOMBRE":"APARCAPMR_332","DESCRIPCION":"Esquina con c/ Capitán Marcos García","DIRECCION":"CALLE CAPITÁN HUELIN, 58 ","URL":null,"EMAIL":null,"CONTACTO":null,"HORARIOS":null,"PRECIOS":null,"TITULARIDAD":"MUNICIPAL","TARJETAJOVEN":"No","ACCESOPMR":"No","NROPLAZAS":"1","TOTALPLAZAS":2151}},{"type":"Feature","id":"da_aparcamientosMovilidadReducida.fid--175d4967_1a0508ab86c_7b4","geometry":{"type":"Point","coordinates":[-4.447461,36.69991004,0]},"geometry_name":"SDOGEOMETRIA","properties":{"ID":66840,"NOMBRE":"APARCAPMR_1107","DESCRIPCION":"Esquina con Cl. José Palanca","DIRECCION":"AVENIDA DE MANUEL TORRES, 4 ","URL":null,"EMAIL":null,"CONTACTO":null,"HORARIOS":null,"PRECIOS":null,"TITULARIDAD":"MUNICIPAL","TARJETAJOVEN":"No","ACCESOPMR":"No","NROPLAZAS":"1","TOTALPLAZAS":2151}},{"type":"Feature","id":"da_aparcamientosMovilidadReducida.fid--175d4967_1a0508ab86c_7b5","geometry":{"type":"Point","coordinates":[-4.42714222,36.71863752,0]},"geometry_name":"SDOGEOMETRIA","properties":{"ID":67222,"NOMBRE":"APARCAPMR_119","DESCRIPCION":"Esquina con Cl. Cerezuela","DIRECCION":"CALLE CEREZUELA, 3 ","URL":null,"EMAIL":null,"CONTACTO":null,"HORARIOS":null,"PRECIOS":null,"TITULARIDAD":"MUNICIPAL","TARJETAJOVEN":"No","ACCESOPMR":"No","NROPLAZAS":"2","TOTALPLAZAS":2151}},{"type":"Feature","id":"da_aparcamientosMovilidadReducida.fid--175d4967_1a0508ab86c_7b6","geometry":{"type":"Point","coordinates":[-4.447195,36.70037204,0]},"geometry_name":"SDOGEOMETRIA","properties":{"ID":66759,"NOMBRE":"APARCAPMR_1032","DESCRIPCION":"Cerca de Cl. José Palanca","DIRECCION":"CALLE MANUEL VARGAS, 1 ","URL":null,"EMAIL":null,"CONTACTO":null,"HORARIOS":null,"PRECIOS":null,"TITULARIDAD":"MUNICIPAL","TARJETAJOVEN":"No","ACCESOPMR":"No","NROPLAZAS":"2","TOTALPLAZAS":2151}},{"type":"Feature","id":"da_aparcamientosMovilidadReducida.fid--175d4967_1a0508ab86c_7b7","geometry":{"type":"Point","coordinates":[-4.44947764,36.68720173,0]},"geometry_name":"SDOGEOMETRIA","properties":{"ID":66924,"NOMBRE":"APARCAPMR_477","DESCRIPCION":"Esquina con c/ Ntra Sra de las Candelas","DIRECCION":"CALLE LÍBAR, 2 ","URL":null,"EMAIL":null,"CONTACTO":null,"HORARIOS":null,"PRECIOS":null,"TITULARIDAD":"MUNICIPAL","TARJETAJOVEN":"No","ACCESOPMR":"No","NROPLAZAS":"2","TOTALPLAZAS":2151}},{"type":"Feature","id":"da_aparcamientosMovilidadReducida.fid--175d4967_1a0508ab86c_7b8","geometry":{"type":"Point","coordinates":[-4.45470727,36.69798888,0]},"geometry_name":"SDOGEOMETRIA","properties":{"ID":66346,"NOMBRE":"APARCAPMR_227","DESCRIPCION":"Esquina con c/ El Ches. Frente al nº 8","DIRECCION":"CALLE EL CHES, 1 ","URL":null,"EMAIL":null,"CONTACTO":null,"HORARIOS":null,"PRECIOS":null,"TITULARIDAD":"MUNICIPAL","TARJETAJOVEN":"No","ACCESOPMR":"No","NROPLAZAS":"1","TOTALPLAZAS":2151}},{"type":"Feature","id":"da_aparcamientosMovilidadReducida.fid--175d4967_1a0508ab86c_7b9","geometry":{"type":"Point","coordinates":[-4.45487089,36.69793713,0]},"geometry_name":"SDOGEOMETRIA","properties":{"ID":66901,"NOMBRE":"APARCAPMR_613","DESCRIPCION":"Esquina con Cl. El Ches","DIRECCION":"CALLE EL CHES, 4 ","URL":null,"EMAIL":null,"CONTACTO":null,"HORARIOS":null,"PRECIOS":null,"TITULARIDAD":"MUNICIPAL","TARJETAJOVEN":"No","ACCESOPMR":"No","NROPLAZAS":"1","TOTALPLAZAS":2151}},{"type":"Feature","id":"da_aparcamientosMovilidadReducida.fid--175d4967_1a0508ab86c_7ba","geometry":{"type":"Point","coordinates":[-4.445292,36.69531254,0]},"geometry_name":"SDOGEOMETRIA","properties":{"ID":67236,"NOMBRE":"APARCAPMR_258","DESCRIPCION":"A la altura del nº 6, junto al parque","DIRECCION":"CALLE GUILLERMO CARRERA RUBIO, 13 ","URL":null,"EMAIL":null,"CONTACTO":null,"HORARIOS":null,"PRECIOS":null,"TITULARIDAD":"MUNICIPAL","TARJETAJOVEN":"No","ACCESOPMR":"No","NROPLAZAS":"2","TOTALPLAZAS":2151}},{"type":"Feature","id":"da_aparcamientosMovilidadReducida.fid--175d4967_1a0508ab86c_7bb","geometry":{"type":"Point","coordinates":[-4.426441,36.74357104,0]},"geometry_name":"SDOGEOMETRIA","properties":{"ID":66195,"NOMBRE":"APARCAPMR_753","DESCRIPCION":null,"DIRECCION":"AVENIDA DE JANE BOWLES, 2 ","URL":null,"EMAIL":null,"CONTACTO":null,"HORARIOS":null,"PRECIOS":null,"TITULARIDAD":"MUNICIPAL","TARJETAJOVEN":"No","ACCESOPMR":"No","NROPLAZAS":"1","TOTALPLAZAS":2151}},{"type":"Feature","id":"da_aparcamientosMovilidadReducida.fid--175d4967_1a0508ab86c_7bc","geometry":{"type":"Point","coordinates":[-4.417687,36.74608004,0]},"geometry_name":"SDOGEOMETRIA","properties":{"ID":66576,"NOMBRE":"APARCAPMR_1105","DESCRIPCION":"Esq. con Cl. Málaga Oloroso","DIRECCION":"CALLE JEREZ PERCHET, 28 ","URL":null,"EMAIL":null,"CONTACTO":null,"HORARIOS":null,"PRECIOS":null,"TITULARIDAD":"MUNICIPAL","TARJETAJOVEN":"No","ACCESOPMR":"No","NROPLAZAS":"1","TOTALPLAZAS":2151}},{"type":"Feature","id":"da_aparcamientosMovilidadReducida.fid--175d4967_1a0508ab86c_7bd","geometry":{"type":"Point","coordinates":[-4.42933291,36.72690439,0]},"geometry_name":"SDOGEOMETRIA","properties":{"ID":67190,"NOMBRE":"APARCAPMR_263","DESCRIPCION":"Esquina con c/ Sevilla","DIRECCION":"AVENIDA DEL DOCTOR GÁLVEZ GINACHERO, 23 ","URL":null,"EMAIL":null,"CONTACTO":null,"HORARIOS":null,"PRECIOS":null,"TITULARIDAD":"MUNICIPAL","TARJETAJOVEN":"No","ACCESOPMR":"No","NROPLAZAS":"1","TOTALPLAZAS":2151}},{"type":"Feature","id":"da_aparcamientosMovilidadReducida.fid--175d4967_1a0508ab86c_7be","geometry":{"type":"Point","coordinates":[-4.43456255,36.72060045,0]},"geometry_name":"SDOGEOMETRIA","properties":{"ID":66781,"NOMBRE":"APARCAPMR_200","DESCRIPCION":"Esquina con c/ Luis Braile. En la puerta de la Parroquia Santa María de la Amargura","DIRECCION":"CALLE HONDURAS, 1 ","URL":null,"EMAIL":null,"CONTACTO":null,"HORARIOS":null,"PRECIOS":null,"TITULARIDAD":"MUNICIPAL","TARJETAJOVEN":"No","ACCESOPMR":"No","NROPLAZAS":"2","TOTALPLAZAS":2151}},{"type":"Feature","id":"da_aparcamientosMovilidadReducida.fid--175d4967_1a0508ab86c_7bf","geometry":{"type":"Point","coordinates":[-4.45135921,36.69816725,0]},"geometry_name":"SDOGEOMETRIA","properties":{"ID":66511,"NOMBRE":"APARCAPMR_247","DESCRIPCION":"Esquina con Cl. Cocherito","DIRECCION":"CALLE CURRITO DE LA CRUZ, 2 ","URL":null,"EMAIL":null,"CONTACTO":null,"HORARIOS":null,"PRECIOS":null,"TITULARIDAD":"MUNICIPAL","TARJETAJOVEN":"No","ACCESOPMR":"No","NROPLAZAS":"2","TOTALPLAZAS":2151}},{"type":"Feature","id":"da_aparcamientosMovilidadReducida.fid--175d4967_1a0508ab86c_7c0","geometry":{"type":"Point","coordinates":[-4.45133209,36.69815449,0]},"geometry_name":"SDOGEOMETRIA","properties":{"ID":66355,"NOMBRE":"APARCAPMR_142","DESCRIPCION":"A la altura del nº 27","DIRECCION":"CALLE CURRITO DE LA CRUZ, 2 ","URL":null,"EMAIL":null,"CONTACTO":null,"HORARIOS":null,"PRECIOS":null,"TITULARIDAD":"MUNICIPAL","TARJETAJOVEN":"No","ACCESOPMR":"No","NROPLAZAS":"2","TOTALPLAZAS":2151}},{"type":"Feature","id":"da_aparcamientosMovilidadReducida.fid--175d4967_1a0508ab86c_7c1","geometry":{"type":"Point","coordinates":[-4.45204586,36.69752099,0]},"geometry_name":"SDOGEOMETRIA","properties":{"ID":66919,"NOMBRE":"APARCAPMR_459","DESCRIPCION":"Esquina con c/ Cocherito","DIRECCION":"CALLE CURRITO DE LA CRUZ, 10 ","URL":null,"EMAIL":null,"CONTACTO":null,"HORARIOS":null,"PRECIOS":null,"TITULARIDAD":"MUNICIPAL","TARJETAJOVEN":"No","ACCESOPMR":"No","NROPLAZAS":"1","TOTALPLAZAS":2151}},{"type":"Feature","id":"da_aparcamientosMovilidadReducida.fid--175d4967_1a0508ab86c_7c2","geometry":{"type":"Point","coordinates":[-4.42917399,36.72035159,0]},"geometry_name":"SDOGEOMETRIA","properties":{"ID":66398,"NOMBRE":"APARCAPMR_555","DESCRIPCION":"Esquina con c/ de  Enrique Scholtz","DIRECCION":"CALLE ARMENGUAL DE LA MOTA, 31 ","URL":null,"EMAIL":null,"CONTACTO":null,"HORARIOS":null,"PRECIOS":null,"TITULARIDAD":"MUNICIPAL","TARJETAJOVEN":"No","ACCESOPMR":"No","NROPLAZAS":"1","TOTALPLAZAS":2151}},{"type":"Feature","id":"da_aparcamientosMovilidadReducida.fid--175d4967_1a0508ab86c_7c3","geometry":{"type":"Point","coordinates":[-4.431997,36.73829904,0]},"geometry_name":"SDOGEOMETRIA","properties":{"ID":66817,"NOMBRE":"APARCAPMR_961","DESCRIPCION":"Intersección Cl. Guadalbullón","DIRECCION":"CALLE DEVA, 6A","URL":null,"EMAIL":null,"CONTACTO":null,"HORARIOS":null,"PRECIOS":null,"TITULARIDAD":"MUNICIPAL","TARJETAJOVEN":"No","ACCESOPMR":"No","NROPLAZAS":"1","TOTALPLAZAS":2151}},{"type":"Feature","id":"da_aparcamientosMovilidadReducida.fid--175d4967_1a0508ab86c_7c4","geometry":{"type":"Point","coordinates":[-4.4443701,36.69376224,0]},"geometry_name":"SDOGEOMETRIA","properties":{"ID":66360,"NOMBRE":"APARCAPMR_886","DESCRIPCION":"Esquina Cl. Luis Barahona de Soto","DIRECCION":"CALLE LUIS BARAHONA DE SOTO, 12 ","URL":null,"EMAIL":null,"CONTACTO":null,"HORARIOS":null,"PRECIOS":null,"TITULARIDAD":"MUNICIPAL","TARJETAJOVEN":"No","ACCESOPMR":"No","NROPLAZAS":"1","TOTALPLAZAS":2151}},{"type":"Feature","id":"da_aparcamientosMovilidadReducida.fid--175d4967_1a0508ab86c_7c5","geometry":{"type":"Point","coordinates":[-4.480648,36.73447604,0]},"geometry_name":"SDOGEOMETRIA","properties":{"ID":66366,"NOMBRE":"APARCAPMR_883","DESCRIPCION":"Estacionamiento para PMR","DIRECCION":"CALLE NÍSPEROS, 2 ","URL":null,"EMAIL":null,"CONTACTO":null,"HORARIOS":null,"PRECIOS":null,"TITULARIDAD":"MUNICIPAL","TARJETAJOVEN":"No","ACCESOPMR":"No","NROPLAZAS":"1","TOTALPLAZAS":2151}},{"type":"Feature","id":"da_aparcamientosMovilidadReducida.fid--175d4967_1a0508ab86c_7c6","geometry":{"type":"Point","coordinates":[-4.413555,36.72745604,0]},"geometry_name":"SDOGEOMETRIA","properties":{"ID":66256,"NOMBRE":"APARCAPMR_1040","DESCRIPCION":"Frente a Pasaje Trigueros","DIRECCION":"CALLE COMPÁS DE LA VICTORIA, 6 ","URL":null,"EMAIL":null,"CONTACTO":null,"HORARIOS":null,"PRECIOS":null,"TITULARIDAD":"MUNICIPAL","TARJETAJOVEN":"No","ACCESOPMR":"No","NROPLAZAS":"1","TOTALPLAZAS":2151}},{"type":"Feature","id":"da_aparcamientosMovilidadReducida.fid--175d4967_1a0508ab86c_7c7","geometry":{"type":"Point","coordinates":[-4.42431919,36.72869728,0]},"geometry_name":"SDOGEOMETRIA","properties":{"ID":67206,"NOMBRE":"APARCAPMR_199","DESCRIPCION":"Esquina con c/ San Jorge","DIRECCION":"CALLE DUQUE DE RIVAS, 28 ","URL":null,"EMAIL":null,"CONTACTO":null,"HORARIOS":null,"PRECIOS":null,"TITULARIDAD":"MUNICIPAL","TARJETAJOVEN":"No","ACCESOPMR":"No","NROPLAZAS":"2","TOTALPLAZAS":2151}},{"type":"Feature","id":"da_aparcamientosMovilidadReducida.fid--175d4967_1a0508ab86c_7c8","geometry":{"type":"Point","coordinates":[-4.42629664,36.74569157,0]},"geometry_name":"SDOGEOMETRIA","properties":{"ID":76026,"NOMBRE":"APARCAPMR_1297","DESCRIPCION":"esquina con con la calle Borodin","DIRECCION":"AVENIDA DE JANE BOWLES, 3 ","URL":null,"EMAIL":null,"CONTACTO":null,"HORARIOS":null,"PRECIOS":null,"TITULARIDAD":"MUNICIPAL","TARJETAJOVEN":"No","ACCESOPMR":"No","NROPLAZAS":"1","TOTALPLAZAS":2151}},{"type":"Feature","id":"da_aparcamientosMovilidadReducida.fid--175d4967_1a0508ab86c_7c9","geometry":{"type":"Point","coordinates":[-4.55056216,36.72560088,0]},"geometry_name":"SDOGEOMETRIA","properties":{"ID":66218,"NOMBRE":"APARCAPMR_1118","DESCRIPCION":"Esq. con Cl. Smetana","DIRECCION":"CALLE DE ENEAS, 97 ","URL":null,"EMAIL":null,"CONTACTO":null,"HORARIOS":null,"PRECIOS":null,"TITULARIDAD":"MUNICIPAL","TARJETAJOVEN":"No","ACCESOPMR":"No","NROPLAZAS":"1","TOTALPLAZAS":2151}},{"type":"Feature","id":"da_aparcamientosMovilidadReducida.fid--175d4967_1a0508ab86c_7ca","geometry":{"type":"Point","coordinates":[-4.5017311,36.66732227,0]},"geometry_name":"SDOGEOMETRIA","properties":{"ID":66970,"NOMBRE":"APARCAPMR_383","DESCRIPCION":"Esquina con c/ Gaspar Sanz","DIRECCION":"CALLE LOMITA, 45 ","URL":null,"EMAIL":null,"CONTACTO":null,"HORARIOS":null,"PRECIOS":null,"TITULARIDAD":"MUNICIPAL","TARJETAJOVEN":"No","ACCESOPMR":"No","NROPLAZAS":"1","TOTALPLAZAS":2151}},{"type":"Feature","id":"da_aparcamientosMovilidadReducida.fid--175d4967_1a0508ab86c_7cb","geometry":{"type":"Point","coordinates":[-4.428715,36.72691204,0]},"geometry_name":"SDOGEOMETRIA","properties":{"ID":66406,"NOMBRE":"APARCAPMR_888","DESCRIPCION":"Esquina Avda. Doctor Gálvez Ginachero","DIRECCION":"AVENIDA DEL DOCTOR GÁLVEZ GINACHERO, 6 ","URL":null,"EMAIL":null,"CONTACTO":null,"HORARIOS":null,"PRECIOS":null,"TITULARIDAD":"MUNICIPAL","TARJETAJOVEN":"No","ACCESOPMR":"No","NROPLAZAS":"1","TOTALPLAZAS":2151}},{"type":"Feature","id":"da_aparcamientosMovilidadReducida.fid--175d4967_1a0508ab86c_7cc","geometry":{"type":"Point","coordinates":[-4.44764314,36.69930992,0]},"geometry_name":"SDOGEOMETRIA","properties":{"ID":81015,"NOMBRE":"APARCAPMR_1396","DESCRIPCION":null,"DIRECCION":"CALLE ANTONIO CHACÓN, 3 ","URL":null,"EMAIL":null,"CONTACTO":null,"HORARIOS":null,"PRECIOS":null,"TITULARIDAD":"MUNICIPAL","TARJETAJOVEN":"No","ACCESOPMR":"No","NROPLAZAS":"3","TOTALPLAZAS":2151}},{"type":"Feature","id":"da_aparcamientosMovilidadReducida.fid--175d4967_1a0508ab86c_7cd","geometry":{"type":"Point","coordinates":[-4.44251597,36.72463634,0]},"geometry_name":"SDOGEOMETRIA","properties":{"ID":66803,"NOMBRE":"APARCAPMR_595","DESCRIPCION":"Esquina con Cl. Fiscal Enrique Beltrán","DIRECCION":"CALLE TOMÁS ESCALONILLA, 6 ","URL":null,"EMAIL":null,"CONTACTO":null,"HORARIOS":null,"PRECIOS":null,"TITULARIDAD":"MUNICIPAL","TARJETAJOVEN":"No","ACCESOPMR":"No","NROPLAZAS":"2","TOTALPLAZAS":2151}},{"type":"Feature","id":"da_aparcamientosMovilidadReducida.fid--175d4967_1a0508ab86c_7ce","geometry":{"type":"Point","coordinates":[-4.42142512,36.72959679,0]},"geometry_name":"SDOGEOMETRIA","properties":{"ID":66223,"NOMBRE":"APARCAPMR_1255","DESCRIPCION":"C/ EDUARDO DOMINGUEZ AVILA, ESQ. PLAZA CAPUCHINOS","DIRECCION":"CALLE EDUARDO DOMÍNGUEZ ÁVILA, 1 ","URL":null,"EMAIL":null,"CONTACTO":null,"HORARIOS":null,"PRECIOS":null,"TITULARIDAD":"MUNICIPAL","TARJETAJOVEN":"No","ACCESOPMR":"No","NROPLAZAS":"1","TOTALPLAZAS":2151}},{"type":"Feature","id":"da_aparcamientosMovilidadReducida.fid--175d4967_1a0508ab86c_7cf","geometry":{"type":"Point","coordinates":[-4.43143308,36.72476533,0]},"geometry_name":"SDOGEOMETRIA","properties":{"ID":67094,"NOMBRE":"APARCAPMR_012","DESCRIPCION":"Esquina con Avda. de Barcelona","DIRECCION":"CALLE CALZADA DE LA TRINIDAD, 2 ","URL":null,"EMAIL":null,"CONTACTO":null,"HORARIOS":null,"PRECIOS":null,"TITULARIDAD":"MUNICIPAL","TARJETAJOVEN":"No","ACCESOPMR":"No","NROPLAZAS":"2","TOTALPLAZAS":2151}},{"type":"Feature","id":"da_aparcamientosMovilidadReducida.fid--175d4967_1a0508ab86c_7d0","geometry":{"type":"Point","coordinates":[-4.45329711,36.70895165,0]},"geometry_name":"SDOGEOMETRIA","properties":{"ID":67151,"NOMBRE":"APARCAPMR_221","DESCRIPCION":"Esquina con c/ Ubrique","DIRECCION":"CALLE UBRIQUE, 12 ","URL":null,"EMAIL":null,"CONTACTO":null,"HORARIOS":null,"PRECIOS":null,"TITULARIDAD":"MUNICIPAL","TARJETAJOVEN":"No","ACCESOPMR":"No","NROPLAZAS":"1","TOTALPLAZAS":2151}},{"type":"Feature","id":"da_aparcamientosMovilidadReducida.fid--175d4967_1a0508ab86c_7d1","geometry":{"type":"Point","coordinates":[-4.43561599,36.72450735,0]},"geometry_name":"SDOGEOMETRIA","properties":{"ID":66984,"NOMBRE":"APARCAPMR_406","DESCRIPCION":"Esquina con Cl. Eugenio Gross","DIRECCION":"CALLE EUGENIO GROSS, 19 ","URL":null,"EMAIL":null,"CONTACTO":null,"HORARIOS":null,"PRECIOS":null,"TITULARIDAD":"MUNICIPAL","TARJETAJOVEN":"No","ACCESOPMR":"No","NROPLAZAS":"1","TOTALPLAZAS":2151}},{"type":"Feature","id":"da_aparcamientosMovilidadReducida.fid--175d4967_1a0508ab86c_7d2","geometry":{"type":"Point","coordinates":[-4.419642,36.74525404,0]},"geometry_name":"SDOGEOMETRIA","properties":{"ID":66447,"NOMBRE":"APARCAPMR_1001","DESCRIPCION":"Junto al CEIP Blas Infante","DIRECCION":"CALLE JEREZ PERCHET, 12 ","URL":null,"EMAIL":null,"CONTACTO":null,"HORARIOS":null,"PRECIOS":null,"TITULARIDAD":"MUNICIPAL","TARJETAJOVEN":"No","ACCESOPMR":"No","NROPLAZAS":"1","TOTALPLAZAS":2151}},{"type":"Feature","id":"da_aparcamientosMovilidadReducida.fid--175d4967_1a0508ab86c_7d3","geometry":{"type":"Point","coordinates":[-4.42339115,36.74363052,0]},"geometry_name":"SDOGEOMETRIA","properties":{"ID":66765,"NOMBRE":"APARCAPMR_592","DESCRIPCION":"Esquina Doctor Peralta Almagro","DIRECCION":"CALLE LICENCIADO GONZÁLEZ GARCÍA, 6 ","URL":null,"EMAIL":null,"CONTACTO":null,"HORARIOS":null,"PRECIOS":null,"TITULARIDAD":"MUNICIPAL","TARJETAJOVEN":"No","ACCESOPMR":"No","NROPLAZAS":"1","TOTALPLAZAS":2151}},{"type":"Feature","id":"da_aparcamientosMovilidadReducida.fid--175d4967_1a0508ab86c_7d4","geometry":{"type":"Point","coordinates":[-4.42539092,36.7442348,4067447.17749581]},"geometry_name":"SDOGEOMETRIA","properties":{"ID":77782,"NOMBRE":"APARCAPMR_1328","DESCRIPCION":"C/ Joaquín Gaztambide, nº 3","DIRECCION":"CALLE JOAQUÍN GAZTAMBIDE, 3 ","URL":null,"EMAIL":null,"CONTACTO":null,"HORARIOS":null,"PRECIOS":null,"TITULARIDAD":"MUNICIPAL","TARJETAJOVEN":"No","ACCESOPMR":"No","NROPLAZAS":"1","TOTALPLAZAS":2151}},{"type":"Feature","id":"da_aparcamientosMovilidadReducida.fid--175d4967_1a0508ab86c_7d5","geometry":{"type":"Point","coordinates":[-4.45434988,36.70870222,0]},"geometry_name":"SDOGEOMETRIA","properties":{"ID":67007,"NOMBRE":"APARCAPMR_443","DESCRIPCION":"Esquina con Cl. Cisne","DIRECCION":"CALLE CISNE, 1 ","URL":null,"EMAIL":null,"CONTACTO":null,"HORARIOS":null,"PRECIOS":null,"TITULARIDAD":"MUNICIPAL","TARJETAJOVEN":"No","ACCESOPMR":"No","NROPLAZAS":"3","TOTALPLAZAS":2151}},{"type":"Feature","id":"da_aparcamientosMovilidadReducida.fid--175d4967_1a0508ab86c_7d6","geometry":{"type":"Point","coordinates":[-4.43792604,36.72714624,0]},"geometry_name":"SDOGEOMETRIA","properties":{"ID":66801,"NOMBRE":"APARCAPMR_672","DESCRIPCION":"Esquina con Camino de Suárez","DIRECCION":"CALLE MORAIMA, 10 ","URL":null,"EMAIL":null,"CONTACTO":null,"HORARIOS":null,"PRECIOS":null,"TITULARIDAD":"MUNICIPAL","TARJETAJOVEN":"No","ACCESOPMR":"No","NROPLAZAS":"1","TOTALPLAZAS":2151}},{"type":"Feature","id":"da_aparcamientosMovilidadReducida.fid--175d4967_1a0508ab86c_7d7","geometry":{"type":"Point","coordinates":[-4.41900904,36.74494233,0]},"geometry_name":"SDOGEOMETRIA","properties":{"ID":81062,"NOMBRE":"APARCAPMR_1324","DESCRIPCION":null,"DIRECCION":"CALLE JEREZ PERCHET, 17 ","URL":null,"EMAIL":null,"CONTACTO":null,"HORARIOS":null,"PRECIOS":null,"TITULARIDAD":"MUNICIPAL","TARJETAJOVEN":"No","ACCESOPMR":"No","NROPLAZAS":"1","TOTALPLAZAS":2151}},{"type":"Feature","id":"da_aparcamientosMovilidadReducida.fid--175d4967_1a0508ab86c_7d8","geometry":{"type":"Point","coordinates":[-4.43133894,36.71526047,0]},"geometry_name":"SDOGEOMETRIA","properties":{"ID":81021,"NOMBRE":"APARCAPMR_1292","DESCRIPCION":null,"DIRECCION":"CALLE RACHMANINOV, 1 ","URL":null,"EMAIL":null,"CONTACTO":null,"HORARIOS":null,"PRECIOS":null,"TITULARIDAD":"MUNICIPAL","TARJETAJOVEN":"No","ACCESOPMR":"No","NROPLAZAS":"2","TOTALPLAZAS":2151}},{"type":"Feature","id":"da_aparcamientosMovilidadReducida.fid--175d4967_1a0508ab86c_7d9","geometry":{"type":"Point","coordinates":[-4.43563261,36.72237547,0]},"geometry_name":"SDOGEOMETRIA","properties":{"ID":78438,"NOMBRE":"APARCAPMR_1388","DESCRIPCION":"C/ Lanuza esquina con C/ Eugenio Gross","DIRECCION":"CALLE LANUZA, 20 ","URL":null,"EMAIL":null,"CONTACTO":null,"HORARIOS":null,"PRECIOS":null,"TITULARIDAD":"MUNICIPAL","TARJETAJOVEN":"No","ACCESOPMR":"No","NROPLAZAS":"1","TOTALPLAZAS":2151}},{"type":"Feature","id":"da_aparcamientosMovilidadReducida.fid--175d4967_1a0508ab86c_7da","geometry":{"type":"Point","coordinates":[-4.43496823,36.72641639,0]},"geometry_name":"SDOGEOMETRIA","properties":{"ID":66906,"NOMBRE":"APARCAPMR_407","DESCRIPCION":"Esquina con c/ Velarde (Frente al nº 43).","DIRECCION":"CALLE EUGENIO GROSS, 58 ","URL":null,"EMAIL":null,"CONTACTO":null,"HORARIOS":null,"PRECIOS":null,"TITULARIDAD":"MUNICIPAL","TARJETAJOVEN":"No","ACCESOPMR":"No","NROPLAZAS":"2","TOTALPLAZAS":2151}},{"type":"Feature","id":"da_aparcamientosMovilidadReducida.fid--175d4967_1a0508ab86c_7db","geometry":{"type":"Point","coordinates":[-4.43911895,36.72499751,0]},"geometry_name":"SDOGEOMETRIA","properties":{"ID":66802,"NOMBRE":"APARCAPMR_660","DESCRIPCION":"Esquina Cl. José María Coopello","DIRECCION":"CALLE MORALES VILLARRUBIA, 10 ","URL":null,"EMAIL":null,"CONTACTO":null,"HORARIOS":null,"PRECIOS":null,"TITULARIDAD":"MUNICIPAL","TARJETAJOVEN":"No","ACCESOPMR":"No","NROPLAZAS":"1","TOTALPLAZAS":2151}},{"type":"Feature","id":"da_aparcamientosMovilidadReducida.fid--175d4967_1a0508ab86c_7dc","geometry":{"type":"Point","coordinates":[-4.426644,36.72595365,0]},"geometry_name":"SDOGEOMETRIA","properties":{"ID":66975,"NOMBRE":"APARCAPMR_389","DESCRIPCION":"Esquina con c/ La Regente","DIRECCION":"CALLE LA REGENTE, 1 ","URL":null,"EMAIL":null,"CONTACTO":null,"HORARIOS":null,"PRECIOS":null,"TITULARIDAD":"MUNICIPAL","TARJETAJOVEN":"No","ACCESOPMR":"No","NROPLAZAS":"1","TOTALPLAZAS":2151}},{"type":"Feature","id":"da_aparcamientosMovilidadReducida.fid--175d4967_1a0508ab86c_7dd","geometry":{"type":"Point","coordinates":[-4.42527808,36.74546601,0]},"geometry_name":"SDOGEOMETRIA","properties":{"ID":66174,"NOMBRE":"APARCAPMR_706","DESCRIPCION":"Esquina con c/ Joaquín Gaztambide","DIRECCION":"CALLE BORODÍN, 1 ","URL":null,"EMAIL":null,"CONTACTO":null,"HORARIOS":null,"PRECIOS":null,"TITULARIDAD":"MUNICIPAL","TARJETAJOVEN":"No","ACCESOPMR":"No","NROPLAZAS":"1","TOTALPLAZAS":2151}},{"type":"Feature","id":"da_aparcamientosMovilidadReducida.fid--175d4967_1a0508ab86c_7de","geometry":{"type":"Point","coordinates":[-4.4270524,36.74559824,0]},"geometry_name":"SDOGEOMETRIA","properties":{"ID":66317,"NOMBRE":"APARCAPMR_871","DESCRIPCION":"Esquina con calle Massenet.","DIRECCION":"CALLE BORODÍN, 6 ","URL":null,"EMAIL":null,"CONTACTO":null,"HORARIOS":null,"PRECIOS":null,"TITULARIDAD":"MUNICIPAL","TARJETAJOVEN":"No","ACCESOPMR":"No","NROPLAZAS":"2","TOTALPLAZAS":2151}},{"type":"Feature","id":"da_aparcamientosMovilidadReducida.fid--175d4967_1a0508ab86c_7df","geometry":{"type":"Point","coordinates":[-4.42782015,36.72681947,0]},"geometry_name":"SDOGEOMETRIA","properties":{"ID":66916,"NOMBRE":"APARCAPMR_365","DESCRIPCION":"Esquina con c/ Juan de Herrera","DIRECCION":"AVENIDA DEL DOCTOR GÁLVEZ GINACHERO, 9 ","URL":null,"EMAIL":null,"CONTACTO":null,"HORARIOS":null,"PRECIOS":null,"TITULARIDAD":"MUNICIPAL","TARJETAJOVEN":"No","ACCESOPMR":"No","NROPLAZAS":"2","TOTALPLAZAS":2151}},{"type":"Feature","id":"da_aparcamientosMovilidadReducida.fid--175d4967_1a0508ab86c_7e0","geometry":{"type":"Point","coordinates":[-4.417159,36.74535504,0]},"geometry_name":"SDOGEOMETRIA","properties":{"ID":66753,"NOMBRE":"APARCAPMR_1002","DESCRIPCION":null,"DIRECCION":"CALLE MOSCATEL, 6 ","URL":null,"EMAIL":null,"CONTACTO":null,"HORARIOS":null,"PRECIOS":null,"TITULARIDAD":"MUNICIPAL","TARJETAJOVEN":"No","ACCESOPMR":"No","NROPLAZAS":"1","TOTALPLAZAS":2151}},{"type":"Feature","id":"da_aparcamientosMovilidadReducida.fid--175d4967_1a0508ab86c_7e1","geometry":{"type":"Point","coordinates":[-4.4186309,36.72920247,0]},"geometry_name":"SDOGEOMETRIA","properties":{"ID":67039,"NOMBRE":"APARCAPMR_036","DESCRIPCION":"Esquina con c/ San Millán. En la puerta del Conservatorio Superior de Música","DIRECCION":"PLAZA DEL MAESTRO ARTOLA, 2 ","URL":null,"EMAIL":null,"CONTACTO":null,"HORARIOS":null,"PRECIOS":null,"TITULARIDAD":"MUNICIPAL","TARJETAJOVEN":"No","ACCESOPMR":"No","NROPLAZAS":"3","TOTALPLAZAS":2151}},{"type":"Feature","id":"da_aparcamientosMovilidadReducida.fid--175d4967_1a0508ab86c_7e2","geometry":{"type":"Point","coordinates":[-4.44913231,36.69419878,0]},"geometry_name":"SDOGEOMETRIA","properties":{"ID":67241,"NOMBRE":"APARCAPMR_107","DESCRIPCION":"Esquina con c/ Beethoven","DIRECCION":"CALLE JOAQUÍN RODRIGO, 2 ","URL":null,"EMAIL":null,"CONTACTO":null,"HORARIOS":null,"PRECIOS":null,"TITULARIDAD":"MUNICIPAL","TARJETAJOVEN":"No","ACCESOPMR":"No","NROPLAZAS":"3","TOTALPLAZAS":2151}},{"type":"Feature","id":"da_aparcamientosMovilidadReducida.fid--175d4967_1a0508ab86c_7e3","geometry":{"type":"Point","coordinates":[-4.446365,36.69500004,0]},"geometry_name":"SDOGEOMETRIA","properties":{"ID":66295,"NOMBRE":"APARCAPMR_818","DESCRIPCION":null,"DIRECCION":"CALLE EDUARDO DE PALACIO, 12 ","URL":null,"EMAIL":null,"CONTACTO":null,"HORARIOS":null,"PRECIOS":null,"TITULARIDAD":"MUNICIPAL","TARJETAJOVEN":"No","ACCESOPMR":"No","NROPLAZAS":"2","TOTALPLAZAS":2151}},{"type":"Feature","id":"da_aparcamientosMovilidadReducida.fid--175d4967_1a0508ab86c_7e4","geometry":{"type":"Point","coordinates":[-4.446192,36.70285104,0]},"geometry_name":"SDOGEOMETRIA","properties":{"ID":66318,"NOMBRE":"APARCAPMR_856","DESCRIPCION":null,"DIRECCION":"CALLE CONCEJAL MASSO ROURA, 2 ","URL":null,"EMAIL":null,"CONTACTO":null,"HORARIOS":null,"PRECIOS":null,"TITULARIDAD":"MUNICIPAL","TARJETAJOVEN":"No","ACCESOPMR":"No","NROPLAZAS":"1","TOTALPLAZAS":2151}},{"type":"Feature","id":"da_aparcamientosMovilidadReducida.fid--175d4967_1a0508ab86c_7e5","geometry":{"type":"Point","coordinates":[-4.4317886,36.72502624,0]},"geometry_name":"SDOGEOMETRIA","properties":{"ID":66299,"NOMBRE":"APARCAPMR_863","DESCRIPCION":null,"DIRECCION":"CALLE CALZADA DE LA TRINIDAD, 10 ","URL":null,"EMAIL":null,"CONTACTO":null,"HORARIOS":null,"PRECIOS":null,"TITULARIDAD":"MUNICIPAL","TARJETAJOVEN":"No","ACCESOPMR":"No","NROPLAZAS":"1","TOTALPLAZAS":2151}},{"type":"Feature","id":"da_aparcamientosMovilidadReducida.fid--175d4967_1a0508ab86c_7e6","geometry":{"type":"Point","coordinates":[-4.45399113,36.6949698,0]},"geometry_name":"SDOGEOMETRIA","properties":{"ID":66774,"NOMBRE":"APARCAPMR_318","DESCRIPCION":"Esquina Av. Bonaire","DIRECCION":"CALLE BALTASAR GRACIÁN, 8 ","URL":null,"EMAIL":null,"CONTACTO":null,"HORARIOS":null,"PRECIOS":null,"TITULARIDAD":"MUNICIPAL","TARJETAJOVEN":"No","ACCESOPMR":"No","NROPLAZAS":"2","TOTALPLAZAS":2151}},{"type":"Feature","id":"da_aparcamientosMovilidadReducida.fid--175d4967_1a0508ab86c_7e7","geometry":{"type":"Point","coordinates":[-4.42898338,36.72584912,4065412.28387328]},"geometry_name":"SDOGEOMETRIA","properties":{"ID":67205,"NOMBRE":"APARCAPMR_153","DESCRIPCION":"C/ La Regente, nº 23, esquina con C/ Don Juan de Austria","DIRECCION":"CALLE LA REGENTE, 23 ","URL":null,"EMAIL":null,"CONTACTO":null,"HORARIOS":null,"PRECIOS":null,"TITULARIDAD":"MUNICIPAL","TARJETAJOVEN":"No","ACCESOPMR":"No","NROPLAZAS":"2","TOTALPLAZAS":2151}},{"type":"Feature","id":"da_aparcamientosMovilidadReducida.fid--175d4967_1a0508ab86c_7e8","geometry":{"type":"Point","coordinates":[-4.42947306,36.72594935,0]},"geometry_name":"SDOGEOMETRIA","properties":{"ID":67032,"NOMBRE":"APARCAPMR_068","DESCRIPCION":"Esquina con Cl. La Regente","DIRECCION":"CALLE LA REGENTE, 27 ","URL":null,"EMAIL":null,"CONTACTO":null,"HORARIOS":null,"PRECIOS":null,"TITULARIDAD":"MUNICIPAL","TARJETAJOVEN":"No","ACCESOPMR":"No","NROPLAZAS":"2","TOTALPLAZAS":2151}},{"type":"Feature","id":"da_aparcamientosMovilidadReducida.fid--175d4967_1a0508ab86c_7e9","geometry":{"type":"Point","coordinates":[-4.42072168,36.74572553,0]},"geometry_name":"SDOGEOMETRIA","properties":{"ID":67076,"NOMBRE":"APARCAPMR_206","DESCRIPCION":"Esquina con c/ Alcalde José Hernández","DIRECCION":"CALLE JEREZ PERCHET, 8 ","URL":null,"EMAIL":null,"CONTACTO":null,"HORARIOS":null,"PRECIOS":null,"TITULARIDAD":"MUNICIPAL","TARJETAJOVEN":"No","ACCESOPMR":"No","NROPLAZAS":"2","TOTALPLAZAS":2151}},{"type":"Feature","id":"da_aparcamientosMovilidadReducida.fid--175d4967_1a0508ab86c_7ea","geometry":{"type":"Point","coordinates":[-4.452571,36.70100704,0]},"geometry_name":"SDOGEOMETRIA","properties":{"ID":66308,"NOMBRE":"APARCAPMR_875","DESCRIPCION":null,"DIRECCION":"CALLE CANCHO PÉREZ, 5 ","URL":null,"EMAIL":null,"CONTACTO":null,"HORARIOS":null,"PRECIOS":null,"TITULARIDAD":"MUNICIPAL","TARJETAJOVEN":"No","ACCESOPMR":"No","NROPLAZAS":"2","TOTALPLAZAS":2151}},{"type":"Feature","id":"da_aparcamientosMovilidadReducida.fid--175d4967_1a0508ab86c_7eb","geometry":{"type":"Point","coordinates":[-4.43735942,36.72447349,0]},"geometry_name":"SDOGEOMETRIA","properties":{"ID":67097,"NOMBRE":"APARCAPMR_287","DESCRIPCION":"Esquina con c/ Juan Sánchez (Frente a la Plaza Prudencio Jiménez).","DIRECCION":"CALLE FRANCISCO FERRER, 1 ","URL":null,"EMAIL":null,"CONTACTO":null,"HORARIOS":null,"PRECIOS":null,"TITULARIDAD":"MUNICIPAL","TARJETAJOVEN":"No","ACCESOPMR":"No","NROPLAZAS":"1","TOTALPLAZAS":2151}},{"type":"Feature","id":"da_aparcamientosMovilidadReducida.fid--175d4967_1a0508ab86c_7ec","geometry":{"type":"Point","coordinates":[-4.438159,36.72461204,0]},"geometry_name":"SDOGEOMETRIA","properties":{"ID":66857,"NOMBRE":"APARCAPMR_977","DESCRIPCION":"Esquina calle Fernando Alcántara","DIRECCION":"CALLE FRANCISCO FERRER, 13 ","URL":null,"EMAIL":null,"CONTACTO":null,"HORARIOS":null,"PRECIOS":null,"TITULARIDAD":"MUNICIPAL","TARJETAJOVEN":"No","ACCESOPMR":"No","NROPLAZAS":"1","TOTALPLAZAS":2151}},{"type":"Feature","id":"da_aparcamientosMovilidadReducida.fid--175d4967_1a0508ab86c_7ed","geometry":{"type":"Point","coordinates":[-4.46544519,36.71717336,0]},"geometry_name":"SDOGEOMETRIA","properties":{"ID":66200,"NOMBRE":"APARCAPMR_1166","DESCRIPCION":"Esquina con Bulevar Louis Pasteur","DIRECCION":"CALLE GUSTAVO PITTALUGA, 2 ","URL":null,"EMAIL":null,"CONTACTO":null,"HORARIOS":null,"PRECIOS":null,"TITULARIDAD":"MUNICIPAL","TARJETAJOVEN":"No","ACCESOPMR":"No","NROPLAZAS":"1","TOTALPLAZAS":2151}},{"type":"Feature","id":"da_aparcamientosMovilidadReducida.fid--175d4967_1a0508ab86c_7ee","geometry":{"type":"Point","coordinates":[-4.50333372,36.66539401,0]},"geometry_name":"SDOGEOMETRIA","properties":{"ID":66622,"NOMBRE":"APARCAPMR_607","DESCRIPCION":"Esquina con c/ Calamuchita","DIRECCION":"AVENIDA DE SAN JAVIER, 8 ","URL":null,"EMAIL":null,"CONTACTO":null,"HORARIOS":null,"PRECIOS":null,"TITULARIDAD":"MUNICIPAL","TARJETAJOVEN":"No","ACCESOPMR":"No","NROPLAZAS":"2","TOTALPLAZAS":2151}},{"type":"Feature","id":"da_aparcamientosMovilidadReducida.fid--175d4967_1a0508ab86c_7ef","geometry":{"type":"Point","coordinates":[-4.501471,36.66450804,0]},"geometry_name":"SDOGEOMETRIA","properties":{"ID":66255,"NOMBRE":"APARCAPMR_774","DESCRIPCION":"A la altura del nº 32","DIRECCION":"AVENIDA DE SAN JAVIER, 33 ","URL":null,"EMAIL":null,"CONTACTO":null,"HORARIOS":null,"PRECIOS":null,"TITULARIDAD":"MUNICIPAL","TARJETAJOVEN":"No","ACCESOPMR":"No","NROPLAZAS":"1","TOTALPLAZAS":2151}},{"type":"Feature","id":"da_aparcamientosMovilidadReducida.fid--175d4967_1a0508ab86c_7f0","geometry":{"type":"Point","coordinates":[-4.54578111,36.72495193,0]},"geometry_name":"SDOGEOMETRIA","properties":{"ID":81003,"NOMBRE":"APARCAPMR_4162","DESCRIPCION":null,"DIRECCION":"CALLE BUCAREST, 2 ","URL":null,"EMAIL":null,"CONTACTO":null,"HORARIOS":null,"PRECIOS":null,"TITULARIDAD":"MUNICIPAL","TARJETAJOVEN":"No","ACCESOPMR":"No","NROPLAZAS":"1","TOTALPLAZAS":2151}},{"type":"Feature","id":"da_aparcamientosMovilidadReducida.fid--175d4967_1a0508ab86c_7f1","geometry":{"type":"Point","coordinates":[-4.539524,36.72448004,0]},"geometry_name":"SDOGEOMETRIA","properties":{"ID":66206,"NOMBRE":"APARCAPMR_1104","DESCRIPCION":null,"DIRECCION":"CALLE JOSÉ CALDERÓN, 64 ","URL":null,"EMAIL":null,"CONTACTO":null,"HORARIOS":null,"PRECIOS":null,"TITULARIDAD":"MUNICIPAL","TARJETAJOVEN":"No","ACCESOPMR":"No","NROPLAZAS":"1","TOTALPLAZAS":2151}},{"type":"Feature","id":"da_aparcamientosMovilidadReducida.fid--175d4967_1a0508ab86c_7f2","geometry":{"type":"Point","coordinates":[-4.5050986,36.66464554,0]},"geometry_name":"SDOGEOMETRIA","properties":{"ID":66140,"NOMBRE":"APARCAPMR_821","DESCRIPCION":"Esquina con calle La Gioconda.","DIRECCION":"CALLE FEDORA, 1 ","URL":null,"EMAIL":null,"CONTACTO":null,"HORARIOS":null,"PRECIOS":null,"TITULARIDAD":"MUNICIPAL","TARJETAJOVEN":"No","ACCESOPMR":"No","NROPLAZAS":"1","TOTALPLAZAS":2151}},{"type":"Feature","id":"da_aparcamientosMovilidadReducida.fid--175d4967_1a0508ab86c_7f3","geometry":{"type":"Point","coordinates":[-4.53375198,36.72643466,0]},"geometry_name":"SDOGEOMETRIA","properties":{"ID":66887,"NOMBRE":"APARCAPMR_528","DESCRIPCION":"Esquina con Cl. El Requinto","DIRECCION":"CARRETERA DE CAMPANILLAS A COLMENAREJO, 2 ","URL":null,"EMAIL":null,"CONTACTO":null,"HORARIOS":null,"PRECIOS":null,"TITULARIDAD":"MUNICIPAL","TARJETAJOVEN":"No","ACCESOPMR":"No","NROPLAZAS":"1","TOTALPLAZAS":2151}},{"type":"Feature","id":"da_aparcamientosMovilidadReducida.fid--175d4967_1a0508ab86c_7f4","geometry":{"type":"Point","coordinates":[-4.43841404,36.70487565,0]},"geometry_name":"SDOGEOMETRIA","properties":{"ID":80928,"NOMBRE":"APARCAPMR_721","DESCRIPCION":null,"DIRECCION":"CALLE LA CARAMBA, 14 ","URL":null,"EMAIL":null,"CONTACTO":null,"HORARIOS":null,"PRECIOS":null,"TITULARIDAD":"MUNICIPAL","TARJETAJOVEN":"No","ACCESOPMR":"No","NROPLAZAS":"1","TOTALPLAZAS":2151}},{"type":"Feature","id":"da_aparcamientosMovilidadReducida.fid--175d4967_1a0508ab86c_7f5","geometry":{"type":"Point","coordinates":[-4.533041,36.72807704,0]},"geometry_name":"SDOGEOMETRIA","properties":{"ID":66602,"NOMBRE":"APARCAPMR_991","DESCRIPCION":"Frente al nº 19.","DIRECCION":"CALLE BAUXITA, 19 ","URL":null,"EMAIL":null,"CONTACTO":null,"HORARIOS":null,"PRECIOS":null,"TITULARIDAD":"MUNICIPAL","TARJETAJOVEN":"No","ACCESOPMR":"No","NROPLAZAS":"1","TOTALPLAZAS":2151}},{"type":"Feature","id":"da_aparcamientosMovilidadReducida.fid--175d4967_1a0508ab86c_7f6","geometry":{"type":"Point","coordinates":[-4.47565399,36.69879145,0]},"geometry_name":"SDOGEOMETRIA","properties":{"ID":66965,"NOMBRE":"APARCAPMR_377","DESCRIPCION":"Esquina con Camino de los Prados","DIRECCION":"CALLE DRIZA, 1 ","URL":null,"EMAIL":null,"CONTACTO":null,"HORARIOS":null,"PRECIOS":null,"TITULARIDAD":"MUNICIPAL","TARJETAJOVEN":"No","ACCESOPMR":"No","NROPLAZAS":"2","TOTALPLAZAS":2151}},{"type":"Feature","id":"da_aparcamientosMovilidadReducida.fid--175d4967_1a0508ab86c_7f7","geometry":{"type":"Point","coordinates":[-4.4225392,36.75195841,0]},"geometry_name":"SDOGEOMETRIA","properties":{"ID":75485,"NOMBRE":"APARCAPMR_1303","DESCRIPCION":"Esquina con calle Presbítero Samuel","DIRECCION":"CALLE MAESE NICOLÁS, 35 ","URL":null,"EMAIL":null,"CONTACTO":null,"HORARIOS":null,"PRECIOS":null,"TITULARIDAD":"MUNICIPAL","TARJETAJOVEN":"No","ACCESOPMR":"No","NROPLAZAS":"1","TOTALPLAZAS":2151}},{"type":"Feature","id":"da_aparcamientosMovilidadReducida.fid--175d4967_1a0508ab86c_7f8","geometry":{"type":"Point","coordinates":[-4.540198,36.72495204,0]},"geometry_name":"SDOGEOMETRIA","properties":{"ID":66167,"NOMBRE":"APARCAPMR_1046","DESCRIPCION":"Esq. con Cl. Adonis","DIRECCION":"CALLE JOSÉ CALDERÓN, 74B","URL":null,"EMAIL":null,"CONTACTO":null,"HORARIOS":null,"PRECIOS":null,"TITULARIDAD":"MUNICIPAL","TARJETAJOVEN":"No","ACCESOPMR":"No","NROPLAZAS":"1","TOTALPLAZAS":2151}},{"type":"Feature","id":"da_aparcamientosMovilidadReducida.fid--175d4967_1a0508ab86c_7f9","geometry":{"type":"Point","coordinates":[-4.49295759,36.7050617,0]},"geometry_name":"SDOGEOMETRIA","properties":{"ID":67019,"NOMBRE":"APARCAPMR_458","DESCRIPCION":"A la altura del nº 8","DIRECCION":"CALLE GUILLERMO LEE, 8 ","URL":null,"EMAIL":null,"CONTACTO":null,"HORARIOS":null,"PRECIOS":null,"TITULARIDAD":"MUNICIPAL","TARJETAJOVEN":"No","ACCESOPMR":"No","NROPLAZAS":"1","TOTALPLAZAS":2151}},{"type":"Feature","id":"da_aparcamientosMovilidadReducida.fid--175d4967_1a0508ab86c_7fa","geometry":{"type":"Point","coordinates":[-4.43558179,36.71237375,0]},"geometry_name":"SDOGEOMETRIA","properties":{"ID":66908,"NOMBRE":"APARCAPMR_417","DESCRIPCION":"Esquina con c/ La Unión","DIRECCION":"CALLE EDISON, 5 ","URL":null,"EMAIL":null,"CONTACTO":null,"HORARIOS":null,"PRECIOS":null,"TITULARIDAD":"MUNICIPAL","TARJETAJOVEN":"No","ACCESOPMR":"No","NROPLAZAS":"1","TOTALPLAZAS":2151}},{"type":"Feature","id":"da_aparcamientosMovilidadReducida.fid--175d4967_1a0508ab86c_7fb","geometry":{"type":"Point","coordinates":[-4.54666552,36.72919289,0]},"geometry_name":"SDOGEOMETRIA","properties":{"ID":77981,"NOMBRE":"APARCAPMR_1357","DESCRIPCION":"Esquina Av. Antonio Montiel","DIRECCION":"CALLE JOSÉ CALDERÓN, 210 ","URL":null,"EMAIL":null,"CONTACTO":null,"HORARIOS":null,"PRECIOS":null,"TITULARIDAD":"MUNICIPAL","TARJETAJOVEN":"No","ACCESOPMR":"No","NROPLAZAS":"1","TOTALPLAZAS":2151}},{"type":"Feature","id":"da_aparcamientosMovilidadReducida.fid--175d4967_1a0508ab86c_7fc","geometry":{"type":"Point","coordinates":[-4.36412,36.72236204,0]},"geometry_name":"SDOGEOMETRIA","properties":{"ID":66851,"NOMBRE":"APARCAPMR_982","DESCRIPCION":"Esquina calle Abogado Victoriano Frias","DIRECCION":"CALLE PANAMÁ, 3 ","URL":null,"EMAIL":null,"CONTACTO":null,"HORARIOS":null,"PRECIOS":null,"TITULARIDAD":"MUNICIPAL","TARJETAJOVEN":"No","ACCESOPMR":"No","NROPLAZAS":"1","TOTALPLAZAS":2151}},{"type":"Feature","id":"da_aparcamientosMovilidadReducida.fid--175d4967_1a0508ab86c_7fd","geometry":{"type":"Point","coordinates":[-4.4569611,36.68483124,0]},"geometry_name":"SDOGEOMETRIA","properties":{"ID":66999,"NOMBRE":"APARCAPMR_428","DESCRIPCION":"A la altura del nº 5","DIRECCION":"CALLE LILÍ ÁLVAREZ, 6 ","URL":null,"EMAIL":null,"CONTACTO":null,"HORARIOS":null,"PRECIOS":null,"TITULARIDAD":"MUNICIPAL","TARJETAJOVEN":"No","ACCESOPMR":"No","NROPLAZAS":"1","TOTALPLAZAS":2151}},{"type":"Feature","id":"da_aparcamientosMovilidadReducida.fid--175d4967_1a0508ab86c_7fe","geometry":{"type":"Point","coordinates":[-4.435829,36.71983804,0]},"geometry_name":"SDOGEOMETRIA","properties":{"ID":66240,"NOMBRE":"APARCAPMR_751","DESCRIPCION":null,"DIRECCION":"CALLE HONDURAS, 13 ","URL":null,"EMAIL":null,"CONTACTO":null,"HORARIOS":null,"PRECIOS":null,"TITULARIDAD":"MUNICIPAL","TARJETAJOVEN":"No","ACCESOPMR":"No","NROPLAZAS":"1","TOTALPLAZAS":2151}},{"type":"Feature","id":"da_aparcamientosMovilidadReducida.fid--175d4967_1a0508ab86c_7ff","geometry":{"type":"Point","coordinates":[-4.49297702,36.70592778,0]},"geometry_name":"SDOGEOMETRIA","properties":{"ID":80628,"NOMBRE":"APARCAPMR_1448","DESCRIPCION":"C/ Luxemburgo esquina con C/ Guillermo Lee","DIRECCION":"CALLE LUXEMBURGO, 1 ","URL":null,"EMAIL":null,"CONTACTO":null,"HORARIOS":null,"PRECIOS":null,"TITULARIDAD":"MUNICIPAL","TARJETAJOVEN":"No","ACCESOPMR":"No","NROPLAZAS":"1","TOTALPLAZAS":2151}},{"type":"Feature","id":"da_aparcamientosMovilidadReducida.fid--175d4967_1a0508ab86c_800","geometry":{"type":"Point","coordinates":[-4.492441,36.70655004,0]},"geometry_name":"SDOGEOMETRIA","properties":{"ID":66594,"NOMBRE":"APARCAPMR_921","DESCRIPCION":null,"DIRECCION":"CALLE JOSÉ MARÍA JACQUARD, 19 ","URL":null,"EMAIL":null,"CONTACTO":null,"HORARIOS":null,"PRECIOS":null,"TITULARIDAD":"MUNICIPAL","TARJETAJOVEN":"No","ACCESOPMR":"No","NROPLAZAS":"1","TOTALPLAZAS":2151}},{"type":"Feature","id":"da_aparcamientosMovilidadReducida.fid--175d4967_1a0508ab86c_801","geometry":{"type":"Point","coordinates":[-4.53416406,36.72759279,0]},"geometry_name":"SDOGEOMETRIA","properties":{"ID":66159,"NOMBRE":"APARCAPMR_1167","DESCRIPCION":"Esq. Carretera Campanillas a Colmenarejo","DIRECCION":"CALLE BAUXITA, 2 ","URL":null,"EMAIL":null,"CONTACTO":null,"HORARIOS":null,"PRECIOS":null,"TITULARIDAD":"MUNICIPAL","TARJETAJOVEN":"No","ACCESOPMR":"No","NROPLAZAS":"1","TOTALPLAZAS":2151}},{"type":"Feature","id":"da_aparcamientosMovilidadReducida.fid--175d4967_1a0508ab86c_802","geometry":{"type":"Point","coordinates":[-4.5742,36.73272604,0]},"geometry_name":"SDOGEOMETRIA","properties":{"ID":66810,"NOMBRE":"APARCAPMR_998","DESCRIPCION":null,"DIRECCION":"CALLE RONDA DEL NORTE, 57 ","URL":null,"EMAIL":null,"CONTACTO":null,"HORARIOS":null,"PRECIOS":null,"TITULARIDAD":"MUNICIPAL","TARJETAJOVEN":"No","ACCESOPMR":"No","NROPLAZAS":"1","TOTALPLAZAS":2151}},{"type":"Feature","id":"da_aparcamientosMovilidadReducida.fid--175d4967_1a0508ab86c_803","geometry":{"type":"Point","coordinates":[-4.57137624,36.72875675,0]},"geometry_name":"SDOGEOMETRIA","properties":{"ID":66542,"NOMBRE":"APARCAPMR_1159","DESCRIPCION":null,"DIRECCION":"CALLE ABEL, 2 ","URL":null,"EMAIL":null,"CONTACTO":null,"HORARIOS":null,"PRECIOS":null,"TITULARIDAD":"MUNICIPAL","TARJETAJOVEN":"No","ACCESOPMR":"No","NROPLAZAS":"3","TOTALPLAZAS":2151}},{"type":"Feature","id":"da_aparcamientosMovilidadReducida.fid--175d4967_1a0508ab86c_804","geometry":{"type":"Point","coordinates":[-4.502532,36.66498104,0]},"geometry_name":"SDOGEOMETRIA","properties":{"ID":66404,"NOMBRE":"APARCAPMR_1010","DESCRIPCION":"Esq. con Cl. Calamón","DIRECCION":"AVENIDA DE SAN JAVIER, 18 ","URL":null,"EMAIL":null,"CONTACTO":null,"HORARIOS":null,"PRECIOS":null,"TITULARIDAD":"MUNICIPAL","TARJETAJOVEN":"No","ACCESOPMR":"No","NROPLAZAS":"1","TOTALPLAZAS":2151}},{"type":"Feature","id":"da_aparcamientosMovilidadReducida.fid--175d4967_1a0508ab86c_805","geometry":{"type":"Point","coordinates":[-4.53301523,36.72802944,0]},"geometry_name":"SDOGEOMETRIA","properties":{"ID":77271,"NOMBRE":"APARCAPMR_1318","DESCRIPCION":"C/ Bauxita frente a C/ Cobre","DIRECCION":"CALLE BAUXITA, 26 ","URL":null,"EMAIL":null,"CONTACTO":null,"HORARIOS":null,"PRECIOS":null,"TITULARIDAD":"MUNICIPAL","TARJETAJOVEN":"No","ACCESOPMR":"No","NROPLAZAS":"2","TOTALPLAZAS":2151}},{"type":"Feature","id":"da_aparcamientosMovilidadReducida.fid--175d4967_1a0508ab86c_806","geometry":{"type":"Point","coordinates":[-4.428069,36.72585804,0]},"geometry_name":"SDOGEOMETRIA","properties":{"ID":66378,"NOMBRE":"APARCAPMR_1009","DESCRIPCION":"Esq. con Cl. Juan de Herrera","DIRECCION":"CALLE LA REGENTE, 15 ","URL":null,"EMAIL":null,"CONTACTO":null,"HORARIOS":null,"PRECIOS":null,"TITULARIDAD":"MUNICIPAL","TARJETAJOVEN":"No","ACCESOPMR":"No","NROPLAZAS":"1","TOTALPLAZAS":2151}},{"type":"Feature","id":"da_aparcamientosMovilidadReducida.fid--175d4967_1a0508ab86c_807","geometry":{"type":"Point","coordinates":[-4.46987584,36.72326742,0]},"geometry_name":"SDOGEOMETRIA","properties":{"ID":66491,"NOMBRE":"APARCAPMR_684","DESCRIPCION":"Esquina con Avd. Diego Fernández","DIRECCION":"CALLE MIGUEL CARRERA, 54 ","URL":null,"EMAIL":null,"CONTACTO":null,"HORARIOS":null,"PRECIOS":null,"TITULARIDAD":"MUNICIPAL","TARJETAJOVEN":"No","ACCESOPMR":"No","NROPLAZAS":"1","TOTALPLAZAS":2151}},{"type":"Feature","id":"da_aparcamientosMovilidadReducida.fid--175d4967_1a0508ab86c_808","geometry":{"type":"Point","coordinates":[-4.50146218,36.66721608,0]},"geometry_name":"SDOGEOMETRIA","properties":{"ID":79306,"NOMBRE":"APARCAPMR_1423","DESCRIPCION":"C/ Gaspar Sanz esquina con C/ Cabo de Gata","DIRECCION":"CALLE DE GASPAR SANZ, 14 ","URL":null,"EMAIL":null,"CONTACTO":null,"HORARIOS":null,"PRECIOS":null,"TITULARIDAD":"MUNICIPAL","TARJETAJOVEN":"No","ACCESOPMR":"No","NROPLAZAS":"1","TOTALPLAZAS":2151}},{"type":"Feature","id":"da_aparcamientosMovilidadReducida.fid--175d4967_1a0508ab86c_809","geometry":{"type":"Point","coordinates":[-4.49975,36.66659604,0]},"geometry_name":"SDOGEOMETRIA","properties":{"ID":66751,"NOMBRE":"APARCAPMR_972","DESCRIPCION":"Esquina c/ Luis de Narvaez","DIRECCION":"CALLE DE GASPAR SANZ, 18 ","URL":null,"EMAIL":null,"CONTACTO":null,"HORARIOS":null,"PRECIOS":null,"TITULARIDAD":"MUNICIPAL","TARJETAJOVEN":"No","ACCESOPMR":"No","NROPLAZAS":"1","TOTALPLAZAS":2151}},{"type":"Feature","id":"da_aparcamientosMovilidadReducida.fid--175d4967_1a0508ab86c_80a","geometry":{"type":"Point","coordinates":[-4.43738021,36.72111052,0]},"geometry_name":"SDOGEOMETRIA","properties":{"ID":66707,"NOMBRE":"APARCAPMR_080","DESCRIPCION":"Esquina con c/ Monseñor Carrillo Rubio. En la puerta de la oficina del INEM","DIRECCION":"CALLE CAPITÁN MARCOS GARCÍA, 2 ","URL":null,"EMAIL":null,"CONTACTO":null,"HORARIOS":null,"PRECIOS":null,"TITULARIDAD":"MUNICIPAL","TARJETAJOVEN":"No","ACCESOPMR":"No","NROPLAZAS":"2","TOTALPLAZAS":2151}},{"type":"Feature","id":"da_aparcamientosMovilidadReducida.fid--175d4967_1a0508ab86c_80b","geometry":{"type":"Point","coordinates":[-4.54618467,36.72883227,0]},"geometry_name":"SDOGEOMETRIA","properties":{"ID":77982,"NOMBRE":"APARCAPMR_1358","DESCRIPCION":"Esquina Av. Montiel","DIRECCION":"CALLE JOSÉ CALDERÓN, 202 ","URL":null,"EMAIL":null,"CONTACTO":null,"HORARIOS":null,"PRECIOS":null,"TITULARIDAD":"MUNICIPAL","TARJETAJOVEN":"No","ACCESOPMR":"No","NROPLAZAS":"1","TOTALPLAZAS":2151}},{"type":"Feature","id":"da_aparcamientosMovilidadReducida.fid--175d4967_1a0508ab86c_80c","geometry":{"type":"Point","coordinates":[-4.54499434,36.7281565,0]},"geometry_name":"SDOGEOMETRIA","properties":{"ID":77983,"NOMBRE":"APARCAPMR_1359","DESCRIPCION":"Esquina C/ Guardia Civil Diego Díaz Díaz","DIRECCION":"CALLE JOSÉ CALDERÓN, 174 ","URL":null,"EMAIL":null,"CONTACTO":null,"HORARIOS":null,"PRECIOS":null,"TITULARIDAD":"MUNICIPAL","TARJETAJOVEN":"No","ACCESOPMR":"No","NROPLAZAS":"1","TOTALPLAZAS":2151}},{"type":"Feature","id":"da_aparcamientosMovilidadReducida.fid--175d4967_1a0508ab86c_80d","geometry":{"type":"Point","coordinates":[-4.4347325,36.70936514,0]},"geometry_name":"SDOGEOMETRIA","properties":{"ID":66986,"NOMBRE":"APARCAPMR_398","DESCRIPCION":"A la altura del nº 6","DIRECCION":"CALLE EDWARD ELGAR, 2 ","URL":null,"EMAIL":null,"CONTACTO":null,"HORARIOS":null,"PRECIOS":null,"TITULARIDAD":"MUNICIPAL","TARJETAJOVEN":"No","ACCESOPMR":"No","NROPLAZAS":"1","TOTALPLAZAS":2151}},{"type":"Feature","id":"da_aparcamientosMovilidadReducida.fid--175d4967_1a0508ab86c_80e","geometry":{"type":"Point","coordinates":[-4.448702,36.70242004,0]},"geometry_name":"SDOGEOMETRIA","properties":{"ID":66408,"NOMBRE":"APARCAPMR_981","DESCRIPCION":"Frente al nº 12","DIRECCION":"CALLE EMILIO LAFUENTE ALCÁNTARA, 12 ","URL":null,"EMAIL":null,"CONTACTO":null,"HORARIOS":null,"PRECIOS":null,"TITULARIDAD":"MUNICIPAL","TARJETAJOVEN":"No","ACCESOPMR":"No","NROPLAZAS":"2","TOTALPLAZAS":2151}},{"type":"Feature","id":"da_aparcamientosMovilidadReducida.fid--175d4967_1a0508ab86c_80f","geometry":{"type":"Point","coordinates":[-4.450272,36.70882404,0]},"geometry_name":"SDOGEOMETRIA","properties":{"ID":66304,"NOMBRE":"APARCAPMR_849","DESCRIPCION":null,"DIRECCION":"PLAZA DEL ALCALDE ENRIQUE GÓMEZ RODRÍGUEZ, 9 ","URL":null,"EMAIL":null,"CONTACTO":null,"HORARIOS":null,"PRECIOS":null,"TITULARIDAD":"MUNICIPAL","TARJETAJOVEN":"No","ACCESOPMR":"No","NROPLAZAS":"1","TOTALPLAZAS":2151}},{"type":"Feature","id":"da_aparcamientosMovilidadReducida.fid--175d4967_1a0508ab86c_810","geometry":{"type":"Point","coordinates":[-4.54740509,36.72499536,0]},"geometry_name":"SDOGEOMETRIA","properties":{"ID":66994,"NOMBRE":"APARCAPMR_422","DESCRIPCION":"Esquina con Avenida Moscú","DIRECCION":"CALLE HELSINKI, 38 ","URL":null,"EMAIL":null,"CONTACTO":null,"HORARIOS":null,"PRECIOS":null,"TITULARIDAD":"MUNICIPAL","TARJETAJOVEN":"No","ACCESOPMR":"No","NROPLAZAS":"2","TOTALPLAZAS":2151}},{"type":"Feature","id":"da_aparcamientosMovilidadReducida.fid--175d4967_1a0508ab86c_811","geometry":{"type":"Point","coordinates":[-4.44512643,36.69013226,0]},"geometry_name":"SDOGEOMETRIA","properties":{"ID":66347,"NOMBRE":"APARCAPMR_327","DESCRIPCION":"Esquina con Avda. Sor Teresa Prat","DIRECCION":"AVENIDA DE LOS GUINDOS, 48 ","URL":null,"EMAIL":null,"CONTACTO":null,"HORARIOS":null,"PRECIOS":null,"TITULARIDAD":"MUNICIPAL","TARJETAJOVEN":"No","ACCESOPMR":"No","NROPLAZAS":"1","TOTALPLAZAS":2151}},{"type":"Feature","id":"da_aparcamientosMovilidadReducida.fid--175d4967_1a0508ab86c_812","geometry":{"type":"Point","coordinates":[-4.5427803,36.72665555,0]},"geometry_name":"SDOGEOMETRIA","properties":{"ID":67021,"NOMBRE":"APARCAPMR_461","DESCRIPCION":"Esquina con c/ Pontazgo","DIRECCION":"CALLE JOSÉ CALDERÓN, 134 ","URL":null,"EMAIL":null,"CONTACTO":null,"HORARIOS":null,"PRECIOS":null,"TITULARIDAD":"MUNICIPAL","TARJETAJOVEN":"No","ACCESOPMR":"No","NROPLAZAS":"1","TOTALPLAZAS":2151}},{"type":"Feature","id":"da_aparcamientosMovilidadReducida.fid--175d4967_1a0508ab86c_813","geometry":{"type":"Point","coordinates":[-4.44610812,36.6917077,0]},"geometry_name":"SDOGEOMETRIA","properties":{"ID":66517,"NOMBRE":"APARCAPMR_531","DESCRIPCION":"Esquina con Cl. Luis Barahona de Soto, frente al nº 6","DIRECCION":"CALLE LUIS BARAHONA DE SOTO, 16 ","URL":null,"EMAIL":null,"CONTACTO":null,"HORARIOS":null,"PRECIOS":null,"TITULARIDAD":"MUNICIPAL","TARJETAJOVEN":"No","ACCESOPMR":"No","NROPLAZAS":"2","TOTALPLAZAS":2151}},{"type":"Feature","id":"da_aparcamientosMovilidadReducida.fid--175d4967_1a0508ab86c_814","geometry":{"type":"Point","coordinates":[-4.44784498,36.69188312,0]},"geometry_name":"SDOGEOMETRIA","properties":{"ID":67231,"NOMBRE":"APARCAPMR_271","DESCRIPCION":"A la altura del nº 15","DIRECCION":"CALLE FRANCISCO PACHECO, 10 ","URL":null,"EMAIL":null,"CONTACTO":null,"HORARIOS":null,"PRECIOS":null,"TITULARIDAD":"MUNICIPAL","TARJETAJOVEN":"No","ACCESOPMR":"No","NROPLAZAS":"2","TOTALPLAZAS":2151}},{"type":"Feature","id":"da_aparcamientosMovilidadReducida.fid--175d4967_1a0508ab86c_815","geometry":{"type":"Point","coordinates":[-4.46374716,36.71177309,0]},"geometry_name":"SDOGEOMETRIA","properties":{"ID":78443,"NOMBRE":"APARCAPMR_1394","DESCRIPCION":"C/ Pierrot esquina con C/ Robinson Crusoe","DIRECCION":"CALLE PIERROT, 23 ","URL":null,"EMAIL":null,"CONTACTO":null,"HORARIOS":null,"PRECIOS":null,"TITULARIDAD":"MUNICIPAL","TARJETAJOVEN":"No","ACCESOPMR":"No","NROPLAZAS":"1","TOTALPLAZAS":2151}},{"type":"Feature","id":"da_aparcamientosMovilidadReducida.fid--175d4967_1a0508ab86c_816","geometry":{"type":"Point","coordinates":[-4.48002082,36.72282523,0]},"geometry_name":"SDOGEOMETRIA","properties":{"ID":76808,"NOMBRE":"APARCAPMR_1217","DESCRIPCION":null,"DIRECCION":"AVENIDA DE PARMÉNIDES, 8 ","URL":null,"EMAIL":null,"CONTACTO":null,"HORARIOS":null,"PRECIOS":null,"TITULARIDAD":"MUNICIPAL","TARJETAJOVEN":"No","ACCESOPMR":"No","NROPLAZAS":"1","TOTALPLAZAS":2151}},{"type":"Feature","id":"da_aparcamientosMovilidadReducida.fid--175d4967_1a0508ab86c_817","geometry":{"type":"Point","coordinates":[-4.48006153,36.72435256,0]},"geometry_name":"SDOGEOMETRIA","properties":{"ID":66991,"NOMBRE":"APARCAPMR_416","DESCRIPCION":"Esquina con c/ Navarro Ledesma","DIRECCION":"AVENIDA DE PARMÉNIDES, 2 ","URL":null,"EMAIL":null,"CONTACTO":null,"HORARIOS":null,"PRECIOS":null,"TITULARIDAD":"MUNICIPAL","TARJETAJOVEN":"No","ACCESOPMR":"No","NROPLAZAS":"1","TOTALPLAZAS":2151}},{"type":"Feature","id":"da_aparcamientosMovilidadReducida.fid--175d4967_1a0508ab86c_818","geometry":{"type":"Point","coordinates":[-4.485991,36.73383304,0]},"geometry_name":"SDOGEOMETRIA","properties":{"ID":66145,"NOMBRE":"APARCAPMR_829","DESCRIPCION":null,"DIRECCION":"CALLE NENÚFAR, 1 ","URL":null,"EMAIL":null,"CONTACTO":null,"HORARIOS":null,"PRECIOS":null,"TITULARIDAD":"MUNICIPAL","TARJETAJOVEN":"No","ACCESOPMR":"No","NROPLAZAS":"1","TOTALPLAZAS":2151}},{"type":"Feature","id":"da_aparcamientosMovilidadReducida.fid--175d4967_1a0508ab86c_819","geometry":{"type":"Point","coordinates":[-4.44675386,36.69145284,0]},"geometry_name":"SDOGEOMETRIA","properties":{"ID":67020,"NOMBRE":"APARCAPMR_460","DESCRIPCION":"A la altura del nº 7","DIRECCION":"CALLE FRANCISCO PACHECO, 8 ","URL":null,"EMAIL":null,"CONTACTO":null,"HORARIOS":null,"PRECIOS":null,"TITULARIDAD":"MUNICIPAL","TARJETAJOVEN":"No","ACCESOPMR":"No","NROPLAZAS":"1","TOTALPLAZAS":2151}},{"type":"Feature","id":"da_aparcamientosMovilidadReducida.fid--175d4967_1a0508ab86c_81a","geometry":{"type":"Point","coordinates":[-4.44803708,36.69121978,0]},"geometry_name":"SDOGEOMETRIA","properties":{"ID":81012,"NOMBRE":"APARCAPMR_1063","DESCRIPCION":null,"DIRECCION":"CALLE FRANCISCO PACHECO, 11 ","URL":null,"EMAIL":null,"CONTACTO":null,"HORARIOS":null,"PRECIOS":null,"TITULARIDAD":"MUNICIPAL","TARJETAJOVEN":"No","ACCESOPMR":"No","NROPLAZAS":"2","TOTALPLAZAS":2151}},{"type":"Feature","id":"da_aparcamientosMovilidadReducida.fid--175d4967_1a0508ab86c_81b","geometry":{"type":"Point","coordinates":[-4.476197,36.72145704,0]},"geometry_name":"SDOGEOMETRIA","properties":{"ID":66834,"NOMBRE":"APARCAPMR_1091","DESCRIPCION":"Esq. con Av. Plutarco","DIRECCION":"CALLE DE ANTÍGONA, 10 ","URL":null,"EMAIL":null,"CONTACTO":null,"HORARIOS":null,"PRECIOS":null,"TITULARIDAD":"MUNICIPAL","TARJETAJOVEN":"No","ACCESOPMR":"No","NROPLAZAS":"1","TOTALPLAZAS":2151}},{"type":"Feature","id":"da_aparcamientosMovilidadReducida.fid--175d4967_1a0508ab86c_81c","geometry":{"type":"Point","coordinates":[-4.485016,36.73462104,0]},"geometry_name":"SDOGEOMETRIA","properties":{"ID":66315,"NOMBRE":"APARCAPMR_866","DESCRIPCION":null,"DIRECCION":"CALLE DE BALZAC, 99 ","URL":null,"EMAIL":null,"CONTACTO":null,"HORARIOS":null,"PRECIOS":null,"TITULARIDAD":"MUNICIPAL","TARJETAJOVEN":"No","ACCESOPMR":"No","NROPLAZAS":"1","TOTALPLAZAS":2151}},{"type":"Feature","id":"da_aparcamientosMovilidadReducida.fid--175d4967_1a0508ab86c_81d","geometry":{"type":"Point","coordinates":[-4.45620865,36.68792335,0]},"geometry_name":"SDOGEOMETRIA","properties":{"ID":66520,"NOMBRE":"APARCAPMR_525","DESCRIPCION":"Esquina con c/ Comares","DIRECCION":"CALLE PALMA DEL RÍO, 31 ","URL":null,"EMAIL":null,"CONTACTO":null,"HORARIOS":null,"PRECIOS":null,"TITULARIDAD":"MUNICIPAL","TARJETAJOVEN":"No","ACCESOPMR":"No","NROPLAZAS":"2","TOTALPLAZAS":2151}},{"type":"Feature","id":"da_aparcamientosMovilidadReducida.fid--175d4967_1a0508ab86c_81e","geometry":{"type":"Point","coordinates":[-4.45544757,36.68926548,0]},"geometry_name":"SDOGEOMETRIA","properties":{"ID":66392,"NOMBRE":"APARCAPMR_612","DESCRIPCION":"Esquina con Cl. Palma del Río","DIRECCION":"CALLE PALMA DEL RÍO, 26 ","URL":null,"EMAIL":null,"CONTACTO":null,"HORARIOS":null,"PRECIOS":null,"TITULARIDAD":"MUNICIPAL","TARJETAJOVEN":"No","ACCESOPMR":"No","NROPLAZAS":"1","TOTALPLAZAS":2151}},{"type":"Feature","id":"da_aparcamientosMovilidadReducida.fid--175d4967_1a0508ab86c_81f","geometry":{"type":"Point","coordinates":[-4.47460755,36.72547044,0]},"geometry_name":"SDOGEOMETRIA","properties":{"ID":80036,"NOMBRE":"APARCAPMR_1435","DESCRIPCION":"C/ Escritora Josefina Aldecoa, N.º 3","DIRECCION":"CALLE ESCRITORA JOSEFINA ALDECOA, 3 ","URL":null,"EMAIL":null,"CONTACTO":null,"HORARIOS":null,"PRECIOS":null,"TITULARIDAD":"MUNICIPAL","TARJETAJOVEN":"No","ACCESOPMR":"No","NROPLAZAS":"1","TOTALPLAZAS":2151}},{"type":"Feature","id":"da_aparcamientosMovilidadReducida.fid--175d4967_1a0508ab86c_820","geometry":{"type":"Point","coordinates":[-4.482244,36.73306804,0]},"geometry_name":"SDOGEOMETRIA","properties":{"ID":66756,"NOMBRE":"APARCAPMR_1043","DESCRIPCION":"Esq. con Cl. Halcón","DIRECCION":"CALLE NOGALES, 2 ","URL":null,"EMAIL":null,"CONTACTO":null,"HORARIOS":null,"PRECIOS":null,"TITULARIDAD":"MUNICIPAL","TARJETAJOVEN":"No","ACCESOPMR":"No","NROPLAZAS":"1","TOTALPLAZAS":2151}},{"type":"Feature","id":"da_aparcamientosMovilidadReducida.fid--175d4967_1a0508ab86c_821","geometry":{"type":"Point","coordinates":[-4.48976,36.72287304,0]},"geometry_name":"SDOGEOMETRIA","properties":{"ID":66241,"NOMBRE":"APARCAPMR_762","DESCRIPCION":null,"DIRECCION":"CALLE JOSÉ MARÍA GONZÁLEZ RUIZ, 7 ","URL":null,"EMAIL":null,"CONTACTO":null,"HORARIOS":null,"PRECIOS":null,"TITULARIDAD":"MUNICIPAL","TARJETAJOVEN":"No","ACCESOPMR":"No","NROPLAZAS":"1","TOTALPLAZAS":2151}},{"type":"Feature","id":"da_aparcamientosMovilidadReducida.fid--175d4967_1a0508ab86c_822","geometry":{"type":"Point","coordinates":[-4.48770583,36.74443893,0]},"geometry_name":"SDOGEOMETRIA","properties":{"ID":66983,"NOMBRE":"APARCAPMR_405","DESCRIPCION":"Esquina con Cl. Juan Pérez de Viedma","DIRECCION":"CALLE JUAN PÉREZ DE VIEDMA, 25 ","URL":null,"EMAIL":null,"CONTACTO":null,"HORARIOS":null,"PRECIOS":null,"TITULARIDAD":"MUNICIPAL","TARJETAJOVEN":"No","ACCESOPMR":"No","NROPLAZAS":"1","TOTALPLAZAS":2151}},{"type":"Feature","id":"da_aparcamientosMovilidadReducida.fid--175d4967_1a0508ab86c_823","geometry":{"type":"Point","coordinates":[-4.46302601,36.69147578,0]},"geometry_name":"SDOGEOMETRIA","properties":{"ID":81032,"NOMBRE":"APARCAPMR_1106","DESCRIPCION":null,"DIRECCION":"PASAJE AMANTILLO, 15 ","URL":null,"EMAIL":null,"CONTACTO":null,"HORARIOS":null,"PRECIOS":null,"TITULARIDAD":"MUNICIPAL","TARJETAJOVEN":"No","ACCESOPMR":"No","NROPLAZAS":"1","TOTALPLAZAS":2151}},{"type":"Feature","id":"da_aparcamientosMovilidadReducida.fid--175d4967_1a0508ab86c_824","geometry":{"type":"Point","coordinates":[-4.48482044,36.74063594,0]},"geometry_name":"SDOGEOMETRIA","properties":{"ID":66661,"NOMBRE":"APARCAPMR_673","DESCRIPCION":"A la altura del nº 13","DIRECCION":"CALLE LEANDRA, 13 ","URL":null,"EMAIL":null,"CONTACTO":null,"HORARIOS":null,"PRECIOS":null,"TITULARIDAD":"MUNICIPAL","TARJETAJOVEN":"No","ACCESOPMR":"No","NROPLAZAS":"1","TOTALPLAZAS":2151}},{"type":"Feature","id":"da_aparcamientosMovilidadReducida.fid--175d4967_1a0508ab86c_825","geometry":{"type":"Point","coordinates":[-4.43614817,36.71101383,0]},"geometry_name":"SDOGEOMETRIA","properties":{"ID":67169,"NOMBRE":"APARCAPMR_024","DESCRIPCION":"Esquina con Pasaje Eguiluz","DIRECCION":"PASAJE EGUILUZ, 5 ","URL":null,"EMAIL":null,"CONTACTO":null,"HORARIOS":null,"PRECIOS":null,"TITULARIDAD":"MUNICIPAL","TARJETAJOVEN":"No","ACCESOPMR":"No","NROPLAZAS":"4","TOTALPLAZAS":2151}},{"type":"Feature","id":"da_aparcamientosMovilidadReducida.fid--175d4967_1a0508ab86c_826","geometry":{"type":"Point","coordinates":[-4.4369638,36.70462786,0]},"geometry_name":"SDOGEOMETRIA","properties":{"ID":67199,"NOMBRE":"APARCAPMR_108","DESCRIPCION":"Esquina con c/ Maestro Guerrero","DIRECCION":"CALLE AYALA, 75 ","URL":null,"EMAIL":null,"CONTACTO":null,"HORARIOS":null,"PRECIOS":null,"TITULARIDAD":"MUNICIPAL","TARJETAJOVEN":"No","ACCESOPMR":"No","NROPLAZAS":"2","TOTALPLAZAS":2151}},{"type":"Feature","id":"da_aparcamientosMovilidadReducida.fid--175d4967_1a0508ab86c_827","geometry":{"type":"Point","coordinates":[-4.542378,36.72535014,0]},"geometry_name":"SDOGEOMETRIA","properties":{"ID":67022,"NOMBRE":"APARCAPMR_462","DESCRIPCION":"A la altura del nº 9","DIRECCION":"CALLE PEDRO CEVALLOS, 9 ","URL":null,"EMAIL":null,"CONTACTO":null,"HORARIOS":null,"PRECIOS":null,"TITULARIDAD":"MUNICIPAL","TARJETAJOVEN":"No","ACCESOPMR":"No","NROPLAZAS":"1","TOTALPLAZAS":2151}},{"type":"Feature","id":"da_aparcamientosMovilidadReducida.fid--175d4967_1a0508ab86c_828","geometry":{"type":"Point","coordinates":[-4.47732702,36.71970875,0]},"geometry_name":"SDOGEOMETRIA","properties":{"ID":66659,"NOMBRE":"APARCAPMR_641","DESCRIPCION":"Esquina  con c/ Demostenes","DIRECCION":"CALLE DE ANTÍGONA, 3 ","URL":null,"EMAIL":null,"CONTACTO":null,"HORARIOS":null,"PRECIOS":null,"TITULARIDAD":"MUNICIPAL","TARJETAJOVEN":"No","ACCESOPMR":"No","NROPLAZAS":"2","TOTALPLAZAS":2151}},{"type":"Feature","id":"da_aparcamientosMovilidadReducida.fid--175d4967_1a0508ab86c_829","geometry":{"type":"Point","coordinates":[-4.476799,36.72056504,0]},"geometry_name":"SDOGEOMETRIA","properties":{"ID":66266,"NOMBRE":"APARCAPMR_1041","DESCRIPCION":"Esq. con Cl. Teseo","DIRECCION":"CALLE DE ANTÍGONA, 5 ","URL":null,"EMAIL":null,"CONTACTO":null,"HORARIOS":null,"PRECIOS":null,"TITULARIDAD":"MUNICIPAL","TARJETAJOVEN":"No","ACCESOPMR":"No","NROPLAZAS":"1","TOTALPLAZAS":2151}},{"type":"Feature","id":"da_aparcamientosMovilidadReducida.fid--175d4967_1a0508ab86c_82a","geometry":{"type":"Point","coordinates":[-4.44802791,36.69124637,0]},"geometry_name":"SDOGEOMETRIA","properties":{"ID":66777,"NOMBRE":"APARCAPMR_127","DESCRIPCION":"Esquina con Av. Los Guindos","DIRECCION":"AVENIDA DE LOS GUINDOS, 40 ","URL":null,"EMAIL":null,"CONTACTO":null,"HORARIOS":null,"PRECIOS":null,"TITULARIDAD":"MUNICIPAL","TARJETAJOVEN":"No","ACCESOPMR":"No","NROPLAZAS":"5","TOTALPLAZAS":2151}},{"type":"Feature","id":"da_aparcamientosMovilidadReducida.fid--175d4967_1a0508ab86c_82b","geometry":{"type":"Point","coordinates":[-4.43531692,36.7053262,0]},"geometry_name":"SDOGEOMETRIA","properties":{"ID":67224,"NOMBRE":"APARCAPMR_201","DESCRIPCION":"Frente a c/ Muñoz Degrain","DIRECCION":"CALLE CAPULINO JÁUREGUI, 6 ","URL":null,"EMAIL":null,"CONTACTO":null,"HORARIOS":null,"PRECIOS":null,"TITULARIDAD":"MUNICIPAL","TARJETAJOVEN":"No","ACCESOPMR":"No","NROPLAZAS":"2","TOTALPLAZAS":2151}},{"type":"Feature","id":"da_aparcamientosMovilidadReducida.fid--175d4967_1a0508ab86c_82c","geometry":{"type":"Point","coordinates":[-4.43601631,36.71965984,0]},"geometry_name":"SDOGEOMETRIA","properties":{"ID":67148,"NOMBRE":"APARCAPMR_276","DESCRIPCION":"Esquina con Cl. Monseñor Carrillo Rubio","DIRECCION":"CALLE MONSEÑOR CARRILLO RUBIO, 7 ","URL":null,"EMAIL":null,"CONTACTO":null,"HORARIOS":null,"PRECIOS":null,"TITULARIDAD":"MUNICIPAL","TARJETAJOVEN":"No","ACCESOPMR":"No","NROPLAZAS":"1","TOTALPLAZAS":2151}},{"type":"Feature","id":"da_aparcamientosMovilidadReducida.fid--175d4967_1a0508ab86c_82d","geometry":{"type":"Point","coordinates":[-4.54378009,36.72728974,0]},"geometry_name":"SDOGEOMETRIA","properties":{"ID":67270,"NOMBRE":"APARCAPMR_335","DESCRIPCION":"Esquina con c/ Alcabalas","DIRECCION":"CALLE JOSÉ CALDERÓN, 145 ","URL":null,"EMAIL":null,"CONTACTO":null,"HORARIOS":null,"PRECIOS":null,"TITULARIDAD":"MUNICIPAL","TARJETAJOVEN":"No","ACCESOPMR":"No","NROPLAZAS":"1","TOTALPLAZAS":2151}},{"type":"Feature","id":"da_aparcamientosMovilidadReducida.fid--175d4967_1a0508ab86c_82e","geometry":{"type":"Point","coordinates":[-4.46883264,36.73218177,0]},"geometry_name":"SDOGEOMETRIA","properties":{"ID":81054,"NOMBRE":"APARCAPMR_1250","DESCRIPCION":null,"DIRECCION":"CALLE SUMATRA, 3 ","URL":null,"EMAIL":null,"CONTACTO":null,"HORARIOS":null,"PRECIOS":null,"TITULARIDAD":"MUNICIPAL","TARJETAJOVEN":"No","ACCESOPMR":"No","NROPLAZAS":"1","TOTALPLAZAS":2151}},{"type":"Feature","id":"da_aparcamientosMovilidadReducida.fid--175d4967_1a0508ab86c_82f","geometry":{"type":"Point","coordinates":[-4.447207,36.69078804,0]},"geometry_name":"SDOGEOMETRIA","properties":{"ID":66287,"NOMBRE":"APARCAPMR_805","DESCRIPCION":null,"DIRECCION":"AVENIDA DE LOS GUINDOS, 44 ","URL":null,"EMAIL":null,"CONTACTO":null,"HORARIOS":null,"PRECIOS":null,"TITULARIDAD":"MUNICIPAL","TARJETAJOVEN":"No","ACCESOPMR":"No","NROPLAZAS":"1","TOTALPLAZAS":2151}},{"type":"Feature","id":"da_aparcamientosMovilidadReducida.fid--175d4967_1a0508ab86c_830","geometry":{"type":"Point","coordinates":[-4.43622348,36.71884509,0]},"geometry_name":"SDOGEOMETRIA","properties":{"ID":80908,"NOMBRE":"APARCAPMR_244","DESCRIPCION":null,"DIRECCION":"CALLE CAPITÁN HUELIN, 1 ","URL":null,"EMAIL":null,"CONTACTO":null,"HORARIOS":null,"PRECIOS":null,"TITULARIDAD":"MUNICIPAL","TARJETAJOVEN":"No","ACCESOPMR":"No","NROPLAZAS":"3","TOTALPLAZAS":2151}},{"type":"Feature","id":"da_aparcamientosMovilidadReducida.fid--175d4967_1a0508ab86c_831","geometry":{"type":"Point","coordinates":[-4.43569862,36.70287289,0]},"geometry_name":"SDOGEOMETRIA","properties":{"ID":78715,"NOMBRE":"APARCAPMR_1400","DESCRIPCION":"C/ Las Navas esquina con C/ Mendoza","DIRECCION":"CALLE LAS NAVAS, 9 ","URL":null,"EMAIL":null,"CONTACTO":null,"HORARIOS":null,"PRECIOS":null,"TITULARIDAD":"MUNICIPAL","TARJETAJOVEN":"No","ACCESOPMR":"No","NROPLAZAS":"1","TOTALPLAZAS":2151}},{"type":"Feature","id":"da_aparcamientosMovilidadReducida.fid--175d4967_1a0508ab86c_832","geometry":{"type":"Point","coordinates":[-4.43564549,36.71918523,0]},"geometry_name":"SDOGEOMETRIA","properties":{"ID":67149,"NOMBRE":"APARCAPMR_196","DESCRIPCION":"Esquina con c/ Monseñor Carrillo Rubio","DIRECCION":"CALLE ALFÉREZ SIMO CASTILLO, 7 ","URL":null,"EMAIL":null,"CONTACTO":null,"HORARIOS":null,"PRECIOS":null,"TITULARIDAD":"MUNICIPAL","TARJETAJOVEN":"No","ACCESOPMR":"No","NROPLAZAS":"1","TOTALPLAZAS":2151}},{"type":"Feature","id":"da_aparcamientosMovilidadReducida.fid--175d4967_1a0508ab86c_833","geometry":{"type":"Point","coordinates":[-4.550108,36.72827004,0]},"geometry_name":"SDOGEOMETRIA","properties":{"ID":66221,"NOMBRE":"APARCAPMR_1114","DESCRIPCION":"Esq. con Cl. Mateo Flecha","DIRECCION":"CALLE DE ENEAS, 18 ","URL":null,"EMAIL":null,"CONTACTO":null,"HORARIOS":null,"PRECIOS":null,"TITULARIDAD":"MUNICIPAL","TARJETAJOVEN":"No","ACCESOPMR":"No","NROPLAZAS":"1","TOTALPLAZAS":2151}},{"type":"Feature","id":"da_aparcamientosMovilidadReducida.fid--175d4967_1a0508ab86c_834","geometry":{"type":"Point","coordinates":[-4.435848,36.71950904,0]},"geometry_name":"SDOGEOMETRIA","properties":{"ID":66741,"NOMBRE":"APARCAPMR_930","DESCRIPCION":"Frente a Cl. Monseñor Carrillo Rubio","DIRECCION":"CALLE MONSEÑOR CARRILLO RUBIO, 5 ","URL":null,"EMAIL":null,"CONTACTO":null,"HORARIOS":null,"PRECIOS":null,"TITULARIDAD":"MUNICIPAL","TARJETAJOVEN":"No","ACCESOPMR":"No","NROPLAZAS":"1","TOTALPLAZAS":2151}},{"type":"Feature","id":"da_aparcamientosMovilidadReducida.fid--175d4967_1a0508ab86c_835","geometry":{"type":"Point","coordinates":[-4.555126,36.73855604,0]},"geometry_name":"SDOGEOMETRIA","properties":{"ID":66736,"NOMBRE":"APARCAPMR_996","DESCRIPCION":null,"DIRECCION":"CALLE SEVERO OCHOA, 51 ","URL":null,"EMAIL":null,"CONTACTO":null,"HORARIOS":null,"PRECIOS":null,"TITULARIDAD":"MUNICIPAL","TARJETAJOVEN":"No","ACCESOPMR":"No","NROPLAZAS":"1","TOTALPLAZAS":2151}},{"type":"Feature","id":"da_aparcamientosMovilidadReducida.fid--175d4967_1a0508ab86c_836","geometry":{"type":"Point","coordinates":[-4.45402801,36.690642,0]},"geometry_name":"SDOGEOMETRIA","properties":{"ID":66655,"NOMBRE":"APARCAPMR_670","DESCRIPCION":"Esquina c/ Juan Muñoz Herrera","DIRECCION":"CALLE PALMA DEL RÍO, 14 ","URL":null,"EMAIL":null,"CONTACTO":null,"HORARIOS":null,"PRECIOS":null,"TITULARIDAD":"MUNICIPAL","TARJETAJOVEN":"No","ACCESOPMR":"No","NROPLAZAS":"2","TOTALPLAZAS":2151}},{"type":"Feature","id":"da_aparcamientosMovilidadReducida.fid--175d4967_1a0508ab86c_837","geometry":{"type":"Point","coordinates":[-4.471875,36.72095404,0]},"geometry_name":"SDOGEOMETRIA","properties":{"ID":66369,"NOMBRE":"APARCAPMR_885","DESCRIPCION":null,"DIRECCION":"AVENIDA DE JOSÉ RIBERA, 29 ","URL":null,"EMAIL":null,"CONTACTO":null,"HORARIOS":null,"PRECIOS":null,"TITULARIDAD":"MUNICIPAL","TARJETAJOVEN":"No","ACCESOPMR":"No","NROPLAZAS":"1","TOTALPLAZAS":2151}},{"type":"Feature","id":"da_aparcamientosMovilidadReducida.fid--175d4967_1a0508ab86c_838","geometry":{"type":"Point","coordinates":[-4.472516,36.72263204,0]},"geometry_name":"SDOGEOMETRIA","properties":{"ID":66743,"NOMBRE":"APARCAPMR_994","DESCRIPCION":"Esq. Calle de Carmen Laforet","DIRECCION":"AVENIDA DE JOSÉ RIBERA, 3 ","URL":null,"EMAIL":null,"CONTACTO":null,"HORARIOS":null,"PRECIOS":null,"TITULARIDAD":"MUNICIPAL","TARJETAJOVEN":"No","ACCESOPMR":"No","NROPLAZAS":"1","TOTALPLAZAS":2151}},{"type":"Feature","id":"da_aparcamientosMovilidadReducida.fid--175d4967_1a0508ab86c_839","geometry":{"type":"Point","coordinates":[-4.4480896,36.67850498,0]},"geometry_name":"SDOGEOMETRIA","properties":{"ID":67263,"NOMBRE":"APARCAPMR_242","DESCRIPCION":null,"DIRECCION":"PASEO IBÉRICO, 4 ","URL":null,"EMAIL":null,"CONTACTO":null,"HORARIOS":null,"PRECIOS":null,"TITULARIDAD":"MUNICIPAL","TARJETAJOVEN":"No","ACCESOPMR":"No","NROPLAZAS":"1","TOTALPLAZAS":2151}},{"type":"Feature","id":"da_aparcamientosMovilidadReducida.fid--175d4967_1a0508ab86c_83a","geometry":{"type":"Point","coordinates":[-4.47224617,36.7215958,0]},"geometry_name":"SDOGEOMETRIA","properties":{"ID":66933,"NOMBRE":"APARCAPMR_225","DESCRIPCION":null,"DIRECCION":"AVENIDA DE JOSÉ RIBERA, 4 ","URL":null,"EMAIL":null,"CONTACTO":null,"HORARIOS":null,"PRECIOS":null,"TITULARIDAD":"MUNICIPAL","TARJETAJOVEN":"No","ACCESOPMR":"No","NROPLAZAS":"1","TOTALPLAZAS":2151}},{"type":"Feature","id":"da_aparcamientosMovilidadReducida.fid--175d4967_1a0508ab86c_83b","geometry":{"type":"Point","coordinates":[-4.45553273,36.72345768,0]},"geometry_name":"SDOGEOMETRIA","properties":{"ID":67187,"NOMBRE":"APARCAPMR_328","DESCRIPCION":"Esquina con c/ Alonso de Aguilar","DIRECCION":"CALLE RUY LÓPEZ, 30 ","URL":null,"EMAIL":null,"CONTACTO":null,"HORARIOS":null,"PRECIOS":null,"TITULARIDAD":"MUNICIPAL","TARJETAJOVEN":"No","ACCESOPMR":"No","NROPLAZAS":"2","TOTALPLAZAS":2151}},{"type":"Feature","id":"da_aparcamientosMovilidadReducida.fid--175d4967_1a0508ab86c_83c","geometry":{"type":"Point","coordinates":[-4.45461743,36.69300944,0]},"geometry_name":"SDOGEOMETRIA","properties":{"ID":66665,"NOMBRE":"APARCAPMR_680","DESCRIPCION":"Esquina con Avda. Velázquez","DIRECCION":"CALLE CHICO DEL MATADERO, 2 ","URL":null,"EMAIL":null,"CONTACTO":null,"HORARIOS":null,"PRECIOS":null,"TITULARIDAD":"MUNICIPAL","TARJETAJOVEN":"No","ACCESOPMR":"No","NROPLAZAS":"2","TOTALPLAZAS":2151}},{"type":"Feature","id":"da_aparcamientosMovilidadReducida.fid--175d4967_1a0508ab86c_83d","geometry":{"type":"Point","coordinates":[-4.45377924,36.69870812,0]},"geometry_name":"SDOGEOMETRIA","properties":{"ID":67229,"NOMBRE":"APARCAPMR_306","DESCRIPCION":"Esquina con Cl. Conejito de Málaga","DIRECCION":"CALLE CONEJITO DE MÁLAGA, 10 ","URL":null,"EMAIL":null,"CONTACTO":null,"HORARIOS":null,"PRECIOS":null,"TITULARIDAD":"MUNICIPAL","TARJETAJOVEN":"No","ACCESOPMR":"No","NROPLAZAS":"1","TOTALPLAZAS":2151}},{"type":"Feature","id":"da_aparcamientosMovilidadReducida.fid--175d4967_1a0508ab86c_83e","geometry":{"type":"Point","coordinates":[-4.45412597,36.69781176,0]},"geometry_name":"SDOGEOMETRIA","properties":{"ID":76897,"NOMBRE":"APARCAPMR_1283","DESCRIPCION":null,"DIRECCION":"CALLE INGENIERO DE LA CIERVA, 26 ","URL":null,"EMAIL":null,"CONTACTO":null,"HORARIOS":null,"PRECIOS":null,"TITULARIDAD":"MUNICIPAL","TARJETAJOVEN":"No","ACCESOPMR":"No","NROPLAZAS":"1","TOTALPLAZAS":2151}},{"type":"Feature","id":"da_aparcamientosMovilidadReducida.fid--175d4967_1a0508ab86c_83f","geometry":{"type":"Point","coordinates":[-4.44514628,36.71600638,0]},"geometry_name":"SDOGEOMETRIA","properties":{"ID":66273,"NOMBRE":"APARCAPMR_1182","DESCRIPCION":null,"DIRECCION":"CALLE VIRGEN DE LA SERVITA, 20 ","URL":null,"EMAIL":null,"CONTACTO":null,"HORARIOS":null,"PRECIOS":null,"TITULARIDAD":"MUNICIPAL","TARJETAJOVEN":"No","ACCESOPMR":"No","NROPLAZAS":"1","TOTALPLAZAS":2151}},{"type":"Feature","id":"da_aparcamientosMovilidadReducida.fid--175d4967_1a0508ab86c_840","geometry":{"type":"Point","coordinates":[-4.476384,36.69906304,0]},"geometry_name":"SDOGEOMETRIA","properties":{"ID":66872,"NOMBRE":"APARCAPMR_611","DESCRIPCION":"Frente a Cl. Estribor","DIRECCION":"CALLE TARQUINA, 29 ","URL":null,"EMAIL":null,"CONTACTO":null,"HORARIOS":null,"PRECIOS":null,"TITULARIDAD":"MUNICIPAL","TARJETAJOVEN":"No","ACCESOPMR":"No","NROPLAZAS":"2","TOTALPLAZAS":2151}},{"type":"Feature","id":"da_aparcamientosMovilidadReducida.fid--175d4967_1a0508ab86c_841","geometry":{"type":"Point","coordinates":[-4.45649138,36.69051935,0]},"geometry_name":"SDOGEOMETRIA","properties":{"ID":77272,"NOMBRE":"APARCAPMR_1316","DESCRIPCION":"Avenida Moliere esquina con la Avenida Velázquez","DIRECCION":"AVENIDA DE MOLIÈRE, 1 ","URL":null,"EMAIL":null,"CONTACTO":null,"HORARIOS":null,"PRECIOS":null,"TITULARIDAD":"MUNICIPAL","TARJETAJOVEN":"No","ACCESOPMR":"No","NROPLAZAS":"1","TOTALPLAZAS":2151}},{"type":"Feature","id":"da_aparcamientosMovilidadReducida.fid--175d4967_1a0508ab86c_842","geometry":{"type":"Point","coordinates":[-4.43630953,36.70131215,0]},"geometry_name":"SDOGEOMETRIA","properties":{"ID":81004,"NOMBRE":"APARCAPMR_1469","DESCRIPCION":null,"DIRECCION":"CALLE EMILIO DE LA CERDA, 1 ","URL":null,"EMAIL":null,"CONTACTO":null,"HORARIOS":null,"PRECIOS":null,"TITULARIDAD":"MUNICIPAL","TARJETAJOVEN":"No","ACCESOPMR":"No","NROPLAZAS":"1","TOTALPLAZAS":2151}},{"type":"Feature","id":"da_aparcamientosMovilidadReducida.fid--175d4967_1a0508ab86c_843","geometry":{"type":"Point","coordinates":[-4.429472,36.71562804,0]},"geometry_name":"SDOGEOMETRIA","properties":{"ID":66407,"NOMBRE":"APARCAPMR_909","DESCRIPCION":"Esquina Callejón del Perchel","DIRECCION":"CALLE CALLEJONES DEL PERCHEL, 1 ","URL":null,"EMAIL":null,"CONTACTO":null,"HORARIOS":null,"PRECIOS":null,"TITULARIDAD":"MUNICIPAL","TARJETAJOVEN":"No","ACCESOPMR":"No","NROPLAZAS":"3","TOTALPLAZAS":2151}},{"type":"Feature","id":"da_aparcamientosMovilidadReducida.fid--175d4967_1a0508ab86c_844","geometry":{"type":"Point","coordinates":[-4.44413084,36.71618997,0]},"geometry_name":"SDOGEOMETRIA","properties":{"ID":66580,"NOMBRE":"APARCAPMR_1249","DESCRIPCION":null,"DIRECCION":"CALLE VIRGEN DE LA SERVITA, 8 ","URL":null,"EMAIL":null,"CONTACTO":null,"HORARIOS":null,"PRECIOS":null,"TITULARIDAD":"MUNICIPAL","TARJETAJOVEN":"No","ACCESOPMR":"No","NROPLAZAS":"1","TOTALPLAZAS":2151}},{"type":"Feature","id":"da_aparcamientosMovilidadReducida.fid--175d4967_1a0508ab86c_845","geometry":{"type":"Point","coordinates":[-4.4311025,36.71018053,0]},"geometry_name":"SDOGEOMETRIA","properties":{"ID":66495,"NOMBRE":"APARCAPMR_675","DESCRIPCION":"Esq. Cl. Ayala","DIRECCION":"CALLE GÓNGORA, 30 ","URL":null,"EMAIL":null,"CONTACTO":null,"HORARIOS":null,"PRECIOS":null,"TITULARIDAD":"MUNICIPAL","TARJETAJOVEN":"No","ACCESOPMR":"No","NROPLAZAS":"2","TOTALPLAZAS":2151}},{"type":"Feature","id":"da_aparcamientosMovilidadReducida.fid--175d4967_1a0508ab86c_846","geometry":{"type":"Point","coordinates":[-4.443493,36.69704304,0]},"geometry_name":"SDOGEOMETRIA","properties":{"ID":66134,"NOMBRE":"APARCAPMR_809","DESCRIPCION":null,"DIRECCION":"CALLE TRAFALGAR, 9 ","URL":null,"EMAIL":null,"CONTACTO":null,"HORARIOS":null,"PRECIOS":null,"TITULARIDAD":"MUNICIPAL","TARJETAJOVEN":"No","ACCESOPMR":"No","NROPLAZAS":"2","TOTALPLAZAS":2151}},{"type":"Feature","id":"da_aparcamientosMovilidadReducida.fid--175d4967_1a0508ab86c_847","geometry":{"type":"Point","coordinates":[-4.44048469,36.72592396,4065435.96924668]},"geometry_name":"SDOGEOMETRIA","properties":{"ID":81006,"NOMBRE":"APARCAPMR_1467","DESCRIPCION":null,"DIRECCION":"CALLE LOS ROSALES, 20 ","URL":null,"EMAIL":null,"CONTACTO":null,"HORARIOS":null,"PRECIOS":null,"TITULARIDAD":"MUNICIPAL","TARJETAJOVEN":"No","ACCESOPMR":"No","NROPLAZAS":"1","TOTALPLAZAS":2151}},{"type":"Feature","id":"da_aparcamientosMovilidadReducida.fid--175d4967_1a0508ab86c_848","geometry":{"type":"Point","coordinates":[-4.42919901,36.71189145,0]},"geometry_name":"SDOGEOMETRIA","properties":{"ID":66208,"NOMBRE":"APARCAPMR_1119","DESCRIPCION":"Esq. con cl. Jacinto Verdaguer","DIRECCION":"CALLE SALITRE, 40 ","URL":null,"EMAIL":null,"CONTACTO":null,"HORARIOS":null,"PRECIOS":null,"TITULARIDAD":"MUNICIPAL","TARJETAJOVEN":"No","ACCESOPMR":"No","NROPLAZAS":"1","TOTALPLAZAS":2151}},{"type":"Feature","id":"da_aparcamientosMovilidadReducida.fid--175d4967_1a0508ab86c_849","geometry":{"type":"Point","coordinates":[-4.44736876,36.71854614,0]},"geometry_name":"SDOGEOMETRIA","properties":{"ID":66875,"NOMBRE":"APARCAPMR_233","DESCRIPCION":"Esquina con c/ De la Maestria Industrial.","DIRECCION":"CALLE DEL POLITÉCNICO, 10 ","URL":null,"EMAIL":null,"CONTACTO":null,"HORARIOS":null,"PRECIOS":null,"TITULARIDAD":"MUNICIPAL","TARJETAJOVEN":"No","ACCESOPMR":"No","NROPLAZAS":"2","TOTALPLAZAS":2151}},{"type":"Feature","id":"da_aparcamientosMovilidadReducida.fid--175d4967_1a0508ab86c_84a","geometry":{"type":"Point","coordinates":[-4.49292218,36.72588188,0]},"geometry_name":"SDOGEOMETRIA","properties":{"ID":66466,"NOMBRE":"APARCAPMR_1273","DESCRIPCION":"esquina con C/ Ramón Ramos Martín","DIRECCION":"CALLE MANUEL FLORES CALDERÓN, 2 ","URL":null,"EMAIL":null,"CONTACTO":null,"HORARIOS":null,"PRECIOS":null,"TITULARIDAD":"MUNICIPAL","TARJETAJOVEN":"No","ACCESOPMR":"No","NROPLAZAS":"1","TOTALPLAZAS":2151}},{"type":"Feature","id":"da_aparcamientosMovilidadReducida.fid--175d4967_1a0508ab86c_84b","geometry":{"type":"Point","coordinates":[-4.45295244,36.7210471,0]},"geometry_name":"SDOGEOMETRIA","properties":{"ID":66338,"NOMBRE":"APARCAPMR_334","DESCRIPCION":"Esquina con c/ Soliva","DIRECCION":"CALLE ZARAGÜETA, 17 ","URL":null,"EMAIL":null,"CONTACTO":null,"HORARIOS":null,"PRECIOS":null,"TITULARIDAD":"MUNICIPAL","TARJETAJOVEN":"No","ACCESOPMR":"No","NROPLAZAS":"1","TOTALPLAZAS":2151}},{"type":"Feature","id":"da_aparcamientosMovilidadReducida.fid--175d4967_1a0508ab86c_84c","geometry":{"type":"Point","coordinates":[-4.45728053,36.72416033,0]},"geometry_name":"SDOGEOMETRIA","properties":{"ID":66755,"NOMBRE":"APARCAPMR_1123","DESCRIPCION":"Esq. con Cl. Conde de Belalcazar","DIRECCION":"CALLE RUY LÓPEZ, 50 ","URL":null,"EMAIL":null,"CONTACTO":null,"HORARIOS":null,"PRECIOS":null,"TITULARIDAD":"MUNICIPAL","TARJETAJOVEN":"No","ACCESOPMR":"No","NROPLAZAS":"1","TOTALPLAZAS":2151}},{"type":"Feature","id":"da_aparcamientosMovilidadReducida.fid--175d4967_1a0508ab86c_84d","geometry":{"type":"Point","coordinates":[-4.45523366,36.70513911,0]},"geometry_name":"SDOGEOMETRIA","properties":{"ID":66940,"NOMBRE":"APARCAPMR_093","DESCRIPCION":"Esquina con Cl. Sanhedun","DIRECCION":"CALLE SANHEDÚN, 4 ","URL":null,"EMAIL":null,"CONTACTO":null,"HORARIOS":null,"PRECIOS":null,"TITULARIDAD":"MUNICIPAL","TARJETAJOVEN":"No","ACCESOPMR":"No","NROPLAZAS":"3","TOTALPLAZAS":2151}},{"type":"Feature","id":"da_aparcamientosMovilidadReducida.fid--175d4967_1a0508ab86c_84e","geometry":{"type":"Point","coordinates":[-4.44632605,36.71001174,0]},"geometry_name":"SDOGEOMETRIA","properties":{"ID":66870,"NOMBRE":"APARCAPMR_669","DESCRIPCION":"Esquina con c/ Alozaina","DIRECCION":"CALLE RÍO ÁGUEDA, 2 ","URL":null,"EMAIL":null,"CONTACTO":null,"HORARIOS":null,"PRECIOS":null,"TITULARIDAD":"MUNICIPAL","TARJETAJOVEN":"No","ACCESOPMR":"No","NROPLAZAS":"2","TOTALPLAZAS":2151}},{"type":"Feature","id":"da_aparcamientosMovilidadReducida.fid--175d4967_1a0508ab86c_84f","geometry":{"type":"Point","coordinates":[-4.44432448,36.71433959,0]},"geometry_name":"SDOGEOMETRIA","properties":{"ID":78714,"NOMBRE":"APARCAPMR_1397","DESCRIPCION":"C/ Zancara esquina con C/ Virgen de la Fuensanta","DIRECCION":"CALLE ZÁNCARA, 3 ","URL":null,"EMAIL":null,"CONTACTO":null,"HORARIOS":null,"PRECIOS":null,"TITULARIDAD":"MUNICIPAL","TARJETAJOVEN":"No","ACCESOPMR":"No","NROPLAZAS":"1","TOTALPLAZAS":2151}},{"type":"Feature","id":"da_aparcamientosMovilidadReducida.fid--175d4967_1a0508ab86c_850","geometry":{"type":"Point","coordinates":[-4.49036431,36.73369949,4066366.72113923]},"geometry_name":"SDOGEOMETRIA","properties":{"ID":80145,"NOMBRE":"APARCAPMR_1438","DESCRIPCION":"Avenida Rocío Jurado, Nº 8","DIRECCION":"AVENIDA ROCÍO JURADO, 8 ","URL":null,"EMAIL":null,"CONTACTO":null,"HORARIOS":null,"PRECIOS":null,"TITULARIDAD":"MUNICIPAL","TARJETAJOVEN":"No","ACCESOPMR":"No","NROPLAZAS":"1","TOTALPLAZAS":2151}},{"type":"Feature","id":"da_aparcamientosMovilidadReducida.fid--175d4967_1a0508ab86c_851","geometry":{"type":"Point","coordinates":[-4.45791,36.69789604,0]},"geometry_name":"SDOGEOMETRIA","properties":{"ID":66440,"NOMBRE":"APARCAPMR_997","DESCRIPCION":"Junto S. E. P. San Andres","DIRECCION":"EL CAMARÁ, 5 ","URL":null,"EMAIL":null,"CONTACTO":null,"HORARIOS":null,"PRECIOS":null,"TITULARIDAD":"MUNICIPAL","TARJETAJOVEN":"No","ACCESOPMR":"No","NROPLAZAS":"3","TOTALPLAZAS":2151}},{"type":"Feature","id":"da_aparcamientosMovilidadReducida.fid--175d4967_1a0508ab86c_852","geometry":{"type":"Point","coordinates":[-4.48287383,36.74527633,0]},"geometry_name":"SDOGEOMETRIA","properties":{"ID":66570,"NOMBRE":"APARCAPMR_714","DESCRIPCION":"Esquina con c/ Herodoto","DIRECCION":"CALLE FUENTE ALEGRE, 18 ","URL":null,"EMAIL":null,"CONTACTO":null,"HORARIOS":null,"PRECIOS":null,"TITULARIDAD":"MUNICIPAL","TARJETAJOVEN":"No","ACCESOPMR":"No","NROPLAZAS":"1","TOTALPLAZAS":2151}},{"type":"Feature","id":"da_aparcamientosMovilidadReducida.fid--175d4967_1a0508ab86c_853","geometry":{"type":"Point","coordinates":[-4.437733,36.72332604,0]},"geometry_name":"SDOGEOMETRIA","properties":{"ID":66421,"NOMBRE":"APARCAPMR_1053","DESCRIPCION":"Esq. con Pasaje Begoña","DIRECCION":"PASAJE URBASA, 2 ","URL":null,"EMAIL":null,"CONTACTO":null,"HORARIOS":null,"PRECIOS":null,"TITULARIDAD":"MUNICIPAL","TARJETAJOVEN":"No","ACCESOPMR":"No","NROPLAZAS":"1","TOTALPLAZAS":2151}},{"type":"Feature","id":"da_aparcamientosMovilidadReducida.fid--175d4967_1a0508ab86c_854","geometry":{"type":"Point","coordinates":[-4.44875211,36.70071296,0]},"geometry_name":"SDOGEOMETRIA","properties":{"ID":67249,"NOMBRE":"APARCAPMR_147","DESCRIPCION":"Esquina con Avda. Manuel Torres","DIRECCION":"CALLE NIÑO DE GLORIA, 13 ","URL":null,"EMAIL":null,"CONTACTO":null,"HORARIOS":null,"PRECIOS":null,"TITULARIDAD":"MUNICIPAL","TARJETAJOVEN":"No","ACCESOPMR":"No","NROPLAZAS":"1","TOTALPLAZAS":2151}},{"type":"Feature","id":"da_aparcamientosMovilidadReducida.fid--175d4967_1a0508ab86c_855","geometry":{"type":"Point","coordinates":[-4.44911119,36.70058021,0]},"geometry_name":"SDOGEOMETRIA","properties":{"ID":66544,"NOMBRE":"APARCAPMR_1234","DESCRIPCION":null,"DIRECCION":"CALLE NIÑO DE GLORIA, 7 ","URL":null,"EMAIL":null,"CONTACTO":null,"HORARIOS":null,"PRECIOS":null,"TITULARIDAD":"MUNICIPAL","TARJETAJOVEN":"No","ACCESOPMR":"No","NROPLAZAS":"1","TOTALPLAZAS":2151}},{"type":"Feature","id":"da_aparcamientosMovilidadReducida.fid--175d4967_1a0508ab86c_856","geometry":{"type":"Point","coordinates":[-4.455311,36.69360504,0]},"geometry_name":"SDOGEOMETRIA","properties":{"ID":66597,"NOMBRE":"APARCAPMR_983","DESCRIPCION":"A la altura del nº 6","DIRECCION":"CALLE CHICO DEL MATADERO, 6 ","URL":null,"EMAIL":null,"CONTACTO":null,"HORARIOS":null,"PRECIOS":null,"TITULARIDAD":"MUNICIPAL","TARJETAJOVEN":"No","ACCESOPMR":"No","NROPLAZAS":"1","TOTALPLAZAS":2151}},{"type":"Feature","id":"da_aparcamientosMovilidadReducida.fid--175d4967_1a0508ab86c_857","geometry":{"type":"Point","coordinates":[-4.41954553,36.73150746,0]},"geometry_name":"SDOGEOMETRIA","properties":{"ID":66560,"NOMBRE":"APARCAPMR_699","DESCRIPCION":"Esquina con c/ Virgen de Gracia","DIRECCION":"ALAMEDA BARCELÓ, 53 ","URL":null,"EMAIL":null,"CONTACTO":null,"HORARIOS":null,"PRECIOS":null,"TITULARIDAD":"MUNICIPAL","TARJETAJOVEN":"No","ACCESOPMR":"No","NROPLAZAS":"1","TOTALPLAZAS":2151}},{"type":"Feature","id":"da_aparcamientosMovilidadReducida.fid--175d4967_1a0508ab86c_858","geometry":{"type":"Point","coordinates":[-4.423346,36.74632604,0]},"geometry_name":"SDOGEOMETRIA","properties":{"ID":66228,"NOMBRE":"APARCAPMR_758","DESCRIPCION":null,"DIRECCION":"CALLE POTRO DE CÓRDOBA, 5 ","URL":null,"EMAIL":null,"CONTACTO":null,"HORARIOS":null,"PRECIOS":null,"TITULARIDAD":"MUNICIPAL","TARJETAJOVEN":"No","ACCESOPMR":"No","NROPLAZAS":"2","TOTALPLAZAS":2151}},{"type":"Feature","id":"da_aparcamientosMovilidadReducida.fid--175d4967_1a0508ab86c_859","geometry":{"type":"Point","coordinates":[-4.420644,36.73093204,0]},"geometry_name":"SDOGEOMETRIA","properties":{"ID":66526,"NOMBRE":"APARCAPMR_901","DESCRIPCION":"Intersección Alameda Barcelo","DIRECCION":"CALLE VICENTE GÓMEZ DE CÁDIZ, 8 ","URL":null,"EMAIL":null,"CONTACTO":null,"HORARIOS":null,"PRECIOS":null,"TITULARIDAD":"MUNICIPAL","TARJETAJOVEN":"No","ACCESOPMR":"No","NROPLAZAS":"2","TOTALPLAZAS":2151}},{"type":"Feature","id":"da_aparcamientosMovilidadReducida.fid--175d4967_1a0508ab86c_85a","geometry":{"type":"Point","coordinates":[-4.4200751,36.73808454,0]},"geometry_name":"SDOGEOMETRIA","properties":{"ID":66697,"NOMBRE":"APARCAPMR_543","DESCRIPCION":"Esquina hacia la plaza Nazaret","DIRECCION":"AVENIDA DE LAS POSTAS, 13 ","URL":null,"EMAIL":null,"CONTACTO":null,"HORARIOS":null,"PRECIOS":null,"TITULARIDAD":"MUNICIPAL","TARJETAJOVEN":"No","ACCESOPMR":"No","NROPLAZAS":"2","TOTALPLAZAS":2151}},{"type":"Feature","id":"da_aparcamientosMovilidadReducida.fid--175d4967_1a0508ab86c_85b","geometry":{"type":"Point","coordinates":[-4.5011571,36.66786873,0]},"geometry_name":"SDOGEOMETRIA","properties":{"ID":66969,"NOMBRE":"APARCAPMR_382","DESCRIPCION":"Frente al nº 1, esquina con Cl. Toril.","DIRECCION":"CALLE DE LA VEGA, 33 ","URL":null,"EMAIL":null,"CONTACTO":null,"HORARIOS":null,"PRECIOS":null,"TITULARIDAD":"MUNICIPAL","TARJETAJOVEN":"No","ACCESOPMR":"No","NROPLAZAS":"1","TOTALPLAZAS":2151}},{"type":"Feature","id":"da_aparcamientosMovilidadReducida.fid--175d4967_1a0508ab86c_85c","geometry":{"type":"Point","coordinates":[-4.41427523,36.74579007,0]},"geometry_name":"SDOGEOMETRIA","properties":{"ID":66540,"NOMBRE":"APARCAPMR_1184","DESCRIPCION":null,"DIRECCION":"CALLE SANSÓN CARRASCO, 1 ","URL":null,"EMAIL":null,"CONTACTO":null,"HORARIOS":null,"PRECIOS":null,"TITULARIDAD":"MUNICIPAL","TARJETAJOVEN":"No","ACCESOPMR":"No","NROPLAZAS":"2","TOTALPLAZAS":2151}},{"type":"Feature","id":"da_aparcamientosMovilidadReducida.fid--175d4967_1a0508ab86c_85d","geometry":{"type":"Point","coordinates":[-4.43454309,36.7268833,0]},"geometry_name":"SDOGEOMETRIA","properties":{"ID":80944,"NOMBRE":"APARCAPMR_834","DESCRIPCION":null,"DIRECCION":"CALLE VELARDE, 28 ","URL":null,"EMAIL":null,"CONTACTO":null,"HORARIOS":null,"PRECIOS":null,"TITULARIDAD":"MUNICIPAL","TARJETAJOVEN":"No","ACCESOPMR":"No","NROPLAZAS":"2","TOTALPLAZAS":2151}},{"type":"Feature","id":"da_aparcamientosMovilidadReducida.fid--175d4967_1a0508ab86c_85e","geometry":{"type":"Point","coordinates":[-4.42068921,36.73122803,0]},"geometry_name":"SDOGEOMETRIA","properties":{"ID":77788,"NOMBRE":"APARCAPMR_1327","DESCRIPCION":"Alameda Barceló esquina con C/ Montserrat","DIRECCION":"ALAMEDA BARCELÓ, 31 ","URL":null,"EMAIL":null,"CONTACTO":null,"HORARIOS":null,"PRECIOS":null,"TITULARIDAD":"MUNICIPAL","TARJETAJOVEN":"No","ACCESOPMR":"No","NROPLAZAS":"1","TOTALPLAZAS":2151}},{"type":"Feature","id":"da_aparcamientosMovilidadReducida.fid--175d4967_1a0508ab86c_85f","geometry":{"type":"Point","coordinates":[-4.43091273,36.72619872,0]},"geometry_name":"SDOGEOMETRIA","properties":{"ID":67121,"NOMBRE":"APARCAPMR_076","DESCRIPCION":"Esquina con Avda. Barcelona","DIRECCION":"CALLE VELARDE, 1 ","URL":null,"EMAIL":null,"CONTACTO":null,"HORARIOS":null,"PRECIOS":null,"TITULARIDAD":"MUNICIPAL","TARJETAJOVEN":"No","ACCESOPMR":"No","NROPLAZAS":"2","TOTALPLAZAS":2151}},{"type":"Feature","id":"da_aparcamientosMovilidadReducida.fid--175d4967_1a0508ab86c_860","geometry":{"type":"Point","coordinates":[-4.37488838,36.72284006,0]},"geometry_name":"SDOGEOMETRIA","properties":{"ID":80993,"NOMBRE":"APARCAPMR_960","DESCRIPCION":null,"DIRECCION":"CALLE VENTURA DE LA VEGA, 3 ","URL":null,"EMAIL":null,"CONTACTO":null,"HORARIOS":null,"PRECIOS":null,"TITULARIDAD":"MUNICIPAL","TARJETAJOVEN":"No","ACCESOPMR":"No","NROPLAZAS":"1","TOTALPLAZAS":2151}},{"type":"Feature","id":"da_aparcamientosMovilidadReducida.fid--175d4967_1a0508ab86c_861","geometry":{"type":"Point","coordinates":[-4.500159,36.66474204,0]},"geometry_name":"SDOGEOMETRIA","properties":{"ID":66197,"NOMBRE":"APARCAPMR_766","DESCRIPCION":"Intersección con Luisa Sene","DIRECCION":"CALLE ISABEL DALVO, 1 ","URL":null,"EMAIL":null,"CONTACTO":null,"HORARIOS":null,"PRECIOS":null,"TITULARIDAD":"MUNICIPAL","TARJETAJOVEN":"No","ACCESOPMR":"No","NROPLAZAS":"1","TOTALPLAZAS":2151}},{"type":"Feature","id":"da_aparcamientosMovilidadReducida.fid--175d4967_1a0508ab86c_862","geometry":{"type":"Point","coordinates":[-4.42925737,36.71473107,0]},"geometry_name":"SDOGEOMETRIA","properties":{"ID":80901,"NOMBRE":"APARCAPMR_37","DESCRIPCION":null,"DIRECCION":"CALLE MALPICA, 7 ","URL":null,"EMAIL":null,"CONTACTO":null,"HORARIOS":null,"PRECIOS":null,"TITULARIDAD":"MUNICIPAL","TARJETAJOVEN":"No","ACCESOPMR":"No","NROPLAZAS":"1","TOTALPLAZAS":2151}},{"type":"Feature","id":"da_aparcamientosMovilidadReducida.fid--175d4967_1a0508ab86c_863","geometry":{"type":"Point","coordinates":[-4.39571345,36.72480954,0]},"geometry_name":"SDOGEOMETRIA","properties":{"ID":74625,"NOMBRE":"APARCAPMR_734","DESCRIPCION":null,"DIRECCION":"CALLE SAN VICENTE DE PAUL, 24 ","URL":null,"EMAIL":null,"CONTACTO":null,"HORARIOS":null,"PRECIOS":null,"TITULARIDAD":"MUNICIPAL","TARJETAJOVEN":"No","ACCESOPMR":"No","NROPLAZAS":"2","TOTALPLAZAS":2151}},{"type":"Feature","id":"da_aparcamientosMovilidadReducida.fid--175d4967_1a0508ab86c_864","geometry":{"type":"Point","coordinates":[-4.44650173,36.69901242,0]},"geometry_name":"SDOGEOMETRIA","properties":{"ID":67245,"NOMBRE":"APARCAPMR_163","DESCRIPCION":"Esquina con Avda. Velázquez","DIRECCION":"CALLE MORETI, 2 ","URL":null,"EMAIL":null,"CONTACTO":null,"HORARIOS":null,"PRECIOS":null,"TITULARIDAD":"MUNICIPAL","TARJETAJOVEN":"No","ACCESOPMR":"No","NROPLAZAS":"1","TOTALPLAZAS":2151}},{"type":"Feature","id":"da_aparcamientosMovilidadReducida.fid--175d4967_1a0508ab86c_865","geometry":{"type":"Point","coordinates":[-4.49981801,36.66351304,0]},"geometry_name":"SDOGEOMETRIA","properties":{"ID":66649,"NOMBRE":"APARCAPMR_677","DESCRIPCION":"Esquina con Av. San Javier","DIRECCION":"CALLE ISABEL COLBRAN, 27 ","URL":null,"EMAIL":null,"CONTACTO":null,"HORARIOS":null,"PRECIOS":null,"TITULARIDAD":"MUNICIPAL","TARJETAJOVEN":"No","ACCESOPMR":"No","NROPLAZAS":"1","TOTALPLAZAS":2151}},{"type":"Feature","id":"da_aparcamientosMovilidadReducida.fid--175d4967_1a0508ab86c_866","geometry":{"type":"Point","coordinates":[-4.42016244,36.72745258,0]},"geometry_name":"SDOGEOMETRIA","properties":{"ID":67223,"NOMBRE":"APARCAPMR_087","DESCRIPCION":"Esquina c/ Hermosilla","DIRECCION":"CALLE SAN MILLÁN, 4 ","URL":null,"EMAIL":null,"CONTACTO":null,"HORARIOS":null,"PRECIOS":null,"TITULARIDAD":"MUNICIPAL","TARJETAJOVEN":"No","ACCESOPMR":"No","NROPLAZAS":"2","TOTALPLAZAS":2151}},{"type":"Feature","id":"da_aparcamientosMovilidadReducida.fid--175d4967_1a0508ab86c_867","geometry":{"type":"Point","coordinates":[-4.44861799,36.70104628,0]},"geometry_name":"SDOGEOMETRIA","properties":{"ID":66396,"NOMBRE":"APARCAPMR_177","DESCRIPCION":"Frente al Centro de Salud de El Torcal. ","DIRECCION":"CALLE JOSÉ PALANCA, 22 ","URL":null,"EMAIL":null,"CONTACTO":null,"HORARIOS":null,"PRECIOS":null,"TITULARIDAD":"MUNICIPAL","TARJETAJOVEN":"No","ACCESOPMR":"No","NROPLAZAS":"2","TOTALPLAZAS":2151}},{"type":"Feature","id":"da_aparcamientosMovilidadReducida.fid--175d4967_1a0508ab86c_868","geometry":{"type":"Point","coordinates":[-4.43739356,36.70214436,0]},"geometry_name":"SDOGEOMETRIA","properties":{"ID":76895,"NOMBRE":"APARCAPMR_899","DESCRIPCION":null,"DIRECCION":"CALLE EMILIO DE LA CERDA, 27 ","URL":null,"EMAIL":null,"CONTACTO":null,"HORARIOS":null,"PRECIOS":null,"TITULARIDAD":"MUNICIPAL","TARJETAJOVEN":"No","ACCESOPMR":"No","NROPLAZAS":"2","TOTALPLAZAS":2151}},{"type":"Feature","id":"da_aparcamientosMovilidadReducida.fid--175d4967_1a0508ab86c_869","geometry":{"type":"Point","coordinates":[-4.44756322,36.69813391,0]},"geometry_name":"SDOGEOMETRIA","properties":{"ID":67256,"NOMBRE":"APARCAPMR_104","DESCRIPCION":"Esquina con Av. Velázquez","DIRECCION":"CALLE GIUSEPPE MICAEL, 2 ","URL":null,"EMAIL":null,"CONTACTO":null,"HORARIOS":null,"PRECIOS":null,"TITULARIDAD":"MUNICIPAL","TARJETAJOVEN":"No","ACCESOPMR":"No","NROPLAZAS":"2","TOTALPLAZAS":2151}},{"type":"Feature","id":"da_aparcamientosMovilidadReducida.fid--175d4967_1a0508ab86c_86a","geometry":{"type":"Point","coordinates":[-4.3636526,36.72634307,0]},"geometry_name":"SDOGEOMETRIA","properties":{"ID":81022,"NOMBRE":"APARCAPMR_1078","DESCRIPCION":null,"DIRECCION":"CAMINO SAN ANTÓN, 24 ","URL":null,"EMAIL":null,"CONTACTO":null,"HORARIOS":null,"PRECIOS":null,"TITULARIDAD":"MUNICIPAL","TARJETAJOVEN":"No","ACCESOPMR":"No","NROPLAZAS":"1","TOTALPLAZAS":2151}},{"type":"Feature","id":"da_aparcamientosMovilidadReducida.fid--175d4967_1a0508ab86c_86b","geometry":{"type":"Point","coordinates":[-4.45535723,36.70482129,0]},"geometry_name":"SDOGEOMETRIA","properties":{"ID":78391,"NOMBRE":"APARCAPMR_1337","DESCRIPCION":"Av. Editor Angel Caffarena esq. C/ Poeta Aurora de Albornoz","DIRECCION":"CALLE SANHEDÚN, 1 ","URL":null,"EMAIL":null,"CONTACTO":null,"HORARIOS":null,"PRECIOS":null,"TITULARIDAD":"MUNICIPAL","TARJETAJOVEN":"No","ACCESOPMR":"No","NROPLAZAS":"1","TOTALPLAZAS":2151}},{"type":"Feature","id":"da_aparcamientosMovilidadReducida.fid--175d4967_1a0508ab86c_86c","geometry":{"type":"Point","coordinates":[-4.42025632,36.72741389,0]},"geometry_name":"SDOGEOMETRIA","properties":{"ID":66976,"NOMBRE":"APARCAPMR_393","DESCRIPCION":"A la altura del nº 9","DIRECCION":"CALLE SAN MILLÁN, 9 ","URL":null,"EMAIL":null,"CONTACTO":null,"HORARIOS":null,"PRECIOS":null,"TITULARIDAD":"MUNICIPAL","TARJETAJOVEN":"No","ACCESOPMR":"No","NROPLAZAS":"1","TOTALPLAZAS":2151}},{"type":"Feature","id":"da_aparcamientosMovilidadReducida.fid--175d4967_1a0508ab86c_86d","geometry":{"type":"Point","coordinates":[-4.44284052,36.71525387,0]},"geometry_name":"SDOGEOMETRIA","properties":{"ID":66943,"NOMBRE":"APARCAPMR_159","DESCRIPCION":"A la altura del nº 17","DIRECCION":"CALLE VIRGEN DE LA ESTRELLA, 17 ","URL":null,"EMAIL":null,"CONTACTO":null,"HORARIOS":null,"PRECIOS":null,"TITULARIDAD":"MUNICIPAL","TARJETAJOVEN":"No","ACCESOPMR":"No","NROPLAZAS":"1","TOTALPLAZAS":2151}},{"type":"Feature","id":"da_aparcamientosMovilidadReducida.fid--175d4967_1a0508ab86c_86e","geometry":{"type":"Point","coordinates":[-4.39867795,36.72536997,0]},"geometry_name":"SDOGEOMETRIA","properties":{"ID":67062,"NOMBRE":"APARCAPMR_218","DESCRIPCION":"Esquina con c/ San Vicente de Paul","DIRECCION":"CALLE SAN VICENTE DE PAUL, 5 ","URL":null,"EMAIL":null,"CONTACTO":null,"HORARIOS":null,"PRECIOS":null,"TITULARIDAD":"MUNICIPAL","TARJETAJOVEN":"No","ACCESOPMR":"No","NROPLAZAS":"3","TOTALPLAZAS":2151}},{"type":"Feature","id":"da_aparcamientosMovilidadReducida.fid--175d4967_1a0508ab86c_86f","geometry":{"type":"Point","coordinates":[-4.418876,36.73904704,0]},"geometry_name":"SDOGEOMETRIA","properties":{"ID":66238,"NOMBRE":"APARCAPMR_785","DESCRIPCION":"A la altura del nº 21","DIRECCION":"AVENIDA DE LAS POSTAS, 21 ","URL":null,"EMAIL":null,"CONTACTO":null,"HORARIOS":null,"PRECIOS":null,"TITULARIDAD":"MUNICIPAL","TARJETAJOVEN":"No","ACCESOPMR":"No","NROPLAZAS":"1","TOTALPLAZAS":2151}},{"type":"Feature","id":"da_aparcamientosMovilidadReducida.fid--175d4967_1a0508ab86c_870","geometry":{"type":"Point","coordinates":[-4.421552,36.75172104,0]},"geometry_name":"SDOGEOMETRIA","properties":{"ID":66442,"NOMBRE":"APARCAPMR_905","DESCRIPCION":null,"DIRECCION":"CALLE URGANDA, 2 ","URL":null,"EMAIL":null,"CONTACTO":null,"HORARIOS":null,"PRECIOS":null,"TITULARIDAD":"MUNICIPAL","TARJETAJOVEN":"No","ACCESOPMR":"No","NROPLAZAS":"2","TOTALPLAZAS":2151}},{"type":"Feature","id":"da_aparcamientosMovilidadReducida.fid--175d4967_1a0508ab86c_871","geometry":{"type":"Point","coordinates":[-4.44918801,36.70049815,0]},"geometry_name":"SDOGEOMETRIA","properties":{"ID":66166,"NOMBRE":"APARCAPMR_1233","DESCRIPCION":null,"DIRECCION":"CALLE NIÑO DE GLORIA, 5 ","URL":null,"EMAIL":null,"CONTACTO":null,"HORARIOS":null,"PRECIOS":null,"TITULARIDAD":"MUNICIPAL","TARJETAJOVEN":"No","ACCESOPMR":"No","NROPLAZAS":"1","TOTALPLAZAS":2151}},{"type":"Feature","id":"da_aparcamientosMovilidadReducida.fid--175d4967_1a0508ab86c_872","geometry":{"type":"Point","coordinates":[-4.45507675,36.69325893,0]},"geometry_name":"SDOGEOMETRIA","properties":{"ID":67227,"NOMBRE":"APARCAPMR_165","DESCRIPCION":"Frente al nº 7","DIRECCION":"CALLE CHICO DEL MATADERO, 5 ","URL":null,"EMAIL":null,"CONTACTO":null,"HORARIOS":null,"PRECIOS":null,"TITULARIDAD":"MUNICIPAL","TARJETAJOVEN":"No","ACCESOPMR":"No","NROPLAZAS":"2","TOTALPLAZAS":2151}},{"type":"Feature","id":"da_aparcamientosMovilidadReducida.fid--175d4967_1a0508ab86c_873","geometry":{"type":"Point","coordinates":[-4.4189654,36.73178134,0]},"geometry_name":"SDOGEOMETRIA","properties":{"ID":66284,"NOMBRE":"APARCAPMR_793","DESCRIPCION":"Esquina con Alameda Barceló.","DIRECCION":"CALLE VARELA, 1 ","URL":null,"EMAIL":null,"CONTACTO":null,"HORARIOS":null,"PRECIOS":null,"TITULARIDAD":"MUNICIPAL","TARJETAJOVEN":"No","ACCESOPMR":"No","NROPLAZAS":"1","TOTALPLAZAS":2151}},{"type":"Feature","id":"da_aparcamientosMovilidadReducida.fid--175d4967_1a0508ab86c_874","geometry":{"type":"Point","coordinates":[-4.415499,36.73347104,0]},"geometry_name":"SDOGEOMETRIA","properties":{"ID":66816,"NOMBRE":"APARCAPMR_927","DESCRIPCION":"Esquina calle Toquero","DIRECCION":"CALLE PERIODISTA JUANITO CORTÉS, 2 ","URL":null,"EMAIL":null,"CONTACTO":null,"HORARIOS":null,"PRECIOS":null,"TITULARIDAD":"MUNICIPAL","TARJETAJOVEN":"No","ACCESOPMR":"No","NROPLAZAS":"1","TOTALPLAZAS":2151}},{"type":"Feature","id":"da_aparcamientosMovilidadReducida.fid--175d4967_1a0508ab86c_875","geometry":{"type":"Point","coordinates":[-4.35931452,36.71881543,0]},"geometry_name":"SDOGEOMETRIA","properties":{"ID":67059,"NOMBRE":"APARCAPMR_117","DESCRIPCION":"Esquina con c/ Mar. Frente al nº 119","DIRECCION":"CALLE QUITAPENAS, 121 ","URL":null,"EMAIL":null,"CONTACTO":null,"HORARIOS":null,"PRECIOS":null,"TITULARIDAD":"MUNICIPAL","TARJETAJOVEN":"No","ACCESOPMR":"No","NROPLAZAS":"2","TOTALPLAZAS":2151}},{"type":"Feature","id":"da_aparcamientosMovilidadReducida.fid--175d4967_1a0508ab86c_876","geometry":{"type":"Point","coordinates":[-4.45239997,36.69723335,0]},"geometry_name":"SDOGEOMETRIA","properties":{"ID":76289,"NOMBRE":"APARCAPMR_1294","DESCRIPCION":null,"DIRECCION":"CALLE INGENIERO DE LA CIERVA, 8 ","URL":null,"EMAIL":null,"CONTACTO":null,"HORARIOS":null,"PRECIOS":null,"TITULARIDAD":"MUNICIPAL","TARJETAJOVEN":"No","ACCESOPMR":"No","NROPLAZAS":"1","TOTALPLAZAS":2151}},{"type":"Feature","id":"da_aparcamientosMovilidadReducida.fid--175d4967_1a0508ab86c_877","geometry":{"type":"Point","coordinates":[-4.42365433,36.73849965,0]},"geometry_name":"SDOGEOMETRIA","properties":{"ID":81023,"NOMBRE":"APARCAPMR_1080","DESCRIPCION":null,"DIRECCION":"CALLE FRAY BERNARDO MANRIQUE, 2 ","URL":null,"EMAIL":null,"CONTACTO":null,"HORARIOS":null,"PRECIOS":null,"TITULARIDAD":"MUNICIPAL","TARJETAJOVEN":"No","ACCESOPMR":"No","NROPLAZAS":"1","TOTALPLAZAS":2151}},{"type":"Feature","id":"da_aparcamientosMovilidadReducida.fid--175d4967_1a0508ab86c_878","geometry":{"type":"Point","coordinates":[-4.353684,36.71916604,0]},"geometry_name":"SDOGEOMETRIA","properties":{"ID":66293,"NOMBRE":"APARCAPMR_827","DESCRIPCION":null,"DIRECCION":"CALLE LE CORBUSIER, 2 ","URL":null,"EMAIL":null,"CONTACTO":null,"HORARIOS":null,"PRECIOS":null,"TITULARIDAD":"MUNICIPAL","TARJETAJOVEN":"No","ACCESOPMR":"No","NROPLAZAS":"2","TOTALPLAZAS":2151}},{"type":"Feature","id":"da_aparcamientosMovilidadReducida.fid--175d4967_1a0508ab86c_879","geometry":{"type":"Point","coordinates":[-4.41973384,36.74246948,0]},"geometry_name":"SDOGEOMETRIA","properties":{"ID":80957,"NOMBRE":"APARCAPMR_1156_B","DESCRIPCION":null,"DIRECCION":"CALLE GUINDAS, 20 ","URL":null,"EMAIL":null,"CONTACTO":null,"HORARIOS":null,"PRECIOS":null,"TITULARIDAD":"MUNICIPAL","TARJETAJOVEN":"No","ACCESOPMR":"No","NROPLAZAS":"1","TOTALPLAZAS":2151}},{"type":"Feature","id":"da_aparcamientosMovilidadReducida.fid--175d4967_1a0508ab86c_87a","geometry":{"type":"Point","coordinates":[-4.41984773,36.74245161,0]},"geometry_name":"SDOGEOMETRIA","properties":{"ID":66829,"NOMBRE":"APARCAPMR_1156","DESCRIPCION":null,"DIRECCION":"CALLE GUINDAS, 18 ","URL":null,"EMAIL":null,"CONTACTO":null,"HORARIOS":null,"PRECIOS":null,"TITULARIDAD":"MUNICIPAL","TARJETAJOVEN":"No","ACCESOPMR":"No","NROPLAZAS":"1","TOTALPLAZAS":2151}},{"type":"Feature","id":"da_aparcamientosMovilidadReducida.fid--175d4967_1a0508ab86c_87b","geometry":{"type":"Point","coordinates":[-4.41987,36.74111004,0]},"geometry_name":"SDOGEOMETRIA","properties":{"ID":66841,"NOMBRE":"APARCAPMR_1037","DESCRIPCION":"Esq. con Cl. Archez","DIRECCION":"CALLE BORGE, 5 ","URL":null,"EMAIL":null,"CONTACTO":null,"HORARIOS":null,"PRECIOS":null,"TITULARIDAD":"MUNICIPAL","TARJETAJOVEN":"No","ACCESOPMR":"No","NROPLAZAS":"1","TOTALPLAZAS":2151}},{"type":"Feature","id":"da_aparcamientosMovilidadReducida.fid--175d4967_1a0508ab86c_87c","geometry":{"type":"Point","coordinates":[-4.37060058,36.72402578,0]},"geometry_name":"SDOGEOMETRIA","properties":{"ID":66696,"NOMBRE":"APARCAPMR_550","DESCRIPCION":"Esquina con Cl. Concejal Matías Abela","DIRECCION":"CALLE CONCEJAL MATÍAS ABELA, 9 ","URL":null,"EMAIL":null,"CONTACTO":null,"HORARIOS":null,"PRECIOS":null,"TITULARIDAD":"MUNICIPAL","TARJETAJOVEN":"No","ACCESOPMR":"No","NROPLAZAS":"1","TOTALPLAZAS":2151}},{"type":"Feature","id":"da_aparcamientosMovilidadReducida.fid--175d4967_1a0508ab86c_87d","geometry":{"type":"Point","coordinates":[-4.41816672,36.74239955,0]},"geometry_name":"SDOGEOMETRIA","properties":{"ID":66612,"NOMBRE":"APARCAPMR_1176","DESCRIPCION":"Esq. C/ Las Pitas","DIRECCION":"CALLE FRANCISCO LÓPEZ LÓPEZ, 87 ","URL":null,"EMAIL":null,"CONTACTO":null,"HORARIOS":null,"PRECIOS":null,"TITULARIDAD":"MUNICIPAL","TARJETAJOVEN":"No","ACCESOPMR":"No","NROPLAZAS":"1","TOTALPLAZAS":2151}},{"type":"Feature","id":"da_aparcamientosMovilidadReducida.fid--175d4967_1a0508ab86c_87e","geometry":{"type":"Point","coordinates":[-4.42748688,36.72456163,0]},"geometry_name":"SDOGEOMETRIA","properties":{"ID":66954,"NOMBRE":"APARCAPMR_363","DESCRIPCION":"Esquina con c/ San Quintín","DIRECCION":"CALLE MALASAÑA, 25 ","URL":null,"EMAIL":null,"CONTACTO":null,"HORARIOS":null,"PRECIOS":null,"TITULARIDAD":"MUNICIPAL","TARJETAJOVEN":"No","ACCESOPMR":"No","NROPLAZAS":"1","TOTALPLAZAS":2151}},{"type":"Feature","id":"da_aparcamientosMovilidadReducida.fid--175d4967_1a0508ab86c_87f","geometry":{"type":"Point","coordinates":[-4.423611,36.74146404,0]},"geometry_name":"SDOGEOMETRIA","properties":{"ID":66217,"NOMBRE":"APARCAPMR_1065","DESCRIPCION":null,"DIRECCION":"CALLE ALCALDE BARRANCO CÓRDOBA, 1 ","URL":null,"EMAIL":null,"CONTACTO":null,"HORARIOS":null,"PRECIOS":null,"TITULARIDAD":"MUNICIPAL","TARJETAJOVEN":"No","ACCESOPMR":"No","NROPLAZAS":"1","TOTALPLAZAS":2151}},{"type":"Feature","id":"da_aparcamientosMovilidadReducida.fid--175d4967_1a0508ab86c_880","geometry":{"type":"Point","coordinates":[-4.41780478,36.72403116,0]},"geometry_name":"SDOGEOMETRIA","properties":{"ID":67209,"NOMBRE":"APARCAPMR_029","DESCRIPCION":"Esquina con Plaza de la Merced","DIRECCION":"CALLE GÓMEZ PALLETE, 3 ","URL":null,"EMAIL":null,"CONTACTO":null,"HORARIOS":null,"PRECIOS":null,"TITULARIDAD":"MUNICIPAL","TARJETAJOVEN":"No","ACCESOPMR":"No","NROPLAZAS":"2","TOTALPLAZAS":2151}},{"type":"Feature","id":"da_aparcamientosMovilidadReducida.fid--175d4967_1a0508ab86c_881","geometry":{"type":"Point","coordinates":[-4.42362718,36.73525797,0]},"geometry_name":"SDOGEOMETRIA","properties":{"ID":66538,"NOMBRE":"APARCAPMR_653","DESCRIPCION":"Esquina Cl. Fernando Loring","DIRECCION":"CALLE EMILIO DÍAZ, 26 ","URL":null,"EMAIL":null,"CONTACTO":null,"HORARIOS":null,"PRECIOS":null,"TITULARIDAD":"MUNICIPAL","TARJETAJOVEN":"No","ACCESOPMR":"No","NROPLAZAS":"1","TOTALPLAZAS":2151}},{"type":"Feature","id":"da_aparcamientosMovilidadReducida.fid--175d4967_1a0508ab86c_882","geometry":{"type":"Point","coordinates":[-4.35934603,36.72077943,0]},"geometry_name":"SDOGEOMETRIA","properties":{"ID":67055,"NOMBRE":"APARCAPMR_038","DESCRIPCION":"Esquina con Av. Juan Sebastián Elcano","DIRECCION":"CALLE MAR, 4 ","URL":null,"EMAIL":null,"CONTACTO":null,"HORARIOS":null,"PRECIOS":null,"TITULARIDAD":"MUNICIPAL","TARJETAJOVEN":"No","ACCESOPMR":"No","NROPLAZAS":"2","TOTALPLAZAS":2151}},{"type":"Feature","id":"da_aparcamientosMovilidadReducida.fid--175d4967_1a0508ab86c_883","geometry":{"type":"Point","coordinates":[-4.49865518,36.65955687,0]},"geometry_name":"SDOGEOMETRIA","properties":{"ID":66170,"NOMBRE":"APARCAPMR_1164","DESCRIPCION":null,"DIRECCION":"CALLE JUAN GOROSTIDI, 3 ","URL":null,"EMAIL":null,"CONTACTO":null,"HORARIOS":null,"PRECIOS":null,"TITULARIDAD":"MUNICIPAL","TARJETAJOVEN":"No","ACCESOPMR":"No","NROPLAZAS":"1","TOTALPLAZAS":2151}},{"type":"Feature","id":"da_aparcamientosMovilidadReducida.fid--175d4967_1a0508ab86c_884","geometry":{"type":"Point","coordinates":[-4.41542432,36.73498713,0]},"geometry_name":"SDOGEOMETRIA","properties":{"ID":66481,"NOMBRE":"APARCAPMR_604","DESCRIPCION":"A la altura del nº 8","DIRECCION":"CALLE OLLETAS, 8 ","URL":null,"EMAIL":null,"CONTACTO":null,"HORARIOS":null,"PRECIOS":null,"TITULARIDAD":"MUNICIPAL","TARJETAJOVEN":"No","ACCESOPMR":"No","NROPLAZAS":"1","TOTALPLAZAS":2151}},{"type":"Feature","id":"da_aparcamientosMovilidadReducida.fid--175d4967_1a0508ab86c_885","geometry":{"type":"Point","coordinates":[-4.417866,36.74277004,0]},"geometry_name":"SDOGEOMETRIA","properties":{"ID":66137,"NOMBRE":"APARCAPMR_832","DESCRIPCION":null,"DIRECCION":"CALLE FRANCISCO LÓPEZ LÓPEZ, 101 ","URL":null,"EMAIL":null,"CONTACTO":null,"HORARIOS":null,"PRECIOS":null,"TITULARIDAD":"MUNICIPAL","TARJETAJOVEN":"No","ACCESOPMR":"No","NROPLAZAS":"2","TOTALPLAZAS":2151}},{"type":"Feature","id":"da_aparcamientosMovilidadReducida.fid--175d4967_1a0508ab86c_886","geometry":{"type":"Point","coordinates":[-4.3629631,36.72013834,0]},"geometry_name":"SDOGEOMETRIA","properties":{"ID":66148,"NOMBRE":"APARCAPMR_792","DESCRIPCION":"Esquina con Avenida Pío Baroja.","DIRECCION":"CALLE ARQUITECTO EDUARDO ESTEVE, 9 ","URL":null,"EMAIL":null,"CONTACTO":null,"HORARIOS":null,"PRECIOS":null,"TITULARIDAD":"MUNICIPAL","TARJETAJOVEN":"No","ACCESOPMR":"No","NROPLAZAS":"1","TOTALPLAZAS":2151}},{"type":"Feature","id":"da_aparcamientosMovilidadReducida.fid--175d4967_1a0508ab86c_887","geometry":{"type":"Point","coordinates":[-4.3577823,36.71975927,0]},"geometry_name":"SDOGEOMETRIA","properties":{"ID":66633,"NOMBRE":"APARCAPMR_249","DESCRIPCION":"Esquina con c/ Aguilar y Cano","DIRECCION":"CALLE PRACTICANTE FERNÁNDEZ ALCOLEA, 16 ","URL":null,"EMAIL":null,"CONTACTO":null,"HORARIOS":null,"PRECIOS":null,"TITULARIDAD":"MUNICIPAL","TARJETAJOVEN":"No","ACCESOPMR":"No","NROPLAZAS":"2","TOTALPLAZAS":2151}},{"type":"Feature","id":"da_aparcamientosMovilidadReducida.fid--175d4967_1a0508ab86c_888","geometry":{"type":"Point","coordinates":[-4.43357348,36.70279086,0]},"geometry_name":"SDOGEOMETRIA","properties":{"ID":66914,"NOMBRE":"APARCAPMR_438","DESCRIPCION":"Esquina con Cl. Tomás Echevarría","DIRECCION":"CALLE TOMÁS ECHEVERRÍA, 12 ","URL":null,"EMAIL":null,"CONTACTO":null,"HORARIOS":null,"PRECIOS":null,"TITULARIDAD":"MUNICIPAL","TARJETAJOVEN":"No","ACCESOPMR":"No","NROPLAZAS":"2","TOTALPLAZAS":2151}},{"type":"Feature","id":"da_aparcamientosMovilidadReducida.fid--175d4967_1a0508ab86c_889","geometry":{"type":"Point","coordinates":[-4.44267,36.71594304,0]},"geometry_name":"SDOGEOMETRIA","properties":{"ID":66592,"NOMBRE":"APARCAPMR_1013","DESCRIPCION":"Esq. con Cl. Miguel Moreno Masson","DIRECCION":"CALLE MIGUEL MORENO MASSON, 11 ","URL":null,"EMAIL":null,"CONTACTO":null,"HORARIOS":null,"PRECIOS":null,"TITULARIDAD":"MUNICIPAL","TARJETAJOVEN":"No","ACCESOPMR":"No","NROPLAZAS":"1","TOTALPLAZAS":2151}},{"type":"Feature","id":"da_aparcamientosMovilidadReducida.fid--175d4967_1a0508ab86c_88a","geometry":{"type":"Point","coordinates":[-4.43161011,36.73224909,0]},"geometry_name":"SDOGEOMETRIA","properties":{"ID":67124,"NOMBRE":"APARCAPMR_095","DESCRIPCION":"Frente a Cl. Escritora Luciana Narváez","DIRECCION":"CALLE ESCRITORA LUCIANA NARVÁEZ, 3 ","URL":null,"EMAIL":null,"CONTACTO":null,"HORARIOS":null,"PRECIOS":null,"TITULARIDAD":"MUNICIPAL","TARJETAJOVEN":"No","ACCESOPMR":"No","NROPLAZAS":"3","TOTALPLAZAS":2151}},{"type":"Feature","id":"da_aparcamientosMovilidadReducida.fid--175d4967_1a0508ab86c_88b","geometry":{"type":"Point","coordinates":[-4.43155512,36.73760093,0]},"geometry_name":"SDOGEOMETRIA","properties":{"ID":67117,"NOMBRE":"APARCAPMR_337","DESCRIPCION":"Esquina con Cl. Duero. Frente al nº 1","DIRECCION":"CALLE DUERO, 5 ","URL":null,"EMAIL":null,"CONTACTO":null,"HORARIOS":null,"PRECIOS":null,"TITULARIDAD":"MUNICIPAL","TARJETAJOVEN":"No","ACCESOPMR":"No","NROPLAZAS":"2","TOTALPLAZAS":2151}},{"type":"Feature","id":"da_aparcamientosMovilidadReducida.fid--175d4967_1a0508ab86c_88c","geometry":{"type":"Point","coordinates":[-4.42322582,36.73646466,0]},"geometry_name":"SDOGEOMETRIA","properties":{"ID":78858,"NOMBRE":"APARCAPMR_1410","DESCRIPCION":"C/ Emilio Diaz esquina con C/ Santa Paula","DIRECCION":"CALLE EMILIO DÍAZ, 25 ","URL":null,"EMAIL":null,"CONTACTO":null,"HORARIOS":null,"PRECIOS":null,"TITULARIDAD":"MUNICIPAL","TARJETAJOVEN":"No","ACCESOPMR":"No","NROPLAZAS":"1","TOTALPLAZAS":2151}},{"type":"Feature","id":"da_aparcamientosMovilidadReducida.fid--175d4967_1a0508ab86c_88d","geometry":{"type":"Point","coordinates":[-4.44054253,36.70542512,0]},"geometry_name":"SDOGEOMETRIA","properties":{"ID":66394,"NOMBRE":"APARCAPMR_588","DESCRIPCION":"Esquina con Cl. Carril de la Cordobesa","DIRECCION":"CARRIL DE LA CORDOBESA, 34 ","URL":null,"EMAIL":null,"CONTACTO":null,"HORARIOS":null,"PRECIOS":null,"TITULARIDAD":"MUNICIPAL","TARJETAJOVEN":"No","ACCESOPMR":"No","NROPLAZAS":"2","TOTALPLAZAS":2151}},{"type":"Feature","id":"da_aparcamientosMovilidadReducida.fid--175d4967_1a0508ab86c_88e","geometry":{"type":"Point","coordinates":[-4.422873,36.73132504,0]},"geometry_name":"SDOGEOMETRIA","properties":{"ID":66713,"NOMBRE":"APARCAPMR_1082","DESCRIPCION":"Esq. con Cl. Liberia","DIRECCION":"CALLE PEINADO, 24 ","URL":null,"EMAIL":null,"CONTACTO":null,"HORARIOS":null,"PRECIOS":null,"TITULARIDAD":"MUNICIPAL","TARJETAJOVEN":"No","ACCESOPMR":"No","NROPLAZAS":"2","TOTALPLAZAS":2151}},{"type":"Feature","id":"da_aparcamientosMovilidadReducida.fid--175d4967_1a0508ab86c_88f","geometry":{"type":"Point","coordinates":[-4.424787,36.75405104,0]},"geometry_name":"SDOGEOMETRIA","properties":{"ID":66196,"NOMBRE":"APARCAPMR_759","DESCRIPCION":"Esquina con Cl. Pedro Miguel Carbonell.","DIRECCION":"CAMINO DE CASABERMEJA, 82 ","URL":null,"EMAIL":null,"CONTACTO":null,"HORARIOS":null,"PRECIOS":null,"TITULARIDAD":"MUNICIPAL","TARJETAJOVEN":"No","ACCESOPMR":"No","NROPLAZAS":"2","TOTALPLAZAS":2151}},{"type":"Feature","id":"da_aparcamientosMovilidadReducida.fid--175d4967_1a0508ab86c_890","geometry":{"type":"Point","coordinates":[-4.366883,36.71943804,0]},"geometry_name":"SDOGEOMETRIA","properties":{"ID":66632,"NOMBRE":"APARCAPMR_094","DESCRIPCION":"Esquina con Cl. El Mediodía","DIRECCION":"PASEO MARÍTIMO EL PEDREGAL, 102 ","URL":null,"EMAIL":null,"CONTACTO":null,"HORARIOS":null,"PRECIOS":null,"TITULARIDAD":"MUNICIPAL","TARJETAJOVEN":"No","ACCESOPMR":"No","NROPLAZAS":"2","TOTALPLAZAS":2151}},{"type":"Feature","id":"da_aparcamientosMovilidadReducida.fid--175d4967_1a0508ab86c_891","geometry":{"type":"Point","coordinates":[-4.367075,36.71909304,0]},"geometry_name":"SDOGEOMETRIA","properties":{"ID":67051,"NOMBRE":"APARCAPMR_216","DESCRIPCION":null,"DIRECCION":"PASEO MARÍTIMO EL PEDREGAL, 103 ","URL":null,"EMAIL":null,"CONTACTO":null,"HORARIOS":null,"PRECIOS":null,"TITULARIDAD":"MUNICIPAL","TARJETAJOVEN":"No","ACCESOPMR":"No","NROPLAZAS":"2","TOTALPLAZAS":2151}},{"type":"Feature","id":"da_aparcamientosMovilidadReducida.fid--175d4967_1a0508ab86c_892","geometry":{"type":"Point","coordinates":[-4.441279,36.70485704,0]},"geometry_name":"SDOGEOMETRIA","properties":{"ID":66449,"NOMBRE":"APARCAPMR_933","DESCRIPCION":null,"DIRECCION":"AVENIDA DE JUAN XXIII, 6 ","URL":null,"EMAIL":null,"CONTACTO":null,"HORARIOS":null,"PRECIOS":null,"TITULARIDAD":"MUNICIPAL","TARJETAJOVEN":"No","ACCESOPMR":"No","NROPLAZAS":"1","TOTALPLAZAS":2151}},{"type":"Feature","id":"da_aparcamientosMovilidadReducida.fid--175d4967_1a0508ab86c_893","geometry":{"type":"Point","coordinates":[-4.36291187,36.72090023,0]},"geometry_name":"SDOGEOMETRIA","properties":{"ID":67050,"NOMBRE":"APARCAPMR_110","DESCRIPCION":"Esquina con Av. Juan Sebastián Elcano","DIRECCION":"CALLE ARQUITECTO EDUARDO ESTEVE, 3 ","URL":null,"EMAIL":null,"CONTACTO":null,"HORARIOS":null,"PRECIOS":null,"TITULARIDAD":"MUNICIPAL","TARJETAJOVEN":"No","ACCESOPMR":"No","NROPLAZAS":"2","TOTALPLAZAS":2151}},{"type":"Feature","id":"da_aparcamientosMovilidadReducida.fid--175d4967_1a0508ab86c_894","geometry":{"type":"Point","coordinates":[-4.358591,36.72009604,0]},"geometry_name":"SDOGEOMETRIA","properties":{"ID":66192,"NOMBRE":"APARCAPMR_740","DESCRIPCION":null,"DIRECCION":"CALLE PRACTICANTE FERNÁNDEZ ALCOLEA, 3 ","URL":null,"EMAIL":null,"CONTACTO":null,"HORARIOS":null,"PRECIOS":null,"TITULARIDAD":"MUNICIPAL","TARJETAJOVEN":"No","ACCESOPMR":"No","NROPLAZAS":"2","TOTALPLAZAS":2151}},{"type":"Feature","id":"da_aparcamientosMovilidadReducida.fid--175d4967_1a0508ab86c_895","geometry":{"type":"Point","coordinates":[-4.44148868,36.71319834,0]},"geometry_name":"SDOGEOMETRIA","properties":{"ID":66682,"NOMBRE":"APARCAPMR_567","DESCRIPCION":null,"DIRECCION":"CALLE CONDE DE GUADALHORCE, 6 ","URL":null,"EMAIL":null,"CONTACTO":null,"HORARIOS":null,"PRECIOS":null,"TITULARIDAD":"MUNICIPAL","TARJETAJOVEN":"No","ACCESOPMR":"No","NROPLAZAS":"2","TOTALPLAZAS":2151}},{"type":"Feature","id":"da_aparcamientosMovilidadReducida.fid--175d4967_1a0508ab86c_896","geometry":{"type":"Point","coordinates":[-4.43486214,36.70379642,0]},"geometry_name":"SDOGEOMETRIA","properties":{"ID":67268,"NOMBRE":"APARCAPMR_229","DESCRIPCION":"A la altura del nº 6","DIRECCION":"CALLE DE ANTONIO SOLER, 7 ","URL":null,"EMAIL":null,"CONTACTO":null,"HORARIOS":null,"PRECIOS":null,"TITULARIDAD":"MUNICIPAL","TARJETAJOVEN":"No","ACCESOPMR":"No","NROPLAZAS":"2","TOTALPLAZAS":2151}},{"type":"Feature","id":"da_aparcamientosMovilidadReducida.fid--175d4967_1a0508ab86c_897","geometry":{"type":"Point","coordinates":[-4.42292713,36.74164776,0]},"geometry_name":"SDOGEOMETRIA","properties":{"ID":66766,"NOMBRE":"APARCAPMR_664","DESCRIPCION":"Esquina con Avda. Santiago Ramón y Cajal","DIRECCION":"CALLE OBISPO JULIÁN, 2 ","URL":null,"EMAIL":null,"CONTACTO":null,"HORARIOS":null,"PRECIOS":null,"TITULARIDAD":"MUNICIPAL","TARJETAJOVEN":"No","ACCESOPMR":"No","NROPLAZAS":"1","TOTALPLAZAS":2151}},{"type":"Feature","id":"da_aparcamientosMovilidadReducida.fid--175d4967_1a0508ab86c_898","geometry":{"type":"Point","coordinates":[-4.41918612,36.7525362,0]},"geometry_name":"SDOGEOMETRIA","properties":{"ID":66626,"NOMBRE":"APARCAPMR_545","DESCRIPCION":"A la altura del nº 7","DIRECCION":"CALLE PASTORA IMPERIO, 11 ","URL":null,"EMAIL":null,"CONTACTO":null,"HORARIOS":null,"PRECIOS":null,"TITULARIDAD":"MUNICIPAL","TARJETAJOVEN":"No","ACCESOPMR":"No","NROPLAZAS":"2","TOTALPLAZAS":2151}},{"type":"Feature","id":"da_aparcamientosMovilidadReducida.fid--175d4967_1a0508ab86c_899","geometry":{"type":"Point","coordinates":[-4.35832344,36.72265578,0]},"geometry_name":"SDOGEOMETRIA","properties":{"ID":66885,"NOMBRE":"APARCAPMR_520","DESCRIPCION":"Esquina con c/ Arabia. Frente al nº 36","DIRECCION":"CALLE ARABIA, 11 ","URL":null,"EMAIL":null,"CONTACTO":null,"HORARIOS":null,"PRECIOS":null,"TITULARIDAD":"MUNICIPAL","TARJETAJOVEN":"No","ACCESOPMR":"No","NROPLAZAS":"1","TOTALPLAZAS":2151}},{"type":"Feature","id":"da_aparcamientosMovilidadReducida.fid--175d4967_1a0508ab86c_89a","geometry":{"type":"Point","coordinates":[-4.4385805,36.71767054,0]},"geometry_name":"SDOGEOMETRIA","properties":{"ID":67167,"NOMBRE":"APARCAPMR_020","DESCRIPCION":"En la puerta del Centro Base de Discapacitados","DIRECCION":"CALLE DIEGO VÁZQUEZ OTERO, 5 ","URL":null,"EMAIL":null,"CONTACTO":null,"HORARIOS":null,"PRECIOS":null,"TITULARIDAD":"MUNICIPAL","TARJETAJOVEN":"No","ACCESOPMR":"No","NROPLAZAS":"6","TOTALPLAZAS":2151}},{"type":"Feature","id":"da_aparcamientosMovilidadReducida.fid--175d4967_1a0508ab86c_89b","geometry":{"type":"Point","coordinates":[-4.43895668,36.71766409,0]},"geometry_name":"SDOGEOMETRIA","properties":{"ID":67142,"NOMBRE":"APARCAPMR_053","DESCRIPCION":"Trasladada desde Avda. Herrera Oria","DIRECCION":"CALLE DIEGO VÁZQUEZ OTERO, 3 ","URL":null,"EMAIL":null,"CONTACTO":null,"HORARIOS":null,"PRECIOS":null,"TITULARIDAD":"MUNICIPAL","TARJETAJOVEN":"No","ACCESOPMR":"No","NROPLAZAS":"4","TOTALPLAZAS":2151}},{"type":"Feature","id":"da_aparcamientosMovilidadReducida.fid--175d4967_1a0508ab86c_89c","geometry":{"type":"Point","coordinates":[-4.42184687,36.74956135,0]},"geometry_name":"SDOGEOMETRIA","properties":{"ID":67082,"NOMBRE":"APARCAPMR_121","DESCRIPCION":"Esquina con Cl. Alcalde Joaquín Quiles","DIRECCION":"CALLE EMILIO THUILLIER, 138 ","URL":null,"EMAIL":null,"CONTACTO":null,"HORARIOS":null,"PRECIOS":null,"TITULARIDAD":"MUNICIPAL","TARJETAJOVEN":"No","ACCESOPMR":"No","NROPLAZAS":"3","TOTALPLAZAS":2151}},{"type":"Feature","id":"da_aparcamientosMovilidadReducida.fid--175d4967_1a0508ab86c_89d","geometry":{"type":"Point","coordinates":[-4.40722883,36.72103527,0]},"geometry_name":"SDOGEOMETRIA","properties":{"ID":66942,"NOMBRE":"APARCAPMR_158","DESCRIPCION":"Esquina con c/ Santa Cristina","DIRECCION":"AVENIDA DE PRÍES, 1 ","URL":null,"EMAIL":null,"CONTACTO":null,"HORARIOS":null,"PRECIOS":null,"TITULARIDAD":"MUNICIPAL","TARJETAJOVEN":"No","ACCESOPMR":"No","NROPLAZAS":"2","TOTALPLAZAS":2151}},{"type":"Feature","id":"da_aparcamientosMovilidadReducida.fid--175d4967_1a0508ab86c_89e","geometry":{"type":"Point","coordinates":[-4.350945,36.72109004,0]},"geometry_name":"SDOGEOMETRIA","properties":{"ID":66291,"NOMBRE":"APARCAPMR_833","DESCRIPCION":"A la altura del nº 50, frente a la intersección con calle Albarrobo","DIRECCION":"CARRETERA DE OLÍAS, 50 ","URL":null,"EMAIL":null,"CONTACTO":null,"HORARIOS":null,"PRECIOS":null,"TITULARIDAD":"MUNICIPAL","TARJETAJOVEN":"No","ACCESOPMR":"No","NROPLAZAS":"1","TOTALPLAZAS":2151}},{"type":"Feature","id":"da_aparcamientosMovilidadReducida.fid--175d4967_1a0508ab86c_89f","geometry":{"type":"Point","coordinates":[-4.42376398,36.74988368,0]},"geometry_name":"SDOGEOMETRIA","properties":{"ID":67084,"NOMBRE":"APARCAPMR_034","DESCRIPCION":"Frente al Pabellón de Ciudad Jardín","DIRECCION":"GLORIETA JOSÉ GASPAR ANAYA MUÑOZ, 2 ","URL":null,"EMAIL":null,"CONTACTO":null,"HORARIOS":null,"PRECIOS":null,"TITULARIDAD":"MUNICIPAL","TARJETAJOVEN":"No","ACCESOPMR":"No","NROPLAZAS":"3","TOTALPLAZAS":2151}},{"type":"Feature","id":"da_aparcamientosMovilidadReducida.fid--175d4967_1a0508ab86c_8a0","geometry":{"type":"Point","coordinates":[-4.46215807,36.72853342,0]},"geometry_name":"SDOGEOMETRIA","properties":{"ID":77968,"NOMBRE":"APARCAPMR_1344","DESCRIPCION":"Esquina César Manrique","DIRECCION":"CALLE PINTOR MURILLO BRACHO, 6 ","URL":null,"EMAIL":null,"CONTACTO":null,"HORARIOS":null,"PRECIOS":null,"TITULARIDAD":"MUNICIPAL","TARJETAJOVEN":"No","ACCESOPMR":"No","NROPLAZAS":"1","TOTALPLAZAS":2151}},{"type":"Feature","id":"da_aparcamientosMovilidadReducida.fid--175d4967_1a0508ab86c_8a1","geometry":{"type":"Point","coordinates":[-4.46259227,36.72861871,0]},"geometry_name":"SDOGEOMETRIA","properties":{"ID":77967,"NOMBRE":"APARCAPMR_1343","DESCRIPCION":"Esquina Av. Octavio Paz","DIRECCION":"CALLE PINTOR MURILLO BRACHO, 6 ","URL":null,"EMAIL":null,"CONTACTO":null,"HORARIOS":null,"PRECIOS":null,"TITULARIDAD":"MUNICIPAL","TARJETAJOVEN":"No","ACCESOPMR":"No","NROPLAZAS":"1","TOTALPLAZAS":2151}},{"type":"Feature","id":"da_aparcamientosMovilidadReducida.fid--175d4967_1a0508ab86c_8a2","geometry":{"type":"Point","coordinates":[-4.436811,36.70868904,0]},"geometry_name":"SDOGEOMETRIA","properties":{"ID":66411,"NOMBRE":"APARCAPMR_958","DESCRIPCION":"Esquina calle Montesa","DIRECCION":"CALLE VELASCO, 35 ","URL":null,"EMAIL":null,"CONTACTO":null,"HORARIOS":null,"PRECIOS":null,"TITULARIDAD":"MUNICIPAL","TARJETAJOVEN":"No","ACCESOPMR":"No","NROPLAZAS":"1","TOTALPLAZAS":2151}},{"type":"Feature","id":"da_aparcamientosMovilidadReducida.fid--175d4967_1a0508ab86c_8a3","geometry":{"type":"Point","coordinates":[-4.416459,36.73465504,0]},"geometry_name":"SDOGEOMETRIA","properties":{"ID":66133,"NOMBRE":"APARCAPMR_796","DESCRIPCION":null,"DIRECCION":"CALLE ESPIREA, 3 ","URL":null,"EMAIL":null,"CONTACTO":null,"HORARIOS":null,"PRECIOS":null,"TITULARIDAD":"MUNICIPAL","TARJETAJOVEN":"No","ACCESOPMR":"No","NROPLAZAS":"1","TOTALPLAZAS":2151}},{"type":"Feature","id":"da_aparcamientosMovilidadReducida.fid--175d4967_1a0508ab86c_8a4","geometry":{"type":"Point","coordinates":[-4.54659173,36.72977313,0]},"geometry_name":"SDOGEOMETRIA","properties":{"ID":77986,"NOMBRE":"APARCAPMR_1362","DESCRIPCION":"Esquina José Calderón","DIRECCION":"CALLE CABO FRANCISCO JAVIER SORIA TOLEDO, 2 ","URL":null,"EMAIL":null,"CONTACTO":null,"HORARIOS":null,"PRECIOS":null,"TITULARIDAD":"MUNICIPAL","TARJETAJOVEN":"No","ACCESOPMR":"No","NROPLAZAS":"1","TOTALPLAZAS":2151}},{"type":"Feature","id":"da_aparcamientosMovilidadReducida.fid--175d4967_1a0508ab86c_8a5","geometry":{"type":"Point","coordinates":[-4.44414407,36.72477823,0]},"geometry_name":"SDOGEOMETRIA","properties":{"ID":66639,"NOMBRE":"APARCAPMR_342","DESCRIPCION":"Esquina con Cl. Maestro Salvador Baberá","DIRECCION":"PLAZUELA PÁRROCO JOSÉ MARÍA ORTEGA MUÑOZ, 2 ","URL":null,"EMAIL":null,"CONTACTO":null,"HORARIOS":null,"PRECIOS":null,"TITULARIDAD":"MUNICIPAL","TARJETAJOVEN":"No","ACCESOPMR":"No","NROPLAZAS":"2","TOTALPLAZAS":2151}},{"type":"Feature","id":"da_aparcamientosMovilidadReducida.fid--175d4967_1a0508ab86c_8a6","geometry":{"type":"Point","coordinates":[-4.36787277,36.72135347,0]},"geometry_name":"SDOGEOMETRIA","properties":{"ID":66987,"NOMBRE":"APARCAPMR_411","DESCRIPCION":"Esquina con Cl. Eugenio Selles","DIRECCION":"JARDINES MAESTRA LOLA ROMERO, 1 ","URL":null,"EMAIL":null,"CONTACTO":null,"HORARIOS":null,"PRECIOS":null,"TITULARIDAD":"MUNICIPAL","TARJETAJOVEN":"No","ACCESOPMR":"No","NROPLAZAS":"1","TOTALPLAZAS":2151}},{"type":"Feature","id":"da_aparcamientosMovilidadReducida.fid--175d4967_1a0508ab86c_8a7","geometry":{"type":"Point","coordinates":[-4.36971545,36.72042254,0]},"geometry_name":"SDOGEOMETRIA","properties":{"ID":66913,"NOMBRE":"APARCAPMR_437","DESCRIPCION":"Esquina con Paseo Acacias","DIRECCION":"PASEO DE LAS ACACIAS, 26 ","URL":null,"EMAIL":null,"CONTACTO":null,"HORARIOS":null,"PRECIOS":null,"TITULARIDAD":"MUNICIPAL","TARJETAJOVEN":"No","ACCESOPMR":"No","NROPLAZAS":"2","TOTALPLAZAS":2151}},{"type":"Feature","id":"da_aparcamientosMovilidadReducida.fid--175d4967_1a0508ab86c_8a8","geometry":{"type":"Point","coordinates":[-4.4468615,36.68447239,0]},"geometry_name":"SDOGEOMETRIA","properties":{"ID":66549,"NOMBRE":"APARCAPMR_1134","DESCRIPCION":"Esq. con Cl. Pacífico","DIRECCION":"AVENIDA DE MOLIÈRE, 53 ","URL":null,"EMAIL":null,"CONTACTO":null,"HORARIOS":null,"PRECIOS":null,"TITULARIDAD":"MUNICIPAL","TARJETAJOVEN":"No","ACCESOPMR":"No","NROPLAZAS":"2","TOTALPLAZAS":2151}},{"type":"Feature","id":"da_aparcamientosMovilidadReducida.fid--175d4967_1a0508ab86c_8a9","geometry":{"type":"Point","coordinates":[-4.352634,36.71915804,0]},"geometry_name":"SDOGEOMETRIA","properties":{"ID":66136,"NOMBRE":"APARCAPMR_797","DESCRIPCION":null,"DIRECCION":"CALLE LE CORBUSIER, 11 ","URL":null,"EMAIL":null,"CONTACTO":null,"HORARIOS":null,"PRECIOS":null,"TITULARIDAD":"MUNICIPAL","TARJETAJOVEN":"No","ACCESOPMR":"No","NROPLAZAS":"1","TOTALPLAZAS":2151}},{"type":"Feature","id":"da_aparcamientosMovilidadReducida.fid--175d4967_1a0508ab86c_8aa","geometry":{"type":"Point","coordinates":[-4.35280657,36.7221413,0]},"geometry_name":"SDOGEOMETRIA","properties":{"ID":67053,"NOMBRE":"APARCAPMR_282","DESCRIPCION":"Frente a c/ Alcaucín","DIRECCION":"CALLE IDUMEA, 6 ","URL":null,"EMAIL":null,"CONTACTO":null,"HORARIOS":null,"PRECIOS":null,"TITULARIDAD":"MUNICIPAL","TARJETAJOVEN":"No","ACCESOPMR":"No","NROPLAZAS":"1","TOTALPLAZAS":2151}},{"type":"Feature","id":"da_aparcamientosMovilidadReducida.fid--175d4967_1a0508ab86c_8ab","geometry":{"type":"Point","coordinates":[-4.57144573,36.73189601,0]},"geometry_name":"SDOGEOMETRIA","properties":{"ID":66654,"NOMBRE":"APARCAPMR_621","DESCRIPCION":"Esquina con c/ del Día","DIRECCION":"CALLE DEL ROMERO, 11 ","URL":null,"EMAIL":null,"CONTACTO":null,"HORARIOS":null,"PRECIOS":null,"TITULARIDAD":"MUNICIPAL","TARJETAJOVEN":"No","ACCESOPMR":"No","NROPLAZAS":"2","TOTALPLAZAS":2151}},{"type":"Feature","id":"da_aparcamientosMovilidadReducida.fid--175d4967_1a0508ab86c_8ac","geometry":{"type":"Point","coordinates":[-4.44719993,36.68640631,0]},"geometry_name":"SDOGEOMETRIA","properties":{"ID":66267,"NOMBRE":"APARCAPMR_1132","DESCRIPCION":"Esq. Cmno. de la Térmica","DIRECCION":"CALLE AYAMONTE, 4 ","URL":null,"EMAIL":null,"CONTACTO":null,"HORARIOS":null,"PRECIOS":null,"TITULARIDAD":"MUNICIPAL","TARJETAJOVEN":"No","ACCESOPMR":"No","NROPLAZAS":"2","TOTALPLAZAS":2151}},{"type":"Feature","id":"da_aparcamientosMovilidadReducida.fid--175d4967_1a0508ab86c_8ad","geometry":{"type":"Point","coordinates":[-4.44589248,36.68591741,0]},"geometry_name":"SDOGEOMETRIA","properties":{"ID":66548,"NOMBRE":"APARCAPMR_1131","DESCRIPCION":"Esq. con Cl. Pacífico","DIRECCION":"CALLE AYAMONTE, 10 ","URL":null,"EMAIL":null,"CONTACTO":null,"HORARIOS":null,"PRECIOS":null,"TITULARIDAD":"MUNICIPAL","TARJETAJOVEN":"No","ACCESOPMR":"No","NROPLAZAS":"2","TOTALPLAZAS":2151}},{"type":"Feature","id":"da_aparcamientosMovilidadReducida.fid--175d4967_1a0508ab86c_8ae","geometry":{"type":"Point","coordinates":[-4.35082049,36.72183576,0]},"geometry_name":"SDOGEOMETRIA","properties":{"ID":80499,"NOMBRE":"APARCAPMR_1446","DESCRIPCION":"C/ Algarrobo esquina con C/ Alcaucín","DIRECCION":"CALLE ALGARROBO, 14 ","URL":null,"EMAIL":null,"CONTACTO":null,"HORARIOS":null,"PRECIOS":null,"TITULARIDAD":"MUNICIPAL","TARJETAJOVEN":"No","ACCESOPMR":"No","NROPLAZAS":"1","TOTALPLAZAS":2151}},{"type":"Feature","id":"da_aparcamientosMovilidadReducida.fid--175d4967_1a0508ab86c_8af","geometry":{"type":"Point","coordinates":[-4.46004463,36.68328895,0]},"geometry_name":"SDOGEOMETRIA","properties":{"ID":80477,"NOMBRE":"APARCAPMR_1443","DESCRIPCION":" C/ Periodista Paco Rengel, Nº 1","DIRECCION":"CALLE PERIODISTA PACO RENGEL, 1 ","URL":null,"EMAIL":null,"CONTACTO":null,"HORARIOS":null,"PRECIOS":null,"TITULARIDAD":"MUNICIPAL","TARJETAJOVEN":"No","ACCESOPMR":"No","NROPLAZAS":"5","TOTALPLAZAS":2151}},{"type":"Feature","id":"da_aparcamientosMovilidadReducida.fid--175d4967_1a0508ab86c_8b0","geometry":{"type":"Point","coordinates":[-4.46026708,36.68112787,0]},"geometry_name":"SDOGEOMETRIA","properties":{"ID":80478,"NOMBRE":"APARCAPMR_1444","DESCRIPCION":"C/ Periodista Paco Rengel esquina con C/ Miguel Mérida Nicolich","DIRECCION":"CALLE PERIODISTA PACO RENGEL, 3 ","URL":null,"EMAIL":null,"CONTACTO":null,"HORARIOS":null,"PRECIOS":null,"TITULARIDAD":"MUNICIPAL","TARJETAJOVEN":"No","ACCESOPMR":"No","NROPLAZAS":"5","TOTALPLAZAS":2151}},{"type":"Feature","id":"da_aparcamientosMovilidadReducida.fid--175d4967_1a0508ab86c_8b1","geometry":{"type":"Point","coordinates":[-4.4891454,36.73546814,0]},"geometry_name":"SDOGEOMETRIA","properties":{"ID":77275,"NOMBRE":"APARCAPMR_1308","DESCRIPCION":"C/ Centauro esquina con C/ Antares","DIRECCION":"CALLE CENTAURO, 6 ","URL":null,"EMAIL":null,"CONTACTO":null,"HORARIOS":null,"PRECIOS":null,"TITULARIDAD":"MUNICIPAL","TARJETAJOVEN":"No","ACCESOPMR":"No","NROPLAZAS":"1","TOTALPLAZAS":2151}},{"type":"Feature","id":"da_aparcamientosMovilidadReducida.fid--175d4967_1a0508ab86c_8b2","geometry":{"type":"Point","coordinates":[-4.447046,36.73296504,0]},"geometry_name":"SDOGEOMETRIA","properties":{"ID":66861,"NOMBRE":"APARCAPMR_1003","DESCRIPCION":"Esq. Cl. Luis Rosales","DIRECCION":"CALLE JUAN RAMÓN JIMÉNEZ, 8 ","URL":null,"EMAIL":null,"CONTACTO":null,"HORARIOS":null,"PRECIOS":null,"TITULARIDAD":"MUNICIPAL","TARJETAJOVEN":"No","ACCESOPMR":"No","NROPLAZAS":"1","TOTALPLAZAS":2151}},{"type":"Feature","id":"da_aparcamientosMovilidadReducida.fid--175d4967_1a0508ab86c_8b3","geometry":{"type":"Point","coordinates":[-4.4450815,36.69857155,0]},"geometry_name":"SDOGEOMETRIA","properties":{"ID":67228,"NOMBRE":"APARCAPMR_134","DESCRIPCION":"Esquina con Cl. Idelfonso Marzo","DIRECCION":"CALLE ILDEFONSO MARZO, 1 ","URL":null,"EMAIL":null,"CONTACTO":null,"HORARIOS":null,"PRECIOS":null,"TITULARIDAD":"MUNICIPAL","TARJETAJOVEN":"No","ACCESOPMR":"No","NROPLAZAS":"2","TOTALPLAZAS":2151}},{"type":"Feature","id":"da_aparcamientosMovilidadReducida.fid--175d4967_1a0508ab86c_8b4","geometry":{"type":"Point","coordinates":[-4.43976446,36.70945877,0]},"geometry_name":"SDOGEOMETRIA","properties":{"ID":77992,"NOMBRE":"APARCAPMR_1368","DESCRIPCION":null,"DIRECCION":"CALLE DIEGO LARA VALLE, 17 ","URL":null,"EMAIL":null,"CONTACTO":null,"HORARIOS":null,"PRECIOS":null,"TITULARIDAD":"MUNICIPAL","TARJETAJOVEN":"No","ACCESOPMR":"No","NROPLAZAS":"1","TOTALPLAZAS":2151}},{"type":"Feature","id":"da_aparcamientosMovilidadReducida.fid--175d4967_1a0508ab86c_8b5","geometry":{"type":"Point","coordinates":[-4.450699,36.73181804,0]},"geometry_name":"SDOGEOMETRIA","properties":{"ID":66615,"NOMBRE":"APARCAPMR_1092","DESCRIPCION":"Esq. Camino San Alberto","DIRECCION":"CAMINO SAN ALBERTO, 14 ","URL":null,"EMAIL":null,"CONTACTO":null,"HORARIOS":null,"PRECIOS":null,"TITULARIDAD":"MUNICIPAL","TARJETAJOVEN":"No","ACCESOPMR":"No","NROPLAZAS":"1","TOTALPLAZAS":2151}},{"type":"Feature","id":"da_aparcamientosMovilidadReducida.fid--175d4967_1a0508ab86c_8b6","geometry":{"type":"Point","coordinates":[-4.448646,36.73059104,0]},"geometry_name":"SDOGEOMETRIA","properties":{"ID":66280,"NOMBRE":"APARCAPMR_824","DESCRIPCION":"ampliación de 1 plaza el 14/07/2016","DIRECCION":"CAMINO SAN ALBERTO, 1 ","URL":null,"EMAIL":null,"CONTACTO":null,"HORARIOS":null,"PRECIOS":null,"TITULARIDAD":"MUNICIPAL","TARJETAJOVEN":"No","ACCESOPMR":"No","NROPLAZAS":"2","TOTALPLAZAS":2151}},{"type":"Feature","id":"da_aparcamientosMovilidadReducida.fid--175d4967_1a0508ab86c_8b7","geometry":{"type":"Point","coordinates":[-4.44719768,36.71255612,0]},"geometry_name":"SDOGEOMETRIA","properties":{"ID":66758,"NOMBRE":"APARCAPMR_1261","DESCRIPCION":"Esq. Avd. Juan XXIII","DIRECCION":"CALLE CORREGIDOR PAZ Y GUZMÁN, 2 ","URL":null,"EMAIL":null,"CONTACTO":null,"HORARIOS":null,"PRECIOS":null,"TITULARIDAD":"MUNICIPAL","TARJETAJOVEN":"No","ACCESOPMR":"No","NROPLAZAS":"2","TOTALPLAZAS":2151}},{"type":"Feature","id":"da_aparcamientosMovilidadReducida.fid--175d4967_1a0508ab86c_8b8","geometry":{"type":"Point","coordinates":[-4.43645485,36.70213389,0]},"geometry_name":"SDOGEOMETRIA","properties":{"ID":67234,"NOMBRE":"APARCAPMR_255","DESCRIPCION":"Esquina con c/ Las Navas","DIRECCION":"CALLE GARCERÁN, 30 ","URL":null,"EMAIL":null,"CONTACTO":null,"HORARIOS":null,"PRECIOS":null,"TITULARIDAD":"MUNICIPAL","TARJETAJOVEN":"No","ACCESOPMR":"No","NROPLAZAS":"2","TOTALPLAZAS":2151}},{"type":"Feature","id":"da_aparcamientosMovilidadReducida.fid--175d4967_1a0508ab86c_8b9","geometry":{"type":"Point","coordinates":[-4.44611013,36.69996941,0]},"geometry_name":"SDOGEOMETRIA","properties":{"ID":66929,"NOMBRE":"APARCAPMR_391","DESCRIPCION":"Esquina con c/ Acanto","DIRECCION":"AVENIDA DE VELÁZQUEZ, 8 ","URL":null,"EMAIL":null,"CONTACTO":null,"HORARIOS":null,"PRECIOS":null,"TITULARIDAD":"MUNICIPAL","TARJETAJOVEN":"No","ACCESOPMR":"No","NROPLAZAS":"1","TOTALPLAZAS":2151}},{"type":"Feature","id":"da_aparcamientosMovilidadReducida.fid--175d4967_1a0508ab86c_8ba","geometry":{"type":"Point","coordinates":[-4.43141699,36.70692822,0]},"geometry_name":"SDOGEOMETRIA","properties":{"ID":66789,"NOMBRE":"APARCAPMR_397","DESCRIPCION":"Esquina con c/ Agustín Montes Fuentes","DIRECCION":"PASAJE FERRERÍA DE HEREDIA, 15 ","URL":null,"EMAIL":null,"CONTACTO":null,"HORARIOS":null,"PRECIOS":null,"TITULARIDAD":"MUNICIPAL","TARJETAJOVEN":"No","ACCESOPMR":"No","NROPLAZAS":"2","TOTALPLAZAS":2151}},{"type":"Feature","id":"da_aparcamientosMovilidadReducida.fid--175d4967_1a0508ab86c_8bb","geometry":{"type":"Point","coordinates":[-4.45280962,36.69454988,0]},"geometry_name":"SDOGEOMETRIA","properties":{"ID":66516,"NOMBRE":"APARCAPMR_533","DESCRIPCION":"Esquina con Av. de Velázquez","DIRECCION":"AVENIDA DE VELÁZQUEZ, 72 ","URL":null,"EMAIL":null,"CONTACTO":null,"HORARIOS":null,"PRECIOS":null,"TITULARIDAD":"MUNICIPAL","TARJETAJOVEN":"No","ACCESOPMR":"No","NROPLAZAS":"1","TOTALPLAZAS":2151}},{"type":"Feature","id":"da_aparcamientosMovilidadReducida.fid--175d4967_1a0508ab86c_8bc","geometry":{"type":"Point","coordinates":[-4.43898685,36.72995003,0]},"geometry_name":"SDOGEOMETRIA","properties":{"ID":67014,"NOMBRE":"APARCAPMR_451","DESCRIPCION":"Esquina con c/ Arturo Reyes","DIRECCION":"CALLE MORENO NIETO, 37 ","URL":null,"EMAIL":null,"CONTACTO":null,"HORARIOS":null,"PRECIOS":null,"TITULARIDAD":"MUNICIPAL","TARJETAJOVEN":"No","ACCESOPMR":"No","NROPLAZAS":"1","TOTALPLAZAS":2151}},{"type":"Feature","id":"da_aparcamientosMovilidadReducida.fid--175d4967_1a0508ab86c_8bd","geometry":{"type":"Point","coordinates":[-4.44856167,36.6972237,0]},"geometry_name":"SDOGEOMETRIA","properties":{"ID":66353,"NOMBRE":"APARCAPMR_091","DESCRIPCION":"Esquina con Cl. Perdiguera","DIRECCION":"CALLE PERDIGUERA, 1 ","URL":null,"EMAIL":null,"CONTACTO":null,"HORARIOS":null,"PRECIOS":null,"TITULARIDAD":"MUNICIPAL","TARJETAJOVEN":"No","ACCESOPMR":"No","NROPLAZAS":"2","TOTALPLAZAS":2151}},{"type":"Feature","id":"da_aparcamientosMovilidadReducida.fid--175d4967_1a0508ab86c_8be","geometry":{"type":"Point","coordinates":[-4.44814891,36.69700832,4062238.44330265]},"geometry_name":"SDOGEOMETRIA","properties":{"ID":78799,"NOMBRE":"APARCAPMR_1405","DESCRIPCION":"C/ Perdiguera, N.º 3 esquina con C/ Albertillas","DIRECCION":"CALLE PERDIGUERA, 3 ","URL":null,"EMAIL":null,"CONTACTO":null,"HORARIOS":null,"PRECIOS":null,"TITULARIDAD":"MUNICIPAL","TARJETAJOVEN":"No","ACCESOPMR":"No","NROPLAZAS":"1","TOTALPLAZAS":2151}},{"type":"Feature","id":"da_aparcamientosMovilidadReducida.fid--175d4967_1a0508ab86c_8bf","geometry":{"type":"Point","coordinates":[-4.44467225,36.71042343,0]},"geometry_name":"SDOGEOMETRIA","properties":{"ID":66467,"NOMBRE":"APARCAPMR_1271","DESCRIPCION":null,"DIRECCION":"AVENIDA DEL DOCTOR MAÑAS BERNABÉU, 13 ","URL":null,"EMAIL":null,"CONTACTO":null,"HORARIOS":null,"PRECIOS":null,"TITULARIDAD":"MUNICIPAL","TARJETAJOVEN":"No","ACCESOPMR":"No","NROPLAZAS":"1","TOTALPLAZAS":2151}},{"type":"Feature","id":"da_aparcamientosMovilidadReducida.fid--175d4967_1a0508ab86c_8c0","geometry":{"type":"Point","coordinates":[-4.43285599,36.71990547,0]},"geometry_name":"SDOGEOMETRIA","properties":{"ID":66706,"NOMBRE":"APARCAPMR_105","DESCRIPCION":"Esquina con c/ Alonso de Palencia","DIRECCION":"CALLE BLANCO CORIS, 3 ","URL":null,"EMAIL":null,"CONTACTO":null,"HORARIOS":null,"PRECIOS":null,"TITULARIDAD":"MUNICIPAL","TARJETAJOVEN":"No","ACCESOPMR":"No","NROPLAZAS":"2","TOTALPLAZAS":2151}},{"type":"Feature","id":"da_aparcamientosMovilidadReducida.fid--175d4967_1a0508ab86c_8c1","geometry":{"type":"Point","coordinates":[-4.44775298,36.70992734,0]},"geometry_name":"SDOGEOMETRIA","properties":{"ID":66868,"NOMBRE":"APARCAPMR_662","DESCRIPCION":"Esquina con Cl. Periana","DIRECCION":"CALLE ALOZAINA, 15 ","URL":null,"EMAIL":null,"CONTACTO":null,"HORARIOS":null,"PRECIOS":null,"TITULARIDAD":"MUNICIPAL","TARJETAJOVEN":"No","ACCESOPMR":"No","NROPLAZAS":"2","TOTALPLAZAS":2151}},{"type":"Feature","id":"da_aparcamientosMovilidadReducida.fid--175d4967_1a0508ab86c_8c2","geometry":{"type":"Point","coordinates":[-4.45429087,36.69597629,0]},"geometry_name":"SDOGEOMETRIA","properties":{"ID":66500,"NOMBRE":"APARCAPMR_317","DESCRIPCION":"Esquina con c/ Torres Quevedo","DIRECCION":"CALLE BERRUGUETE, 12A","URL":null,"EMAIL":null,"CONTACTO":null,"HORARIOS":null,"PRECIOS":null,"TITULARIDAD":"MUNICIPAL","TARJETAJOVEN":"No","ACCESOPMR":"No","NROPLAZAS":"1","TOTALPLAZAS":2151}},{"type":"Feature","id":"da_aparcamientosMovilidadReducida.fid--175d4967_1a0508ab86c_8c3","geometry":{"type":"Point","coordinates":[-4.44825724,36.69965436,0]},"geometry_name":"SDOGEOMETRIA","properties":{"ID":67250,"NOMBRE":"APARCAPMR_114","DESCRIPCION":null,"DIRECCION":"CALLE NIÑO DEL MUSEO, 1 ","URL":null,"EMAIL":null,"CONTACTO":null,"HORARIOS":null,"PRECIOS":null,"TITULARIDAD":"MUNICIPAL","TARJETAJOVEN":"No","ACCESOPMR":"No","NROPLAZAS":"2","TOTALPLAZAS":2151}},{"type":"Feature","id":"da_aparcamientosMovilidadReducida.fid--175d4967_1a0508ab86c_8c4","geometry":{"type":"Point","coordinates":[-4.449334,36.69659404,0]},"geometry_name":"SDOGEOMETRIA","properties":{"ID":66853,"NOMBRE":"APARCAPMR_932","DESCRIPCION":"Esquina calle Las Pilas","DIRECCION":"CALLE NIÑO JESÚS DE PRAGA, 1 ","URL":null,"EMAIL":null,"CONTACTO":null,"HORARIOS":null,"PRECIOS":null,"TITULARIDAD":"MUNICIPAL","TARJETAJOVEN":"No","ACCESOPMR":"No","NROPLAZAS":"1","TOTALPLAZAS":2151}},{"type":"Feature","id":"da_aparcamientosMovilidadReducida.fid--175d4967_1a0508ab86c_8c5","geometry":{"type":"Point","coordinates":[-4.4436767,36.7241279,0]},"geometry_name":"SDOGEOMETRIA","properties":{"ID":66804,"NOMBRE":"APARCAPMR_580","DESCRIPCION":"Esquina con Cl. Magistrado Salvador Barberá","DIRECCION":"CALLE MAGISTRADO SALVADOR BARBERÁ, 16 ","URL":null,"EMAIL":null,"CONTACTO":null,"HORARIOS":null,"PRECIOS":null,"TITULARIDAD":"MUNICIPAL","TARJETAJOVEN":"No","ACCESOPMR":"No","NROPLAZAS":"2","TOTALPLAZAS":2151}},{"type":"Feature","id":"da_aparcamientosMovilidadReducida.fid--175d4967_1a0508ab86c_8c6","geometry":{"type":"Point","coordinates":[-4.43414882,36.70456819,0]},"geometry_name":"SDOGEOMETRIA","properties":{"ID":66775,"NOMBRE":"APARCAPMR_296","DESCRIPCION":"Esquina con Cl. Antonio Soler","DIRECCION":"CALLE DE ANTONIO SOLER, 1 ","URL":null,"EMAIL":null,"CONTACTO":null,"HORARIOS":null,"PRECIOS":null,"TITULARIDAD":"MUNICIPAL","TARJETAJOVEN":"No","ACCESOPMR":"No","NROPLAZAS":"2","TOTALPLAZAS":2151}},{"type":"Feature","id":"da_aparcamientosMovilidadReducida.fid--175d4967_1a0508ab86c_8c7","geometry":{"type":"Point","coordinates":[-4.444257,36.72384304,0]},"geometry_name":"SDOGEOMETRIA","properties":{"ID":66832,"NOMBRE":"APARCAPMR_1089","DESCRIPCION":"Esq. con Cl. Ministerio de la Vivienda","DIRECCION":"CALLE BLAS OTERO, 3 ","URL":null,"EMAIL":null,"CONTACTO":null,"HORARIOS":null,"PRECIOS":null,"TITULARIDAD":"MUNICIPAL","TARJETAJOVEN":"No","ACCESOPMR":"No","NROPLAZAS":"1","TOTALPLAZAS":2151}},{"type":"Feature","id":"da_aparcamientosMovilidadReducida.fid--175d4967_1a0508ab86c_8c8","geometry":{"type":"Point","coordinates":[-4.479302,36.74104504,0]},"geometry_name":"SDOGEOMETRIA","properties":{"ID":66292,"NOMBRE":"APARCAPMR_799","DESCRIPCION":null,"DIRECCION":"CALLE ARAGONITO, 11 ","URL":null,"EMAIL":null,"CONTACTO":null,"HORARIOS":null,"PRECIOS":null,"TITULARIDAD":"MUNICIPAL","TARJETAJOVEN":"No","ACCESOPMR":"No","NROPLAZAS":"2","TOTALPLAZAS":2151}},{"type":"Feature","id":"da_aparcamientosMovilidadReducida.fid--175d4967_1a0508ab86c_8c9","geometry":{"type":"Point","coordinates":[-4.44703549,36.71001389,0]},"geometry_name":"SDOGEOMETRIA","properties":{"ID":67160,"NOMBRE":"APARCAPMR_243","DESCRIPCION":"Esquina con c/ Alozaina","DIRECCION":"CALLE CIUDAD DE ANDÚJAR, 13 ","URL":null,"EMAIL":null,"CONTACTO":null,"HORARIOS":null,"PRECIOS":null,"TITULARIDAD":"MUNICIPAL","TARJETAJOVEN":"No","ACCESOPMR":"No","NROPLAZAS":"1","TOTALPLAZAS":2151}},{"type":"Feature","id":"da_aparcamientosMovilidadReducida.fid--175d4967_1a0508ab86c_8ca","geometry":{"type":"Point","coordinates":[-4.44458292,36.72428214,0]},"geometry_name":"SDOGEOMETRIA","properties":{"ID":76287,"NOMBRE":"APARCAPMR_1312","DESCRIPCION":"C/ Los Millones esquina con C/ Manuel Moriel F. Bolaños","DIRECCION":"CALLE LOS MILLONES, 5 ","URL":null,"EMAIL":null,"CONTACTO":null,"HORARIOS":null,"PRECIOS":null,"TITULARIDAD":"MUNICIPAL","TARJETAJOVEN":"No","ACCESOPMR":"No","NROPLAZAS":"1","TOTALPLAZAS":2151}},{"type":"Feature","id":"da_aparcamientosMovilidadReducida.fid--175d4967_1a0508ab86c_8cb","geometry":{"type":"Point","coordinates":[-4.44415379,36.70863346,0]},"geometry_name":"SDOGEOMETRIA","properties":{"ID":67136,"NOMBRE":"APARCAPMR_145","DESCRIPCION":"A la altura del nº 10","DIRECCION":"AVENIDA DE JUAN XXIII, 31 ","URL":null,"EMAIL":null,"CONTACTO":null,"HORARIOS":null,"PRECIOS":null,"TITULARIDAD":"MUNICIPAL","TARJETAJOVEN":"No","ACCESOPMR":"No","NROPLAZAS":"2","TOTALPLAZAS":2151}},{"type":"Feature","id":"da_aparcamientosMovilidadReducida.fid--175d4967_1a0508ab86c_8cc","geometry":{"type":"Point","coordinates":[-4.44883123,36.73122102,0]},"geometry_name":"SDOGEOMETRIA","properties":{"ID":67085,"NOMBRE":"APARCAPMR_203","DESCRIPCION":"No hay más datos","DIRECCION":"AVENIDA DE CARLINDA, 6 ","URL":null,"EMAIL":null,"CONTACTO":null,"HORARIOS":null,"PRECIOS":null,"TITULARIDAD":"MUNICIPAL","TARJETAJOVEN":"No","ACCESOPMR":"No","NROPLAZAS":"1","TOTALPLAZAS":2151}},{"type":"Feature","id":"da_aparcamientosMovilidadReducida.fid--175d4967_1a0508ab86c_8cd","geometry":{"type":"Point","coordinates":[-4.481295,36.73476104,0]},"geometry_name":"SDOGEOMETRIA","properties":{"ID":66276,"NOMBRE":"APARCAPMR_765","DESCRIPCION":null,"DIRECCION":"CALLE CEREZO, 10 ","URL":null,"EMAIL":null,"CONTACTO":null,"HORARIOS":null,"PRECIOS":null,"TITULARIDAD":"MUNICIPAL","TARJETAJOVEN":"No","ACCESOPMR":"No","NROPLAZAS":"1","TOTALPLAZAS":2151}},{"type":"Feature","id":"da_aparcamientosMovilidadReducida.fid--175d4967_1a0508ab86c_8ce","geometry":{"type":"Point","coordinates":[-4.45658617,36.69714604,0]},"geometry_name":"SDOGEOMETRIA","properties":{"ID":67262,"NOMBRE":"APARCAPMR_174","DESCRIPCION":"Frente al  nº 10, a la altura de la plaza Larita.","DIRECCION":"AVENIDA DE ANTONIO GAUDÍ, 8 ","URL":null,"EMAIL":null,"CONTACTO":null,"HORARIOS":null,"PRECIOS":null,"TITULARIDAD":"MUNICIPAL","TARJETAJOVEN":"No","ACCESOPMR":"No","NROPLAZAS":"2","TOTALPLAZAS":2151}},{"type":"Feature","id":"da_aparcamientosMovilidadReducida.fid--175d4967_1a0508ab86c_8cf","geometry":{"type":"Point","coordinates":[-4.45741,36.69678804,0]},"geometry_name":"SDOGEOMETRIA","properties":{"ID":66264,"NOMBRE":"APARCAPMR_1070","DESCRIPCION":"Frente a Plaza Larita","DIRECCION":"AVENIDA DE ANTONIO GAUDÍ, 18 ","URL":null,"EMAIL":null,"CONTACTO":null,"HORARIOS":null,"PRECIOS":null,"TITULARIDAD":"MUNICIPAL","TARJETAJOVEN":"No","ACCESOPMR":"No","NROPLAZAS":"2","TOTALPLAZAS":2151}},{"type":"Feature","id":"da_aparcamientosMovilidadReducida.fid--175d4967_1a0508ab86c_8d0","geometry":{"type":"Point","coordinates":[-4.43895131,36.71240224,0]},"geometry_name":"SDOGEOMETRIA","properties":{"ID":67043,"NOMBRE":"APARCAPMR_183","DESCRIPCION":"Esquina con c/ Noray","DIRECCION":"PASEO DE LOS TILOS, 61 ","URL":null,"EMAIL":null,"CONTACTO":null,"HORARIOS":null,"PRECIOS":null,"TITULARIDAD":"MUNICIPAL","TARJETAJOVEN":"No","ACCESOPMR":"No","NROPLAZAS":"2","TOTALPLAZAS":2151}},{"type":"Feature","id":"da_aparcamientosMovilidadReducida.fid--175d4967_1a0508ab86c_8d1","geometry":{"type":"Point","coordinates":[-4.44908738,36.7161526,0]},"geometry_name":"SDOGEOMETRIA","properties":{"ID":66926,"NOMBRE":"APARCAPMR_480","DESCRIPCION":"A la altua del nº 2","DIRECCION":"CALLE LUIS F PALLARDO PEINADO, 2A","URL":null,"EMAIL":null,"CONTACTO":null,"HORARIOS":null,"PRECIOS":null,"TITULARIDAD":"MUNICIPAL","TARJETAJOVEN":"No","ACCESOPMR":"No","NROPLAZAS":"1","TOTALPLAZAS":2151}},{"type":"Feature","id":"da_aparcamientosMovilidadReducida.fid--175d4967_1a0508ab86c_8d2","geometry":{"type":"Point","coordinates":[-4.41408858,36.72866181,0]},"geometry_name":"SDOGEOMETRIA","properties":{"ID":67031,"NOMBRE":"APARCAPMR_319","DESCRIPCION":"Esquina con c/ Fernando el Católico","DIRECCION":"CALLE SAN PATRICIO, 4 ","URL":null,"EMAIL":null,"CONTACTO":null,"HORARIOS":null,"PRECIOS":null,"TITULARIDAD":"MUNICIPAL","TARJETAJOVEN":"No","ACCESOPMR":"No","NROPLAZAS":"2","TOTALPLAZAS":2151}},{"type":"Feature","id":"da_aparcamientosMovilidadReducida.fid--175d4967_1a0508ab86c_8d3","geometry":{"type":"Point","coordinates":[-4.46346939,36.7150152,0]},"geometry_name":"SDOGEOMETRIA","properties":{"ID":67011,"NOMBRE":"APARCAPMR_447","DESCRIPCION":"Esquina con Cl. Kandinsky","DIRECCION":"CALLE KANDINSKY, 1 ","URL":null,"EMAIL":null,"CONTACTO":null,"HORARIOS":null,"PRECIOS":null,"TITULARIDAD":"MUNICIPAL","TARJETAJOVEN":"No","ACCESOPMR":"No","NROPLAZAS":"2","TOTALPLAZAS":2151}},{"type":"Feature","id":"da_aparcamientosMovilidadReducida.fid--175d4967_1a0508ab86c_8d4","geometry":{"type":"Point","coordinates":[-4.43745263,36.71308277,0]},"geometry_name":"SDOGEOMETRIA","properties":{"ID":67042,"NOMBRE":"APARCAPMR_111","DESCRIPCION":"Esquina con c/ Ramón Alarcón","DIRECCION":"PASEO DE LOS TILOS, 49 ","URL":null,"EMAIL":null,"CONTACTO":null,"HORARIOS":null,"PRECIOS":null,"TITULARIDAD":"MUNICIPAL","TARJETAJOVEN":"No","ACCESOPMR":"No","NROPLAZAS":"2","TOTALPLAZAS":2151}},{"type":"Feature","id":"da_aparcamientosMovilidadReducida.fid--175d4967_1a0508ab86c_8d5","geometry":{"type":"Point","coordinates":[-4.483316,36.73483804,0]},"geometry_name":"SDOGEOMETRIA","properties":{"ID":66323,"NOMBRE":"APARCAPMR_864","DESCRIPCION":"Esquina con Cl. Emilio Zola","DIRECCION":"CALLE EMILIO ZOLA, 24 ","URL":null,"EMAIL":null,"CONTACTO":null,"HORARIOS":null,"PRECIOS":null,"TITULARIDAD":"MUNICIPAL","TARJETAJOVEN":"No","ACCESOPMR":"No","NROPLAZAS":"2","TOTALPLAZAS":2151}},{"type":"Feature","id":"da_aparcamientosMovilidadReducida.fid--175d4967_1a0508ab86c_8d6","geometry":{"type":"Point","coordinates":[-4.437156,36.72166804,0]},"geometry_name":"SDOGEOMETRIA","properties":{"ID":66380,"NOMBRE":"APARCAPMR_941","DESCRIPCION":null,"DIRECCION":"CALLE GENERAL BLAKE, 1 ","URL":null,"EMAIL":null,"CONTACTO":null,"HORARIOS":null,"PRECIOS":null,"TITULARIDAD":"MUNICIPAL","TARJETAJOVEN":"No","ACCESOPMR":"No","NROPLAZAS":"1","TOTALPLAZAS":2151}},{"type":"Feature","id":"da_aparcamientosMovilidadReducida.fid--175d4967_1a0508ab86c_8d7","geometry":{"type":"Point","coordinates":[-4.42694694,36.71149359,0]},"geometry_name":"SDOGEOMETRIA","properties":{"ID":66433,"NOMBRE":"APARCAPMR_1188","DESCRIPCION":null,"DIRECCION":"CALLE CANALES, 3 ","URL":null,"EMAIL":null,"CONTACTO":null,"HORARIOS":null,"PRECIOS":null,"TITULARIDAD":"MUNICIPAL","TARJETAJOVEN":"No","ACCESOPMR":"No","NROPLAZAS":"1","TOTALPLAZAS":2151}},{"type":"Feature","id":"da_aparcamientosMovilidadReducida.fid--175d4967_1a0508ab86c_8d8","geometry":{"type":"Point","coordinates":[-4.41931888,36.72793843,0]},"geometry_name":"SDOGEOMETRIA","properties":{"ID":67037,"NOMBRE":"APARCAPMR_025","DESCRIPCION":"A la altura del nº 2","DIRECCION":"PLAZA EJIDO, 1 ","URL":null,"EMAIL":null,"CONTACTO":null,"HORARIOS":null,"PRECIOS":null,"TITULARIDAD":"MUNICIPAL","TARJETAJOVEN":"No","ACCESOPMR":"No","NROPLAZAS":"3","TOTALPLAZAS":2151}},{"type":"Feature","id":"da_aparcamientosMovilidadReducida.fid--175d4967_1a0508ab86c_8d9","geometry":{"type":"Point","coordinates":[-4.41863827,36.72797497,0]},"geometry_name":"SDOGEOMETRIA","properties":{"ID":67038,"NOMBRE":"APARCAPMR_079","DESCRIPCION":"A la altura del nº 7","DIRECCION":"PLAZA EJIDO, 5 ","URL":null,"EMAIL":null,"CONTACTO":null,"HORARIOS":null,"PRECIOS":null,"TITULARIDAD":"MUNICIPAL","TARJETAJOVEN":"No","ACCESOPMR":"No","NROPLAZAS":"3","TOTALPLAZAS":2151}},{"type":"Feature","id":"da_aparcamientosMovilidadReducida.fid--175d4967_1a0508ab86c_8da","geometry":{"type":"Point","coordinates":[-4.44567707,36.71036361,0]},"geometry_name":"SDOGEOMETRIA","properties":{"ID":80929,"NOMBRE":"APARCAPMR_724","DESCRIPCION":null,"DIRECCION":"CALLE ALOZAINA, 2 ","URL":null,"EMAIL":null,"CONTACTO":null,"HORARIOS":null,"PRECIOS":null,"TITULARIDAD":"MUNICIPAL","TARJETAJOVEN":"No","ACCESOPMR":"No","NROPLAZAS":"1","TOTALPLAZAS":2151}},{"type":"Feature","id":"da_aparcamientosMovilidadReducida.fid--175d4967_1a0508ab86c_8db","geometry":{"type":"Point","coordinates":[-4.44664791,36.71017838,0]},"geometry_name":"SDOGEOMETRIA","properties":{"ID":66871,"NOMBRE":"APARCAPMR_624","DESCRIPCION":"Esquina con Cl. Alozaina","DIRECCION":"CALLE ALOZAINA, 8 ","URL":null,"EMAIL":null,"CONTACTO":null,"HORARIOS":null,"PRECIOS":null,"TITULARIDAD":"MUNICIPAL","TARJETAJOVEN":"No","ACCESOPMR":"No","NROPLAZAS":"1","TOTALPLAZAS":2151}},{"type":"Feature","id":"da_aparcamientosMovilidadReducida.fid--175d4967_1a0508ab86c_8dc","geometry":{"type":"Point","coordinates":[-4.43753377,36.72850381,0]},"geometry_name":"SDOGEOMETRIA","properties":{"ID":67100,"NOMBRE":"APARCAPMR_082","DESCRIPCION":"Frente a Cl. Tejares","DIRECCION":"CALLE TEJARES, 50 ","URL":null,"EMAIL":null,"CONTACTO":null,"HORARIOS":null,"PRECIOS":null,"TITULARIDAD":"MUNICIPAL","TARJETAJOVEN":"No","ACCESOPMR":"No","NROPLAZAS":"2","TOTALPLAZAS":2151}},{"type":"Feature","id":"da_aparcamientosMovilidadReducida.fid--175d4967_1a0508ab86c_8dd","geometry":{"type":"Point","coordinates":[-4.449387,36.71955304,0]},"geometry_name":"SDOGEOMETRIA","properties":{"ID":66745,"NOMBRE":"APARCAPMR_1018","DESCRIPCION":"Esq. Cl Cómpeta","DIRECCION":"AVENIDA DE SANTA ROSA DE LIMA, 24 ","URL":null,"EMAIL":null,"CONTACTO":null,"HORARIOS":null,"PRECIOS":null,"TITULARIDAD":"MUNICIPAL","TARJETAJOVEN":"No","ACCESOPMR":"No","NROPLAZAS":"1","TOTALPLAZAS":2151}},{"type":"Feature","id":"da_aparcamientosMovilidadReducida.fid--175d4967_1a0508ab86c_8de","geometry":{"type":"Point","coordinates":[-4.47749944,36.7461575,0]},"geometry_name":"SDOGEOMETRIA","properties":{"ID":66257,"NOMBRE":"APARCAPMR_1121","DESCRIPCION":null,"DIRECCION":"PASAJE RUBENS, 5 ","URL":null,"EMAIL":null,"CONTACTO":null,"HORARIOS":null,"PRECIOS":null,"TITULARIDAD":"MUNICIPAL","TARJETAJOVEN":"No","ACCESOPMR":"No","NROPLAZAS":"1","TOTALPLAZAS":2151}},{"type":"Feature","id":"da_aparcamientosMovilidadReducida.fid--175d4967_1a0508ab86c_8df","geometry":{"type":"Point","coordinates":[-4.44252267,36.69105441,0]},"geometry_name":"SDOGEOMETRIA","properties":{"ID":66395,"NOMBRE":"APARCAPMR_639","DESCRIPCION":"Esquina con c/ Pacífico","DIRECCION":"CALLE DE FRANCISCO DE COSSÍO, 22 ","URL":null,"EMAIL":null,"CONTACTO":null,"HORARIOS":null,"PRECIOS":null,"TITULARIDAD":"MUNICIPAL","TARJETAJOVEN":"No","ACCESOPMR":"No","NROPLAZAS":"1","TOTALPLAZAS":2151}},{"type":"Feature","id":"da_aparcamientosMovilidadReducida.fid--175d4967_1a0508ab86c_8e0","geometry":{"type":"Point","coordinates":[-4.444248,36.69161004,0]},"geometry_name":"SDOGEOMETRIA","properties":{"ID":67230,"NOMBRE":"APARCAPMR_214","DESCRIPCION":"Esquina con Av. Sor Teresa Prat","DIRECCION":"CALLE DE FRANCISCO DE COSSÍO, 8 ","URL":null,"EMAIL":null,"CONTACTO":null,"HORARIOS":null,"PRECIOS":null,"TITULARIDAD":"MUNICIPAL","TARJETAJOVEN":"No","ACCESOPMR":"No","NROPLAZAS":"1","TOTALPLAZAS":2151}},{"type":"Feature","id":"da_aparcamientosMovilidadReducida.fid--175d4967_1a0508ab86c_8e1","geometry":{"type":"Point","coordinates":[-4.4533277,36.71729714,0]},"geometry_name":"SDOGEOMETRIA","properties":{"ID":66131,"NOMBRE":"APARCAPMR_848","DESCRIPCION":null,"DIRECCION":"CALLE ARCHIDONA, 25 ","URL":null,"EMAIL":null,"CONTACTO":null,"HORARIOS":null,"PRECIOS":null,"TITULARIDAD":"MUNICIPAL","TARJETAJOVEN":"No","ACCESOPMR":"No","NROPLAZAS":"3","TOTALPLAZAS":2151}},{"type":"Feature","id":"da_aparcamientosMovilidadReducida.fid--175d4967_1a0508ab86c_8e2","geometry":{"type":"Point","coordinates":[-4.45075374,36.7159021,0]},"geometry_name":"SDOGEOMETRIA","properties":{"ID":66620,"NOMBRE":"APARCAPMR_1218","DESCRIPCION":null,"DIRECCION":"CALLE LUIS F PALLARDO PEINADO, 10 ","URL":null,"EMAIL":null,"CONTACTO":null,"HORARIOS":null,"PRECIOS":null,"TITULARIDAD":"MUNICIPAL","TARJETAJOVEN":"No","ACCESOPMR":"No","NROPLAZAS":"3","TOTALPLAZAS":2151}},{"type":"Feature","id":"da_aparcamientosMovilidadReducida.fid--175d4967_1a0508ab86c_8e3","geometry":{"type":"Point","coordinates":[-4.477098,36.74017504,0]},"geometry_name":"SDOGEOMETRIA","properties":{"ID":66702,"NOMBRE":"APARCAPMR_1008","DESCRIPCION":"Esq. Cl. Escritor Jacobo Orellana Espejo","DIRECCION":"CALLE ESCRITOR ANTONIO NAVARRO TRUJILLO, 27 ","URL":null,"EMAIL":null,"CONTACTO":null,"HORARIOS":null,"PRECIOS":null,"TITULARIDAD":"MUNICIPAL","TARJETAJOVEN":"No","ACCESOPMR":"No","NROPLAZAS":"1","TOTALPLAZAS":2151}},{"type":"Feature","id":"da_aparcamientosMovilidadReducida.fid--175d4967_1a0508ab86c_8e4","geometry":{"type":"Point","coordinates":[-4.42113809,36.72871018,0]},"geometry_name":"SDOGEOMETRIA","properties":{"ID":66486,"NOMBRE":"APARCAPMR_619","DESCRIPCION":null,"DIRECCION":"PLAZA DE CAPUCHINOS, 16 ","URL":null,"EMAIL":null,"CONTACTO":null,"HORARIOS":null,"PRECIOS":null,"TITULARIDAD":"MUNICIPAL","TARJETAJOVEN":"No","ACCESOPMR":"No","NROPLAZAS":"2","TOTALPLAZAS":2151}},{"type":"Feature","id":"da_aparcamientosMovilidadReducida.fid--175d4967_1a0508ab86c_8e5","geometry":{"type":"Point","coordinates":[-4.4507705,36.69616636,0]},"geometry_name":"SDOGEOMETRIA","properties":{"ID":79733,"NOMBRE":"APARCAPMR_1426","DESCRIPCION":" C/ Alcalde José María Corona esquina con Avenida Velázquez","DIRECCION":"CALLE ALCALDE JOSÉ MARÍA CORONA, 3 ","URL":null,"EMAIL":null,"CONTACTO":null,"HORARIOS":null,"PRECIOS":null,"TITULARIDAD":"MUNICIPAL","TARJETAJOVEN":"No","ACCESOPMR":"No","NROPLAZAS":"1","TOTALPLAZAS":2151}},{"type":"Feature","id":"da_aparcamientosMovilidadReducida.fid--175d4967_1a0508ab86c_8e6","geometry":{"type":"Point","coordinates":[-4.44663249,36.69917963,0]},"geometry_name":"SDOGEOMETRIA","properties":{"ID":66897,"NOMBRE":"APARCAPMR_725","DESCRIPCION":"Esquina Av. Manuel Torres","DIRECCION":"AVENIDA DE VELÁZQUEZ, 25 ","URL":null,"EMAIL":null,"CONTACTO":null,"HORARIOS":null,"PRECIOS":null,"TITULARIDAD":"MUNICIPAL","TARJETAJOVEN":"No","ACCESOPMR":"No","NROPLAZAS":"1","TOTALPLAZAS":2151}},{"type":"Feature","id":"da_aparcamientosMovilidadReducida.fid--175d4967_1a0508ab86c_8e7","geometry":{"type":"Point","coordinates":[-4.4443506,36.72606221,0]},"geometry_name":"SDOGEOMETRIA","properties":{"ID":66798,"NOMBRE":"APARCAPMR_661","DESCRIPCION":"Esquina con c/ Concejal José María Martín Carpena","DIRECCION":"CALLE MAGISTRADO SALVADOR BARBERÁ, 17 ","URL":null,"EMAIL":null,"CONTACTO":null,"HORARIOS":null,"PRECIOS":null,"TITULARIDAD":"MUNICIPAL","TARJETAJOVEN":"No","ACCESOPMR":"No","NROPLAZAS":"2","TOTALPLAZAS":2151}},{"type":"Feature","id":"da_aparcamientosMovilidadReducida.fid--175d4967_1a0508ab86c_8e8","geometry":{"type":"Point","coordinates":[-4.45094749,36.73281229,0]},"geometry_name":"SDOGEOMETRIA","properties":{"ID":66807,"NOMBRE":"APARCAPMR_671","DESCRIPCION":null,"DIRECCION":"CAMINO SAN ALBERTO, 27 ","URL":null,"EMAIL":null,"CONTACTO":null,"HORARIOS":null,"PRECIOS":null,"TITULARIDAD":"MUNICIPAL","TARJETAJOVEN":"No","ACCESOPMR":"No","NROPLAZAS":"1","TOTALPLAZAS":2151}},{"type":"Feature","id":"da_aparcamientosMovilidadReducida.fid--175d4967_1a0508ab86c_8e9","geometry":{"type":"Point","coordinates":[-4.453791,36.72141504,0]},"geometry_name":"SDOGEOMETRIA","properties":{"ID":66593,"NOMBRE":"APARCAPMR_935","DESCRIPCION":"Esquina calle Zaragueta","DIRECCION":"CALLE CASTILLA, 24 ","URL":null,"EMAIL":null,"CONTACTO":null,"HORARIOS":null,"PRECIOS":null,"TITULARIDAD":"MUNICIPAL","TARJETAJOVEN":"No","ACCESOPMR":"No","NROPLAZAS":"1","TOTALPLAZAS":2151}},{"type":"Feature","id":"da_aparcamientosMovilidadReducida.fid--175d4967_1a0508ab86c_8ea","geometry":{"type":"Point","coordinates":[-4.45437334,36.71985065,0]},"geometry_name":"SDOGEOMETRIA","properties":{"ID":67159,"NOMBRE":"APARCAPMR_323","DESCRIPCION":"Esquina con Plaza José Bergamín","DIRECCION":"CALLE CASTILLA, 33 ","URL":null,"EMAIL":null,"CONTACTO":null,"HORARIOS":null,"PRECIOS":null,"TITULARIDAD":"MUNICIPAL","TARJETAJOVEN":"No","ACCESOPMR":"No","NROPLAZAS":"2","TOTALPLAZAS":2151}},{"type":"Feature","id":"da_aparcamientosMovilidadReducida.fid--175d4967_1a0508ab86c_8eb","geometry":{"type":"Point","coordinates":[-4.46784992,36.72421702,0]},"geometry_name":"SDOGEOMETRIA","properties":{"ID":76807,"NOMBRE":"APARCAPMR_1168","DESCRIPCION":null,"DIRECCION":"CALLE ANTONIO RAÍZ, 9 ","URL":null,"EMAIL":null,"CONTACTO":null,"HORARIOS":null,"PRECIOS":null,"TITULARIDAD":"MUNICIPAL","TARJETAJOVEN":"No","ACCESOPMR":"No","NROPLAZAS":"1","TOTALPLAZAS":2151}},{"type":"Feature","id":"da_aparcamientosMovilidadReducida.fid--175d4967_1a0508ab86c_8ec","geometry":{"type":"Point","coordinates":[-4.44140218,36.72248002,0]},"geometry_name":"SDOGEOMETRIA","properties":{"ID":66385,"NOMBRE":"APARCAPMR_625","DESCRIPCION":"Esquina Cl. Doctor Ruíz Jiménez","DIRECCION":"CALLE DOCTOR RUIZ JIMÉNEZ, 6 ","URL":null,"EMAIL":null,"CONTACTO":null,"HORARIOS":null,"PRECIOS":null,"TITULARIDAD":"MUNICIPAL","TARJETAJOVEN":"No","ACCESOPMR":"No","NROPLAZAS":"2","TOTALPLAZAS":2151}},{"type":"Feature","id":"da_aparcamientosMovilidadReducida.fid--175d4967_1a0508ab86c_8ed","geometry":{"type":"Point","coordinates":[-4.42461625,36.71845369,0]},"geometry_name":"SDOGEOMETRIA","properties":{"ID":66502,"NOMBRE":"APARCAPMR_504","DESCRIPCION":"A la altura de c/ Sagasta","DIRECCION":"PLAZA DE ARRIOLA, 10 ","URL":null,"EMAIL":null,"CONTACTO":null,"HORARIOS":null,"PRECIOS":null,"TITULARIDAD":"MUNICIPAL","TARJETAJOVEN":"No","ACCESOPMR":"No","NROPLAZAS":"2","TOTALPLAZAS":2151}},{"type":"Feature","id":"da_aparcamientosMovilidadReducida.fid--175d4967_1a0508ab86c_8ee","geometry":{"type":"Point","coordinates":[-4.44399299,36.72437638,0]},"geometry_name":"SDOGEOMETRIA","properties":{"ID":66171,"NOMBRE":"APARCAPMR_1289","DESCRIPCION":null,"DIRECCION":"CALLE MAGISTRADO SALVADOR BARBERÁ, 11 ","URL":null,"EMAIL":null,"CONTACTO":null,"HORARIOS":null,"PRECIOS":null,"TITULARIDAD":"MUNICIPAL","TARJETAJOVEN":"No","ACCESOPMR":"No","NROPLAZAS":"1","TOTALPLAZAS":2151}},{"type":"Feature","id":"da_aparcamientosMovilidadReducida.fid--175d4967_1a0508ab86c_8ef","geometry":{"type":"Point","coordinates":[-4.3553229,36.72023211,0]},"geometry_name":"SDOGEOMETRIA","properties":{"ID":80907,"NOMBRE":"APARCAPMR_86","DESCRIPCION":"Esquina con Calle Almería","DIRECCION":"CALLE PADRE LERCHUNDI, 1 ","URL":null,"EMAIL":null,"CONTACTO":null,"HORARIOS":null,"PRECIOS":null,"TITULARIDAD":"MUNICIPAL","TARJETAJOVEN":"No","ACCESOPMR":"No","NROPLAZAS":"2","TOTALPLAZAS":2151}},{"type":"Feature","id":"da_aparcamientosMovilidadReducida.fid--175d4967_1a0508ab86c_8f0","geometry":{"type":"Point","coordinates":[-4.42700438,36.72972833,0]},"geometry_name":"SDOGEOMETRIA","properties":{"ID":66728,"NOMBRE":"APARCAPMR_1139","DESCRIPCION":null,"DIRECCION":"PASEO MARTIRICOS, 26 ","URL":null,"EMAIL":null,"CONTACTO":null,"HORARIOS":null,"PRECIOS":null,"TITULARIDAD":"MUNICIPAL","TARJETAJOVEN":"No","ACCESOPMR":"No","NROPLAZAS":"2","TOTALPLAZAS":2151}},{"type":"Feature","id":"da_aparcamientosMovilidadReducida.fid--175d4967_1a0508ab86c_8f1","geometry":{"type":"Point","coordinates":[-4.422364,36.74952404,0]},"geometry_name":"SDOGEOMETRIA","properties":{"ID":66438,"NOMBRE":"APARCAPMR_1060","DESCRIPCION":"Esq. con Cl. López Alarcón","DIRECCION":"CALLE EMILIO THUILLIER, 111 ","URL":null,"EMAIL":null,"CONTACTO":null,"HORARIOS":null,"PRECIOS":null,"TITULARIDAD":"MUNICIPAL","TARJETAJOVEN":"No","ACCESOPMR":"No","NROPLAZAS":"1","TOTALPLAZAS":2151}},{"type":"Feature","id":"da_aparcamientosMovilidadReducida.fid--175d4967_1a0508ab86c_8f2","geometry":{"type":"Point","coordinates":[-4.42428007,36.75319743,0]},"geometry_name":"SDOGEOMETRIA","properties":{"ID":66260,"NOMBRE":"APARCAPMR_1186","DESCRIPCION":"Esq. C / Dolores Casini","DIRECCION":"CAMINO DE CASABERMEJA, 33 ","URL":null,"EMAIL":null,"CONTACTO":null,"HORARIOS":null,"PRECIOS":null,"TITULARIDAD":"MUNICIPAL","TARJETAJOVEN":"No","ACCESOPMR":"No","NROPLAZAS":"2","TOTALPLAZAS":2151}},{"type":"Feature","id":"da_aparcamientosMovilidadReducida.fid--175d4967_1a0508ab86c_8f3","geometry":{"type":"Point","coordinates":[-4.42671023,36.73980032,0]},"geometry_name":"SDOGEOMETRIA","properties":{"ID":81031,"NOMBRE":"APARCAPMR_1103","DESCRIPCION":null,"DIRECCION":"CALLE DOCTOR CARRIÓN PÉREZ, 12 ","URL":null,"EMAIL":null,"CONTACTO":null,"HORARIOS":null,"PRECIOS":null,"TITULARIDAD":"MUNICIPAL","TARJETAJOVEN":"No","ACCESOPMR":"No","NROPLAZAS":"1","TOTALPLAZAS":2151}},{"type":"Feature","id":"da_aparcamientosMovilidadReducida.fid--175d4967_1a0508ab86c_8f4","geometry":{"type":"Point","coordinates":[-4.4232168,36.71479643,0]},"geometry_name":"SDOGEOMETRIA","properties":{"ID":67033,"NOMBRE":"APARCAPMR_069","DESCRIPCION":"Esquina con c/ Duquesa de Parcent","DIRECCION":"CALLE SOMERA, 12 ","URL":null,"EMAIL":null,"CONTACTO":null,"HORARIOS":null,"PRECIOS":null,"TITULARIDAD":"MUNICIPAL","TARJETAJOVEN":"No","ACCESOPMR":"No","NROPLAZAS":"2","TOTALPLAZAS":2151}},{"type":"Feature","id":"da_aparcamientosMovilidadReducida.fid--175d4967_1a0508ab86c_8f5","geometry":{"type":"Point","coordinates":[-4.43439022,36.72914657,0]},"geometry_name":"SDOGEOMETRIA","properties":{"ID":67092,"NOMBRE":"APARCAPMR_322","DESCRIPCION":"Esquina con c/ Nicolás Salmerón","DIRECCION":"CALLE BLAS DE LEZO, 25 ","URL":null,"EMAIL":null,"CONTACTO":null,"HORARIOS":null,"PRECIOS":null,"TITULARIDAD":"MUNICIPAL","TARJETAJOVEN":"No","ACCESOPMR":"No","NROPLAZAS":"2","TOTALPLAZAS":2151}},{"type":"Feature","id":"da_aparcamientosMovilidadReducida.fid--175d4967_1a0508ab86c_8f6","geometry":{"type":"Point","coordinates":[-4.412168,36.72678404,0]},"geometry_name":"SDOGEOMETRIA","properties":{"ID":66327,"NOMBRE":"APARCAPMR_861","DESCRIPCION":null,"DIRECCION":"CALLE MACABEOS, 2 ","URL":null,"EMAIL":null,"CONTACTO":null,"HORARIOS":null,"PRECIOS":null,"TITULARIDAD":"MUNICIPAL","TARJETAJOVEN":"No","ACCESOPMR":"No","NROPLAZAS":"1","TOTALPLAZAS":2151}},{"type":"Feature","id":"da_aparcamientosMovilidadReducida.fid--175d4967_1a0508ab86c_8f7","geometry":{"type":"Point","coordinates":[-4.411879,36.71756804,0]},"geometry_name":"SDOGEOMETRIA","properties":{"ID":66744,"NOMBRE":"APARCAPMR_926","DESCRIPCION":"Esquina con c/ San Nicolás.","DIRECCION":"CALLE FARO, 2 ","URL":null,"EMAIL":null,"CONTACTO":null,"HORARIOS":null,"PRECIOS":null,"TITULARIDAD":"MUNICIPAL","TARJETAJOVEN":"No","ACCESOPMR":"No","NROPLAZAS":"1","TOTALPLAZAS":2151}},{"type":"Feature","id":"da_aparcamientosMovilidadReducida.fid--175d4967_1a0508ab86c_8f8","geometry":{"type":"Point","coordinates":[-4.43249792,36.72239671,0]},"geometry_name":"SDOGEOMETRIA","properties":{"ID":66483,"NOMBRE":"APARCAPMR_583","DESCRIPCION":"Esquina con Cl. Lanuza","DIRECCION":"CALLE PELAYO, 12 ","URL":null,"EMAIL":null,"CONTACTO":null,"HORARIOS":null,"PRECIOS":null,"TITULARIDAD":"MUNICIPAL","TARJETAJOVEN":"No","ACCESOPMR":"No","NROPLAZAS":"2","TOTALPLAZAS":2151}},{"type":"Feature","id":"da_aparcamientosMovilidadReducida.fid--175d4967_1a0508ab86c_8f9","geometry":{"type":"Point","coordinates":[-4.43191972,36.74163449,0]},"geometry_name":"SDOGEOMETRIA","properties":{"ID":80687,"NOMBRE":"APARCAPMR_1456","DESCRIPCION":"C/ Jabalón esquina con C/ Esla","DIRECCION":"CALLE JABALÓN, 4 ","URL":null,"EMAIL":null,"CONTACTO":null,"HORARIOS":null,"PRECIOS":null,"TITULARIDAD":"MUNICIPAL","TARJETAJOVEN":"No","ACCESOPMR":"No","NROPLAZAS":"1","TOTALPLAZAS":2151}},{"type":"Feature","id":"da_aparcamientosMovilidadReducida.fid--175d4967_1a0508ab86c_8fa","geometry":{"type":"Point","coordinates":[-4.43287802,36.74226002,0]},"geometry_name":"SDOGEOMETRIA","properties":{"ID":67123,"NOMBRE":"APARCAPMR_190","DESCRIPCION":"Frente al nº 6","DIRECCION":"CALLE GUADIATO, 6 ","URL":null,"EMAIL":null,"CONTACTO":null,"HORARIOS":null,"PRECIOS":null,"TITULARIDAD":"MUNICIPAL","TARJETAJOVEN":"No","ACCESOPMR":"No","NROPLAZAS":"1","TOTALPLAZAS":2151}},{"type":"Feature","id":"da_aparcamientosMovilidadReducida.fid--175d4967_1a0508ab86c_8fb","geometry":{"type":"Point","coordinates":[-4.42449113,36.73309125,4066209.73571061]},"geometry_name":"SDOGEOMETRIA","properties":{"ID":78439,"NOMBRE":"APARCAPMR_1387","DESCRIPCION":"C/ Leopoldo Werner, N.º 4","DIRECCION":"CALLE LEOPOLDO WERNER, 4 ","URL":null,"EMAIL":null,"CONTACTO":null,"HORARIOS":null,"PRECIOS":null,"TITULARIDAD":"MUNICIPAL","TARJETAJOVEN":"No","ACCESOPMR":"No","NROPLAZAS":"1","TOTALPLAZAS":2151}},{"type":"Feature","id":"da_aparcamientosMovilidadReducida.fid--175d4967_1a0508ab86c_8fc","geometry":{"type":"Point","coordinates":[-4.42061615,36.74668507,0]},"geometry_name":"SDOGEOMETRIA","properties":{"ID":67073,"NOMBRE":"APARCAPMR_261","DESCRIPCION":"No hay más datos","DIRECCION":"CALLE DÍAZ CAMACHO, 2 ","URL":null,"EMAIL":null,"CONTACTO":null,"HORARIOS":null,"PRECIOS":null,"TITULARIDAD":"MUNICIPAL","TARJETAJOVEN":"No","ACCESOPMR":"No","NROPLAZAS":"1","TOTALPLAZAS":2151}},{"type":"Feature","id":"da_aparcamientosMovilidadReducida.fid--175d4967_1a0508ab86c_8fd","geometry":{"type":"Point","coordinates":[-4.42702219,36.72882734,0]},"geometry_name":"SDOGEOMETRIA","properties":{"ID":67129,"NOMBRE":"APARCAPMR_044","DESCRIPCION":"Frente a c/ Toledo. En la puerta de Bomberos.","DIRECCION":"PASEO MARTIRICOS, 16 ","URL":null,"EMAIL":null,"CONTACTO":null,"HORARIOS":null,"PRECIOS":null,"TITULARIDAD":"MUNICIPAL","TARJETAJOVEN":"No","ACCESOPMR":"No","NROPLAZAS":"2","TOTALPLAZAS":2151}},{"type":"Feature","id":"da_aparcamientosMovilidadReducida.fid--175d4967_1a0508ab86c_8fe","geometry":{"type":"Point","coordinates":[-4.4323574,36.73817334,0]},"geometry_name":"SDOGEOMETRIA","properties":{"ID":66152,"NOMBRE":"APARCAPMR_843","DESCRIPCION":null,"DIRECCION":"CALLE GUADALBULLÓN, 8 ","URL":null,"EMAIL":null,"CONTACTO":null,"HORARIOS":null,"PRECIOS":null,"TITULARIDAD":"MUNICIPAL","TARJETAJOVEN":"No","ACCESOPMR":"No","NROPLAZAS":"1","TOTALPLAZAS":2151}},{"type":"Feature","id":"da_aparcamientosMovilidadReducida.fid--175d4967_1a0508ab86c_8ff","geometry":{"type":"Point","coordinates":[-4.42168929,36.7475298,0]},"geometry_name":"SDOGEOMETRIA","properties":{"ID":67278,"NOMBRE":"APARCAPMR_492","DESCRIPCION":"Esquina con Cl. Sancho Miranda","DIRECCION":"CALLE EMILIO THUILLIER, 89 ","URL":null,"EMAIL":null,"CONTACTO":null,"HORARIOS":null,"PRECIOS":null,"TITULARIDAD":"MUNICIPAL","TARJETAJOVEN":"No","ACCESOPMR":"No","NROPLAZAS":"1","TOTALPLAZAS":2151}},{"type":"Feature","id":"da_aparcamientosMovilidadReducida.fid--175d4967_1a0508ab86c_900","geometry":{"type":"Point","coordinates":[-4.42335058,36.75181231,0]},"geometry_name":"SDOGEOMETRIA","properties":{"ID":66305,"NOMBRE":"APARCAPMR_842","DESCRIPCION":null,"DIRECCION":"CAMINO DE CASABERMEJA, 38 ","URL":null,"EMAIL":null,"CONTACTO":null,"HORARIOS":null,"PRECIOS":null,"TITULARIDAD":"MUNICIPAL","TARJETAJOVEN":"No","ACCESOPMR":"No","NROPLAZAS":"1","TOTALPLAZAS":2151}},{"type":"Feature","id":"da_aparcamientosMovilidadReducida.fid--175d4967_1a0508ab86c_901","geometry":{"type":"Point","coordinates":[-4.4236815,36.7272763,0]},"geometry_name":"SDOGEOMETRIA","properties":{"ID":66484,"NOMBRE":"APARCAPMR_631","DESCRIPCION":"Esquina con Duque de Rivas","DIRECCION":"CALLE SAN BARTOLOMÉ, 8 ","URL":null,"EMAIL":null,"CONTACTO":null,"HORARIOS":null,"PRECIOS":null,"TITULARIDAD":"MUNICIPAL","TARJETAJOVEN":"No","ACCESOPMR":"No","NROPLAZAS":"1","TOTALPLAZAS":2151}},{"type":"Feature","id":"da_aparcamientosMovilidadReducida.fid--175d4967_1a0508ab86c_902","geometry":{"type":"Point","coordinates":[-4.43457663,36.72823939,0]},"geometry_name":"SDOGEOMETRIA","properties":{"ID":67091,"NOMBRE":"APARCAPMR_096","DESCRIPCION":"Esquina con c/ Tejares","DIRECCION":"CALLE BLAS DE LEZO, 14 ","URL":null,"EMAIL":null,"CONTACTO":null,"HORARIOS":null,"PRECIOS":null,"TITULARIDAD":"MUNICIPAL","TARJETAJOVEN":"No","ACCESOPMR":"No","NROPLAZAS":"2","TOTALPLAZAS":2151}},{"type":"Feature","id":"da_aparcamientosMovilidadReducida.fid--175d4967_1a0508ab86c_903","geometry":{"type":"Point","coordinates":[-4.41819035,36.74437203,0]},"geometry_name":"SDOGEOMETRIA","properties":{"ID":67075,"NOMBRE":"APARCAPMR_346","DESCRIPCION":"Esquina con Cl. Las Moreras. Frente al nº 23.","DIRECCION":"CALLE LAS MORERAS, 6 ","URL":null,"EMAIL":null,"CONTACTO":null,"HORARIOS":null,"PRECIOS":null,"TITULARIDAD":"MUNICIPAL","TARJETAJOVEN":"No","ACCESOPMR":"No","NROPLAZAS":"2","TOTALPLAZAS":2151}},{"type":"Feature","id":"da_aparcamientosMovilidadReducida.fid--175d4967_1a0508ab86c_904","geometry":{"type":"Point","coordinates":[-4.42200231,36.73129021,0]},"geometry_name":"SDOGEOMETRIA","properties":{"ID":80974,"NOMBRE":"APARCAPMR_58","DESCRIPCION":null,"DIRECCION":"CALLE PEINADO, 1 ","URL":null,"EMAIL":null,"CONTACTO":null,"HORARIOS":null,"PRECIOS":null,"TITULARIDAD":"MUNICIPAL","TARJETAJOVEN":"No","ACCESOPMR":"No","NROPLAZAS":"2","TOTALPLAZAS":2151}},{"type":"Feature","id":"da_aparcamientosMovilidadReducida.fid--175d4967_1a0508ab86c_905","geometry":{"type":"Point","coordinates":[-4.42291746,36.71812728,0]},"geometry_name":"SDOGEOMETRIA","properties":{"ID":74584,"NOMBRE":"APARCAPMR_882","DESCRIPCION":"Calle Panaderos, 1","DIRECCION":"CALLE PANADEROS, 1 ","URL":null,"EMAIL":null,"CONTACTO":null,"HORARIOS":"Excepto personas movilidad reducida","PRECIOS":null,"TITULARIDAD":"MUNICIPAL","TARJETAJOVEN":"No","ACCESOPMR":"No","NROPLAZAS":"2","TOTALPLAZAS":2151}},{"type":"Feature","id":"da_aparcamientosMovilidadReducida.fid--175d4967_1a0508ab86c_906","geometry":{"type":"Point","coordinates":[-4.422027,36.74445104,0]},"geometry_name":"SDOGEOMETRIA","properties":{"ID":66850,"NOMBRE":"APARCAPMR_940","DESCRIPCION":"Frente a Cl. Avicebron","DIRECCION":"CALLE EMILIO THUILLIER, 33 ","URL":null,"EMAIL":null,"CONTACTO":null,"HORARIOS":null,"PRECIOS":null,"TITULARIDAD":"MUNICIPAL","TARJETAJOVEN":"No","ACCESOPMR":"No","NROPLAZAS":"1","TOTALPLAZAS":2151}},{"type":"Feature","id":"da_aparcamientosMovilidadReducida.fid--175d4967_1a0508ab86c_907","geometry":{"type":"Point","coordinates":[-4.37060595,36.72359151,0]},"geometry_name":"SDOGEOMETRIA","properties":{"ID":67057,"NOMBRE":"APARCAPMR_167","DESCRIPCION":"Esquina con Cl. Mariano de Cavia","DIRECCION":"CALLE MARIANO DE CAVIA, 31 ","URL":null,"EMAIL":null,"CONTACTO":null,"HORARIOS":null,"PRECIOS":null,"TITULARIDAD":"MUNICIPAL","TARJETAJOVEN":"No","ACCESOPMR":"No","NROPLAZAS":"1","TOTALPLAZAS":2151}},{"type":"Feature","id":"da_aparcamientosMovilidadReducida.fid--175d4967_1a0508ab86c_908","geometry":{"type":"Point","coordinates":[-4.42224517,36.74315068,0]},"geometry_name":"SDOGEOMETRIA","properties":{"ID":66679,"NOMBRE":"APARCAPMR_565","DESCRIPCION":"Esquina con Cl. Tomás Fernández","DIRECCION":"CALLE EMILIO THUILLIER, 13 ","URL":null,"EMAIL":null,"CONTACTO":null,"HORARIOS":null,"PRECIOS":null,"TITULARIDAD":"MUNICIPAL","TARJETAJOVEN":"No","ACCESOPMR":"No","NROPLAZAS":"1","TOTALPLAZAS":2151}},{"type":"Feature","id":"da_aparcamientosMovilidadReducida.fid--175d4967_1a0508ab86c_909","geometry":{"type":"Point","coordinates":[-4.506244,36.66899604,0]},"geometry_name":"SDOGEOMETRIA","properties":{"ID":66553,"NOMBRE":"APARCAPMR_1072","DESCRIPCION":"Esq. con Camino Retiro","DIRECCION":"CALLE DECANO JUAN RAFAEL DE LARA, 1 ","URL":null,"EMAIL":null,"CONTACTO":null,"HORARIOS":null,"PRECIOS":null,"TITULARIDAD":"MUNICIPAL","TARJETAJOVEN":"No","ACCESOPMR":"No","NROPLAZAS":"1","TOTALPLAZAS":2151}},{"type":"Feature","id":"da_aparcamientosMovilidadReducida.fid--175d4967_1a0508ab86c_90a","geometry":{"type":"Point","coordinates":[-4.43291567,36.72515768,0]},"geometry_name":"SDOGEOMETRIA","properties":{"ID":66797,"NOMBRE":"APARCAPMR_651","DESCRIPCION":null,"DIRECCION":"CALLE FERNANDO CHIRINO, 7 ","URL":null,"EMAIL":null,"CONTACTO":null,"HORARIOS":null,"PRECIOS":null,"TITULARIDAD":"MUNICIPAL","TARJETAJOVEN":"No","ACCESOPMR":"No","NROPLAZAS":"1","TOTALPLAZAS":2151}},{"type":"Feature","id":"da_aparcamientosMovilidadReducida.fid--175d4967_1a0508ab86c_90b","geometry":{"type":"Point","coordinates":[-4.41714764,36.74372455,0]},"geometry_name":"SDOGEOMETRIA","properties":{"ID":67024,"NOMBRE":"APARCAPMR_466","DESCRIPCION":"Junto al portón del Colegio María Zambrano (frente al nº 7).","DIRECCION":"CALLE LAS MORERAS, 7 ","URL":null,"EMAIL":null,"CONTACTO":null,"HORARIOS":null,"PRECIOS":null,"TITULARIDAD":"MUNICIPAL","TARJETAJOVEN":"No","ACCESOPMR":"No","NROPLAZAS":"2","TOTALPLAZAS":2151}},{"type":"Feature","id":"da_aparcamientosMovilidadReducida.fid--175d4967_1a0508ab86c_90c","geometry":{"type":"Point","coordinates":[-4.36937213,36.72352272,0]},"geometry_name":"SDOGEOMETRIA","properties":{"ID":66971,"NOMBRE":"APARCAPMR_384","DESCRIPCION":"Esquina con Cl. Mariano de Cavia","DIRECCION":"CALLE MARIANO DE CAVIA, 42 ","URL":null,"EMAIL":null,"CONTACTO":null,"HORARIOS":null,"PRECIOS":null,"TITULARIDAD":"MUNICIPAL","TARJETAJOVEN":"No","ACCESOPMR":"No","NROPLAZAS":"1","TOTALPLAZAS":2151}},{"type":"Feature","id":"da_aparcamientosMovilidadReducida.fid--175d4967_1a0508ab86c_90d","geometry":{"type":"Point","coordinates":[-4.42891181,36.72341361,0]},"geometry_name":"SDOGEOMETRIA","properties":{"ID":66482,"NOMBRE":"APARCAPMR_629","DESCRIPCION":null,"DIRECCION":"CALLE TRINIDAD, 62 ","URL":null,"EMAIL":null,"CONTACTO":null,"HORARIOS":null,"PRECIOS":null,"TITULARIDAD":"MUNICIPAL","TARJETAJOVEN":"No","ACCESOPMR":"No","NROPLAZAS":"1","TOTALPLAZAS":2151}},{"type":"Feature","id":"da_aparcamientosMovilidadReducida.fid--175d4967_1a0508ab86c_90e","geometry":{"type":"Point","coordinates":[-4.473674,36.66784404,0]},"geometry_name":"SDOGEOMETRIA","properties":{"ID":66746,"NOMBRE":"APARCAPMR_1007","DESCRIPCION":null,"DIRECCION":"CAMINO GUADALMAR A LA LOMA, 29 ","URL":null,"EMAIL":null,"CONTACTO":null,"HORARIOS":null,"PRECIOS":null,"TITULARIDAD":"MUNICIPAL","TARJETAJOVEN":"No","ACCESOPMR":"No","NROPLAZAS":"1","TOTALPLAZAS":2151}},{"type":"Feature","id":"da_aparcamientosMovilidadReducida.fid--175d4967_1a0508ab86c_90f","geometry":{"type":"Point","coordinates":[-4.44305262,36.71960134,0]},"geometry_name":"SDOGEOMETRIA","properties":{"ID":66714,"NOMBRE":"APARCAPMR_1183","DESCRIPCION":"Esq. Virgen de las Flores","DIRECCION":"CALLE PEDRO LUIS GÁLVEZ, 12 ","URL":null,"EMAIL":null,"CONTACTO":null,"HORARIOS":null,"PRECIOS":null,"TITULARIDAD":"MUNICIPAL","TARJETAJOVEN":"No","ACCESOPMR":"No","NROPLAZAS":"2","TOTALPLAZAS":2151}},{"type":"Feature","id":"da_aparcamientosMovilidadReducida.fid--175d4967_1a0508ab86c_910","geometry":{"type":"Point","coordinates":[-4.43938248,36.70644116,0]},"geometry_name":"SDOGEOMETRIA","properties":{"ID":67261,"NOMBRE":"APARCAPMR_213","DESCRIPCION":"Esquina con Cl. Río Gargaliga","DIRECCION":"CARRIL DE LA CORDOBESA, 13 ","URL":null,"EMAIL":null,"CONTACTO":null,"HORARIOS":null,"PRECIOS":null,"TITULARIDAD":"MUNICIPAL","TARJETAJOVEN":"No","ACCESOPMR":"No","NROPLAZAS":"3","TOTALPLAZAS":2151}},{"type":"Feature","id":"da_aparcamientosMovilidadReducida.fid--175d4967_1a0508ab86c_911","geometry":{"type":"Point","coordinates":[-4.4397828,36.71213185,0]},"geometry_name":"SDOGEOMETRIA","properties":{"ID":67026,"NOMBRE":"APARCAPMR_471","DESCRIPCION":"Esquina con c/ Flores García","DIRECCION":"PASEO DE LOS TILOS, 78 ","URL":null,"EMAIL":null,"CONTACTO":null,"HORARIOS":null,"PRECIOS":null,"TITULARIDAD":"MUNICIPAL","TARJETAJOVEN":"No","ACCESOPMR":"No","NROPLAZAS":"2","TOTALPLAZAS":2151}},{"type":"Feature","id":"da_aparcamientosMovilidadReducida.fid--175d4967_1a0508ab86c_912","geometry":{"type":"Point","coordinates":[-4.54728839,36.72956879,0]},"geometry_name":"SDOGEOMETRIA","properties":{"ID":77985,"NOMBRE":"APARCAPMR_1361","DESCRIPCION":"Esquina José Calderón","DIRECCION":"CALLE VICENZO BELLINI, 1 ","URL":null,"EMAIL":null,"CONTACTO":null,"HORARIOS":null,"PRECIOS":null,"TITULARIDAD":"MUNICIPAL","TARJETAJOVEN":"No","ACCESOPMR":"No","NROPLAZAS":"1","TOTALPLAZAS":2151}},{"type":"Feature","id":"da_aparcamientosMovilidadReducida.fid--175d4967_1a0508ab86c_913","geometry":{"type":"Point","coordinates":[-4.50730205,36.70322955,0]},"geometry_name":"SDOGEOMETRIA","properties":{"ID":66653,"NOMBRE":"APARCAPMR_622","DESCRIPCION":"A la altura del nº 60","DIRECCION":"CALLE CONEJITO, 9 ","URL":null,"EMAIL":null,"CONTACTO":null,"HORARIOS":null,"PRECIOS":null,"TITULARIDAD":"MUNICIPAL","TARJETAJOVEN":"No","ACCESOPMR":"No","NROPLAZAS":"2","TOTALPLAZAS":2151}},{"type":"Feature","id":"da_aparcamientosMovilidadReducida.fid--175d4967_1a0508ab86c_914","geometry":{"type":"Point","coordinates":[-4.43951726,36.71495715,0]},"geometry_name":"SDOGEOMETRIA","properties":{"ID":66183,"NOMBRE":"APARCAPMR_743","DESCRIPCION":null,"DIRECCION":"CALLE HORACIO LENGO, 26 ","URL":null,"EMAIL":null,"CONTACTO":null,"HORARIOS":null,"PRECIOS":null,"TITULARIDAD":"MUNICIPAL","TARJETAJOVEN":"No","ACCESOPMR":"No","NROPLAZAS":"1","TOTALPLAZAS":2151}},{"type":"Feature","id":"da_aparcamientosMovilidadReducida.fid--175d4967_1a0508ab86c_915","geometry":{"type":"Point","coordinates":[-4.442046,36.71412004,0]},"geometry_name":"SDOGEOMETRIA","properties":{"ID":66410,"NOMBRE":"APARCAPMR_965","DESCRIPCION":"A la altura del número 18","DIRECCION":"CALLE CONDE DE GUADALHORCE, 16 ","URL":null,"EMAIL":null,"CONTACTO":null,"HORARIOS":null,"PRECIOS":null,"TITULARIDAD":"MUNICIPAL","TARJETAJOVEN":"No","ACCESOPMR":"No","NROPLAZAS":"2","TOTALPLAZAS":2151}},{"type":"Feature","id":"da_aparcamientosMovilidadReducida.fid--175d4967_1a0508ab86c_916","geometry":{"type":"Point","coordinates":[-4.54207802,36.72329334,0]},"geometry_name":"SDOGEOMETRIA","properties":{"ID":66783,"NOMBRE":"APARCAPMR_140","DESCRIPCION":null,"DIRECCION":"CAMINO MARTÍNEZ, 55 ","URL":null,"EMAIL":null,"CONTACTO":null,"HORARIOS":null,"PRECIOS":null,"TITULARIDAD":"MUNICIPAL","TARJETAJOVEN":"No","ACCESOPMR":"No","NROPLAZAS":"1","TOTALPLAZAS":2151}},{"type":"Feature","id":"da_aparcamientosMovilidadReducida.fid--175d4967_1a0508ab86c_917","geometry":{"type":"Point","coordinates":[-4.54197603,36.72402146,0]},"geometry_name":"SDOGEOMETRIA","properties":{"ID":66554,"NOMBRE":"APARCAPMR_1153","DESCRIPCION":"Esq. Cl. Manguito","DIRECCION":"CAMINO MARTÍNEZ, 35 ","URL":null,"EMAIL":null,"CONTACTO":null,"HORARIOS":null,"PRECIOS":null,"TITULARIDAD":"MUNICIPAL","TARJETAJOVEN":"No","ACCESOPMR":"No","NROPLAZAS":"1","TOTALPLAZAS":2151}},{"type":"Feature","id":"da_aparcamientosMovilidadReducida.fid--175d4967_1a0508ab86c_918","geometry":{"type":"Point","coordinates":[-4.45023038,36.69657068,0]},"geometry_name":"SDOGEOMETRIA","properties":{"ID":77989,"NOMBRE":"APARCAPMR_1365","DESCRIPCION":"Esquina C/ Cocherito","DIRECCION":"AVENIDA DE VELÁZQUEZ, 58 ","URL":null,"EMAIL":null,"CONTACTO":null,"HORARIOS":null,"PRECIOS":null,"TITULARIDAD":"MUNICIPAL","TARJETAJOVEN":"No","ACCESOPMR":"No","NROPLAZAS":"1","TOTALPLAZAS":2151}},{"type":"Feature","id":"da_aparcamientosMovilidadReducida.fid--175d4967_1a0508ab86c_919","geometry":{"type":"Point","coordinates":[-4.44314159,36.71617733,0]},"geometry_name":"SDOGEOMETRIA","properties":{"ID":66345,"NOMBRE":"APARCAPMR_197","DESCRIPCION":"Esquina con Av. Andalucía","DIRECCION":"AVENIDA DE ANDALUCÍA, 64 ","URL":null,"EMAIL":null,"CONTACTO":null,"HORARIOS":null,"PRECIOS":null,"TITULARIDAD":"MUNICIPAL","TARJETAJOVEN":"No","ACCESOPMR":"No","NROPLAZAS":"2","TOTALPLAZAS":2151}},{"type":"Feature","id":"da_aparcamientosMovilidadReducida.fid--175d4967_1a0508ab86c_91a","geometry":{"type":"Point","coordinates":[-4.4454,36.71578904,0]},"geometry_name":"SDOGEOMETRIA","properties":{"ID":66603,"NOMBRE":"APARCAPMR_908","DESCRIPCION":"Avda. Andalucía esquina con calle Virgen de la Esperanza","DIRECCION":"AVENIDA DE ANDALUCÍA, 88 ","URL":null,"EMAIL":null,"CONTACTO":null,"HORARIOS":null,"PRECIOS":null,"TITULARIDAD":"MUNICIPAL","TARJETAJOVEN":"No","ACCESOPMR":"No","NROPLAZAS":"2","TOTALPLAZAS":2151}},{"type":"Feature","id":"da_aparcamientosMovilidadReducida.fid--175d4967_1a0508ab86c_91b","geometry":{"type":"Point","coordinates":[-4.43442173,36.71341819,0]},"geometry_name":"SDOGEOMETRIA","properties":{"ID":67041,"NOMBRE":"APARCAPMR_073","DESCRIPCION":"Estación de autobuses","DIRECCION":"PASEO DE LOS TILOS, 24 ","URL":null,"EMAIL":null,"CONTACTO":null,"HORARIOS":null,"PRECIOS":null,"TITULARIDAD":"MUNICIPAL","TARJETAJOVEN":"No","ACCESOPMR":"No","NROPLAZAS":"2","TOTALPLAZAS":2151}},{"type":"Feature","id":"da_aparcamientosMovilidadReducida.fid--175d4967_1a0508ab86c_91c","geometry":{"type":"Point","coordinates":[-4.5481458,36.73009114,0]},"geometry_name":"SDOGEOMETRIA","properties":{"ID":66128,"NOMBRE":"APARCAPMR_814","DESCRIPCION":"Esquina con c/ Vicenzo Bellini.","DIRECCION":"CALLE JOAQUÍN DICENTA, 23 ","URL":null,"EMAIL":null,"CONTACTO":null,"HORARIOS":null,"PRECIOS":null,"TITULARIDAD":"MUNICIPAL","TARJETAJOVEN":"No","ACCESOPMR":"No","NROPLAZAS":"1","TOTALPLAZAS":2151}},{"type":"Feature","id":"da_aparcamientosMovilidadReducida.fid--175d4967_1a0508ab86c_91d","geometry":{"type":"Point","coordinates":[-4.54477583,36.72733689,0]},"geometry_name":"SDOGEOMETRIA","properties":{"ID":80958,"NOMBRE":"APARCAPMR_1220_B","DESCRIPCION":null,"DIRECCION":"CALLE JOSÉ FERNANDO CARVAJAL, 11 ","URL":null,"EMAIL":null,"CONTACTO":null,"HORARIOS":null,"PRECIOS":null,"TITULARIDAD":"MUNICIPAL","TARJETAJOVEN":"No","ACCESOPMR":"No","NROPLAZAS":"1","TOTALPLAZAS":2151}},{"type":"Feature","id":"da_aparcamientosMovilidadReducida.fid--175d4967_1a0508ab86c_91e","geometry":{"type":"Point","coordinates":[-4.43508625,36.70541386,0]},"geometry_name":"SDOGEOMETRIA","properties":{"ID":67246,"NOMBRE":"APARCAPMR_252","DESCRIPCION":"Frente a la Plaza Reyna Manescau","DIRECCION":"CALLE MUÑOZ DEGRAIN, 3 ","URL":null,"EMAIL":null,"CONTACTO":null,"HORARIOS":null,"PRECIOS":null,"TITULARIDAD":"MUNICIPAL","TARJETAJOVEN":"No","ACCESOPMR":"No","NROPLAZAS":"2","TOTALPLAZAS":2151}},{"type":"Feature","id":"da_aparcamientosMovilidadReducida.fid--175d4967_1a0508ab86c_91f","geometry":{"type":"Point","coordinates":[-4.44244012,36.7155885,0]},"geometry_name":"SDOGEOMETRIA","properties":{"ID":66676,"NOMBRE":"APARCAPMR_1278","DESCRIPCION":"esq. C/ Miguel Moreno Masson","DIRECCION":"CALLE PEDRO ALONSO GARCÍA, 3 ","URL":null,"EMAIL":null,"CONTACTO":null,"HORARIOS":null,"PRECIOS":null,"TITULARIDAD":"MUNICIPAL","TARJETAJOVEN":"No","ACCESOPMR":"No","NROPLAZAS":"1","TOTALPLAZAS":2151}},{"type":"Feature","id":"da_aparcamientosMovilidadReducida.fid--175d4967_1a0508ab86c_920","geometry":{"type":"Point","coordinates":[-4.43713522,36.70264439,0]},"geometry_name":"SDOGEOMETRIA","properties":{"ID":67233,"NOMBRE":"APARCAPMR_340","DESCRIPCION":"Esquina con Cl. Altamira","DIRECCION":"CALLE GARCERÁN, 56 ","URL":null,"EMAIL":null,"CONTACTO":null,"HORARIOS":null,"PRECIOS":null,"TITULARIDAD":"MUNICIPAL","TARJETAJOVEN":"No","ACCESOPMR":"No","NROPLAZAS":"2","TOTALPLAZAS":2151}},{"type":"Feature","id":"da_aparcamientosMovilidadReducida.fid--175d4967_1a0508ab86c_921","geometry":{"type":"Point","coordinates":[-4.43678423,36.70521736,0]},"geometry_name":"SDOGEOMETRIA","properties":{"ID":76896,"NOMBRE":"APARCAPMR_1229","DESCRIPCION":null,"DIRECCION":"CALLE GOYA, 2 ","URL":null,"EMAIL":null,"CONTACTO":null,"HORARIOS":null,"PRECIOS":null,"TITULARIDAD":"MUNICIPAL","TARJETAJOVEN":"No","ACCESOPMR":"No","NROPLAZAS":"1","TOTALPLAZAS":2151}},{"type":"Feature","id":"da_aparcamientosMovilidadReducida.fid--175d4967_1a0508ab86c_922","geometry":{"type":"Point","coordinates":[-4.44989245,36.69678988,0]},"geometry_name":"SDOGEOMETRIA","properties":{"ID":77988,"NOMBRE":"APARCAPMR_1364","DESCRIPCION":"Esquina Alcalde Joaquín Alonso","DIRECCION":"AVENIDA DE VELÁZQUEZ, 56 ","URL":null,"EMAIL":null,"CONTACTO":null,"HORARIOS":null,"PRECIOS":null,"TITULARIDAD":"MUNICIPAL","TARJETAJOVEN":"No","ACCESOPMR":"No","NROPLAZAS":"1","TOTALPLAZAS":2151}},{"type":"Feature","id":"da_aparcamientosMovilidadReducida.fid--175d4967_1a0508ab86c_923","geometry":{"type":"Point","coordinates":[-4.47206116,36.67905048,0]},"geometry_name":"SDOGEOMETRIA","properties":{"ID":66351,"NOMBRE":"APARCAPMR_115","DESCRIPCION":" Esquina con Avda de Los Guindos","DIRECCION":"AVENIDA DE VELÁZQUEZ, 289 ","URL":null,"EMAIL":null,"CONTACTO":null,"HORARIOS":null,"PRECIOS":null,"TITULARIDAD":"MUNICIPAL","TARJETAJOVEN":"No","ACCESOPMR":"No","NROPLAZAS":"1","TOTALPLAZAS":2151}},{"type":"Feature","id":"da_aparcamientosMovilidadReducida.fid--175d4967_1a0508ab86c_924","geometry":{"type":"Point","coordinates":[-4.43886578,36.70692274,0]},"geometry_name":"SDOGEOMETRIA","properties":{"ID":81013,"NOMBRE":"APARCAPMR_1200","DESCRIPCION":null,"DIRECCION":"CARRIL DE LA CORDOBESA, 11 ","URL":null,"EMAIL":null,"CONTACTO":null,"HORARIOS":null,"PRECIOS":null,"TITULARIDAD":"MUNICIPAL","TARJETAJOVEN":"No","ACCESOPMR":"No","NROPLAZAS":"2","TOTALPLAZAS":2151}},{"type":"Feature","id":"da_aparcamientosMovilidadReducida.fid--175d4967_1a0508ab86c_925","geometry":{"type":"Point","coordinates":[-4.54479835,36.72716096,0]},"geometry_name":"SDOGEOMETRIA","properties":{"ID":76900,"NOMBRE":"APARCAPMR_1220","DESCRIPCION":null,"DIRECCION":"CALLE JOSÉ FERNANDO CARVAJAL, 7 ","URL":null,"EMAIL":null,"CONTACTO":null,"HORARIOS":null,"PRECIOS":null,"TITULARIDAD":"MUNICIPAL","TARJETAJOVEN":"No","ACCESOPMR":"No","NROPLAZAS":"1","TOTALPLAZAS":2151}},{"type":"Feature","id":"da_aparcamientosMovilidadReducida.fid--175d4967_1a0508ab86c_926","geometry":{"type":"Point","coordinates":[-4.4998984,36.66594274,0]},"geometry_name":"SDOGEOMETRIA","properties":{"ID":66144,"NOMBRE":"APARCAPMR_782","DESCRIPCION":"Esquina con c/ Alberto Pelaez Dominguez.","DIRECCION":"CALLE DE LUIS DE NARVÁEZ, 62 ","URL":null,"EMAIL":null,"CONTACTO":null,"HORARIOS":null,"PRECIOS":null,"TITULARIDAD":"MUNICIPAL","TARJETAJOVEN":"No","ACCESOPMR":"No","NROPLAZAS":"1","TOTALPLAZAS":2151}},{"type":"Feature","id":"da_aparcamientosMovilidadReducida.fid--175d4967_1a0508ab86c_927","geometry":{"type":"Point","coordinates":[-4.49489901,36.7250368,0]},"geometry_name":"SDOGEOMETRIA","properties":{"ID":66618,"NOMBRE":"APARCAPMR_1195","DESCRIPCION":"C/ Catedrático Cristóbal Cuevas esq. C/ Doctor Norman Bethune","DIRECCION":"CALLE DOCTOR NORMAN BETHUNE, 8 ","URL":null,"EMAIL":null,"CONTACTO":null,"HORARIOS":null,"PRECIOS":null,"TITULARIDAD":"MUNICIPAL","TARJETAJOVEN":"No","ACCESOPMR":"No","NROPLAZAS":"1","TOTALPLAZAS":2151}},{"type":"Feature","id":"da_aparcamientosMovilidadReducida.fid--175d4967_1a0508ab86c_928","geometry":{"type":"Point","coordinates":[-4.50724983,36.70340351,0]},"geometry_name":"SDOGEOMETRIA","properties":{"ID":66782,"NOMBRE":"APARCAPMR_157","DESCRIPCION":null,"DIRECCION":"CALLE GUADALQUIVIREJO, 61 ","URL":null,"EMAIL":null,"CONTACTO":null,"HORARIOS":null,"PRECIOS":null,"TITULARIDAD":"MUNICIPAL","TARJETAJOVEN":"No","ACCESOPMR":"No","NROPLAZAS":"1","TOTALPLAZAS":2151}},{"type":"Feature","id":"da_aparcamientosMovilidadReducida.fid--175d4967_1a0508ab86c_929","geometry":{"type":"Point","coordinates":[-4.47261035,36.69903823,0]},"geometry_name":"SDOGEOMETRIA","properties":{"ID":66964,"NOMBRE":"APARCAPMR_376","DESCRIPCION":"Esquina con Camino de los Prados","DIRECCION":"CAMINO DE LOS PRADOS, 3 ","URL":null,"EMAIL":null,"CONTACTO":null,"HORARIOS":null,"PRECIOS":null,"TITULARIDAD":"MUNICIPAL","TARJETAJOVEN":"No","ACCESOPMR":"No","NROPLAZAS":"1","TOTALPLAZAS":2151}},{"type":"Feature","id":"da_aparcamientosMovilidadReducida.fid--175d4967_1a0508ab86c_92a","geometry":{"type":"Point","coordinates":[-4.500024,36.66581804,0]},"geometry_name":"SDOGEOMETRIA","properties":{"ID":66813,"NOMBRE":"APARCAPMR_1014","DESCRIPCION":"Esq. con la Cl. Alberto Peláez Domínguez","DIRECCION":"CALLE DE LUIS DE NARVÁEZ, 60 ","URL":null,"EMAIL":null,"CONTACTO":null,"HORARIOS":null,"PRECIOS":null,"TITULARIDAD":"MUNICIPAL","TARJETAJOVEN":"No","ACCESOPMR":"No","NROPLAZAS":"1","TOTALPLAZAS":2151}},{"type":"Feature","id":"da_aparcamientosMovilidadReducida.fid--175d4967_1a0508ab86c_92b","geometry":{"type":"Point","coordinates":[-4.47621128,36.70052664,0]},"geometry_name":"SDOGEOMETRIA","properties":{"ID":66210,"NOMBRE":"APARCAPMR_1181","DESCRIPCION":null,"DIRECCION":"CALLE FELIPE PEDRELL, 42 ","URL":null,"EMAIL":null,"CONTACTO":null,"HORARIOS":null,"PRECIOS":null,"TITULARIDAD":"MUNICIPAL","TARJETAJOVEN":"No","ACCESOPMR":"No","NROPLAZAS":"1","TOTALPLAZAS":2151}},{"type":"Feature","id":"da_aparcamientosMovilidadReducida.fid--175d4967_1a0508ab86c_92c","geometry":{"type":"Point","coordinates":[-4.50688429,36.7047843,0]},"geometry_name":"SDOGEOMETRIA","properties":{"ID":66652,"NOMBRE":"APARCAPMR_648","DESCRIPCION":"Esquina Cl. Tarajal","DIRECCION":"CALLE GUADALQUIVIREJO, 31 ","URL":null,"EMAIL":null,"CONTACTO":null,"HORARIOS":null,"PRECIOS":null,"TITULARIDAD":"MUNICIPAL","TARJETAJOVEN":"No","ACCESOPMR":"No","NROPLAZAS":"1","TOTALPLAZAS":2151}},{"type":"Feature","id":"da_aparcamientosMovilidadReducida.fid--175d4967_1a0508ab86c_92d","geometry":{"type":"Point","coordinates":[-4.532175,36.72654804,0]},"geometry_name":"SDOGEOMETRIA","properties":{"ID":66819,"NOMBRE":"APARCAPMR_971","DESCRIPCION":"Frente al nº 19","DIRECCION":"CALLE EL REQUINTO, 6 ","URL":null,"EMAIL":null,"CONTACTO":null,"HORARIOS":null,"PRECIOS":null,"TITULARIDAD":"MUNICIPAL","TARJETAJOVEN":"No","ACCESOPMR":"No","NROPLAZAS":"1","TOTALPLAZAS":2151}},{"type":"Feature","id":"da_aparcamientosMovilidadReducida.fid--175d4967_1a0508ab86c_92e","geometry":{"type":"Point","coordinates":[-4.50600185,36.70552565,0]},"geometry_name":"SDOGEOMETRIA","properties":{"ID":67271,"NOMBRE":"APARCAPMR_194","DESCRIPCION":"Esquina con c/ El Chaparral","DIRECCION":"CALLE SALINO, 11 ","URL":null,"EMAIL":null,"CONTACTO":null,"HORARIOS":null,"PRECIOS":null,"TITULARIDAD":"MUNICIPAL","TARJETAJOVEN":"No","ACCESOPMR":"No","NROPLAZAS":"2","TOTALPLAZAS":2151}},{"type":"Feature","id":"da_aparcamientosMovilidadReducida.fid--175d4967_1a0508ab86c_92f","geometry":{"type":"Point","coordinates":[-4.507141,36.70409804,0]},"geometry_name":"SDOGEOMETRIA","properties":{"ID":66236,"NOMBRE":"APARCAPMR_788","DESCRIPCION":null,"DIRECCION":"CALLE SALINO, 54 ","URL":null,"EMAIL":null,"CONTACTO":null,"HORARIOS":null,"PRECIOS":null,"TITULARIDAD":"MUNICIPAL","TARJETAJOVEN":"No","ACCESOPMR":"No","NROPLAZAS":"1","TOTALPLAZAS":2151}},{"type":"Feature","id":"da_aparcamientosMovilidadReducida.fid--175d4967_1a0508ab86c_930","geometry":{"type":"Point","coordinates":[-4.506581,36.70467104,0]},"geometry_name":"SDOGEOMETRIA","properties":{"ID":66727,"NOMBRE":"APARCAPMR_1099","DESCRIPCION":"Esq. con Cl. Tarajal","DIRECCION":"CALLE SALINO, 36 ","URL":null,"EMAIL":null,"CONTACTO":null,"HORARIOS":null,"PRECIOS":null,"TITULARIDAD":"MUNICIPAL","TARJETAJOVEN":"No","ACCESOPMR":"No","NROPLAZAS":"1","TOTALPLAZAS":2151}},{"type":"Feature","id":"da_aparcamientosMovilidadReducida.fid--175d4967_1a0508ab86c_931","geometry":{"type":"Point","coordinates":[-4.51221991,36.66905024,0]},"geometry_name":"SDOGEOMETRIA","properties":{"ID":75490,"NOMBRE":"APARCAPMR_1291","DESCRIPCION":"Esquina con calle Decano Ángel Caffarena","DIRECCION":"CALLE DECANO EDUARDO PALANCA, 19 ","URL":null,"EMAIL":null,"CONTACTO":null,"HORARIOS":null,"PRECIOS":null,"TITULARIDAD":"MUNICIPAL","TARJETAJOVEN":"No","ACCESOPMR":"No","NROPLAZAS":"1","TOTALPLAZAS":2151}},{"type":"Feature","id":"da_aparcamientosMovilidadReducida.fid--175d4967_1a0508ab86c_932","geometry":{"type":"Point","coordinates":[-4.51343626,36.66881912,0]},"geometry_name":"SDOGEOMETRIA","properties":{"ID":66968,"NOMBRE":"APARCAPMR_381","DESCRIPCION":"A la altura de c/ Pedernal","DIRECCION":"CALLE DECANO EDUARDO PALANCA, 17 ","URL":null,"EMAIL":null,"CONTACTO":null,"HORARIOS":null,"PRECIOS":null,"TITULARIDAD":"MUNICIPAL","TARJETAJOVEN":"No","ACCESOPMR":"No","NROPLAZAS":"1","TOTALPLAZAS":2151}},{"type":"Feature","id":"da_aparcamientosMovilidadReducida.fid--175d4967_1a0508ab86c_933","geometry":{"type":"Point","coordinates":[-4.51274157,36.67313471,0]},"geometry_name":"SDOGEOMETRIA","properties":{"ID":66685,"NOMBRE":"APARCAPMR_547","DESCRIPCION":"Esquina con Cl. Decano Salvador Barroso","DIRECCION":"CALLE DECANO SALVADOR BARROSO, 26 ","URL":null,"EMAIL":null,"CONTACTO":null,"HORARIOS":null,"PRECIOS":null,"TITULARIDAD":"MUNICIPAL","TARJETAJOVEN":"No","ACCESOPMR":"No","NROPLAZAS":"1","TOTALPLAZAS":2151}},{"type":"Feature","id":"da_aparcamientosMovilidadReducida.fid--175d4967_1a0508ab86c_934","geometry":{"type":"Point","coordinates":[-4.35962916,36.7215265,0]},"geometry_name":"SDOGEOMETRIA","properties":{"ID":80995,"NOMBRE":"APARCAPMR_910","DESCRIPCION":null,"DIRECCION":"PASAJE MORA, 3 ","URL":null,"EMAIL":null,"CONTACTO":null,"HORARIOS":null,"PRECIOS":null,"TITULARIDAD":"MUNICIPAL","TARJETAJOVEN":"No","ACCESOPMR":"No","NROPLAZAS":"1","TOTALPLAZAS":2151}},{"type":"Feature","id":"da_aparcamientosMovilidadReducida.fid--175d4967_1a0508ab86c_935","geometry":{"type":"Point","coordinates":[-4.45974594,36.66267463,0]},"geometry_name":"SDOGEOMETRIA","properties":{"ID":81019,"NOMBRE":"APARCAPMR_1224","DESCRIPCION":null,"DIRECCION":"CALLE HESPÉRIDES, 23 ","URL":null,"EMAIL":null,"CONTACTO":null,"HORARIOS":null,"PRECIOS":null,"TITULARIDAD":"MUNICIPAL","TARJETAJOVEN":"No","ACCESOPMR":"No","NROPLAZAS":"2","TOTALPLAZAS":2151}},{"type":"Feature","id":"da_aparcamientosMovilidadReducida.fid--175d4967_1a0508ab86c_936","geometry":{"type":"Point","coordinates":[-4.50637855,36.70552521,0]},"geometry_name":"SDOGEOMETRIA","properties":{"ID":77789,"NOMBRE":"APARCAPMR_1334","DESCRIPCION":"C/ Guadalquivirejo esquina con C/ Chaparral","DIRECCION":"CALLE GUADALQUIVIREJO, 20 ","URL":null,"EMAIL":null,"CONTACTO":null,"HORARIOS":null,"PRECIOS":null,"TITULARIDAD":"MUNICIPAL","TARJETAJOVEN":"No","ACCESOPMR":"No","NROPLAZAS":"1","TOTALPLAZAS":2151}},{"type":"Feature","id":"da_aparcamientosMovilidadReducida.fid--175d4967_1a0508ab86c_937","geometry":{"type":"Point","coordinates":[-4.47583485,36.74003946,0]},"geometry_name":"SDOGEOMETRIA","properties":{"ID":76813,"NOMBRE":"APARCAPMR_815","DESCRIPCION":null,"DIRECCION":"CALLE ESCRITOR ANTONIO NAVARRO TRUJILLO, 34 ","URL":null,"EMAIL":null,"CONTACTO":null,"HORARIOS":null,"PRECIOS":null,"TITULARIDAD":"MUNICIPAL","TARJETAJOVEN":"No","ACCESOPMR":"No","NROPLAZAS":"1","TOTALPLAZAS":2151}},{"type":"Feature","id":"da_aparcamientosMovilidadReducida.fid--175d4967_1a0508ab86c_938","geometry":{"type":"Point","coordinates":[-4.42297272,36.72887249,0]},"geometry_name":"SDOGEOMETRIA","properties":{"ID":66499,"NOMBRE":"APARCAPMR_681","DESCRIPCION":"Esquina con c/ San Jorge","DIRECCION":"CALLE DE JUAN DEL ENCINA, 25 ","URL":null,"EMAIL":null,"CONTACTO":null,"HORARIOS":null,"PRECIOS":null,"TITULARIDAD":"MUNICIPAL","TARJETAJOVEN":"No","ACCESOPMR":"No","NROPLAZAS":"1","TOTALPLAZAS":2151}},{"type":"Feature","id":"da_aparcamientosMovilidadReducida.fid--175d4967_1a0508ab86c_939","geometry":{"type":"Point","coordinates":[-4.42297675,36.72892892,0]},"geometry_name":"SDOGEOMETRIA","properties":{"ID":67211,"NOMBRE":"APARCAPMR_284","DESCRIPCION":"Esquina con c/ Empecinado","DIRECCION":"CALLE DE JUAN DEL ENCINA, 33 ","URL":null,"EMAIL":null,"CONTACTO":null,"HORARIOS":null,"PRECIOS":null,"TITULARIDAD":"MUNICIPAL","TARJETAJOVEN":"No","ACCESOPMR":"No","NROPLAZAS":"2","TOTALPLAZAS":2151}},{"type":"Feature","id":"da_aparcamientosMovilidadReducida.fid--175d4967_1a0508ab86c_93a","geometry":{"type":"Point","coordinates":[-4.447698,36.70332417,0]},"geometry_name":"SDOGEOMETRIA","properties":{"ID":66189,"NOMBRE":"APARCAPMR_735","DESCRIPCION":"Esquina Plaza General Cano.","DIRECCION":"PLAZA DEL GENERAL CANO, 1 ","URL":null,"EMAIL":null,"CONTACTO":null,"HORARIOS":null,"PRECIOS":null,"TITULARIDAD":"MUNICIPAL","TARJETAJOVEN":"No","ACCESOPMR":"No","NROPLAZAS":"1","TOTALPLAZAS":2151}},{"type":"Feature","id":"da_aparcamientosMovilidadReducida.fid--175d4967_1a0508ab86c_93b","geometry":{"type":"Point","coordinates":[-4.45118321,36.69081516,0]},"geometry_name":"SDOGEOMETRIA","properties":{"ID":81039,"NOMBRE":"APARCAPMR_1204","DESCRIPCION":null,"DIRECCION":"PLAZA DE CÉSAR ÁLVAREZ DUMONT, 6 ","URL":null,"EMAIL":null,"CONTACTO":null,"HORARIOS":null,"PRECIOS":null,"TITULARIDAD":"MUNICIPAL","TARJETAJOVEN":"No","ACCESOPMR":"No","NROPLAZAS":"1","TOTALPLAZAS":2151}},{"type":"Feature","id":"da_aparcamientosMovilidadReducida.fid--175d4967_1a0508ab86c_93c","geometry":{"type":"Point","coordinates":[-4.44882,36.72191904,0]},"geometry_name":"SDOGEOMETRIA","properties":{"ID":66705,"NOMBRE":"APARCAPMR_193","DESCRIPCION":"Esquina con Av. Santa Rosa de Lima","DIRECCION":"AVENIDA DE SANTA ROSA DE LIMA, 3 ","URL":null,"EMAIL":null,"CONTACTO":null,"HORARIOS":null,"PRECIOS":null,"TITULARIDAD":"MUNICIPAL","TARJETAJOVEN":"No","ACCESOPMR":"No","NROPLAZAS":"2","TOTALPLAZAS":2151}},{"type":"Feature","id":"da_aparcamientosMovilidadReducida.fid--175d4967_1a0508ab86c_93d","geometry":{"type":"Point","coordinates":[-4.48697962,36.7406483,0]},"geometry_name":"SDOGEOMETRIA","properties":{"ID":67010,"NOMBRE":"APARCAPMR_446","DESCRIPCION":"A la altura del nº 145","DIRECCION":"CALLE LOPE DE RUEDA, 212 ","URL":null,"EMAIL":null,"CONTACTO":null,"HORARIOS":null,"PRECIOS":null,"TITULARIDAD":"MUNICIPAL","TARJETAJOVEN":"No","ACCESOPMR":"No","NROPLAZAS":"2","TOTALPLAZAS":2151}},{"type":"Feature","id":"da_aparcamientosMovilidadReducida.fid--175d4967_1a0508ab86c_93e","geometry":{"type":"Point","coordinates":[-4.44952993,36.70857057,0]},"geometry_name":"SDOGEOMETRIA","properties":{"ID":66265,"NOMBRE":"APARCAPMR_1256","DESCRIPCION":"C/ CASARABONELA -ESQ. RIO SORBE","DIRECCION":"CALLE CASARABONELA, 21 ","URL":null,"EMAIL":null,"CONTACTO":null,"HORARIOS":null,"PRECIOS":null,"TITULARIDAD":"MUNICIPAL","TARJETAJOVEN":"No","ACCESOPMR":"No","NROPLAZAS":"1","TOTALPLAZAS":2151}},{"type":"Feature","id":"da_aparcamientosMovilidadReducida.fid--175d4967_1a0508ab86c_93f","geometry":{"type":"Point","coordinates":[-4.451403,36.71932204,0]},"geometry_name":"SDOGEOMETRIA","properties":{"ID":66600,"NOMBRE":"APARCAPMR_985","DESCRIPCION":"A la altura del nº 14","DIRECCION":"CALLE CÓMPETA, 14 ","URL":null,"EMAIL":null,"CONTACTO":null,"HORARIOS":null,"PRECIOS":null,"TITULARIDAD":"MUNICIPAL","TARJETAJOVEN":"No","ACCESOPMR":"No","NROPLAZAS":"1","TOTALPLAZAS":2151}},{"type":"Feature","id":"da_aparcamientosMovilidadReducida.fid--175d4967_1a0508ab86c_940","geometry":{"type":"Point","coordinates":[-4.46775065,36.72333179,0]},"geometry_name":"SDOGEOMETRIA","properties":{"ID":81018,"NOMBRE":"APARCAPMR_1384","DESCRIPCION":null,"DIRECCION":"CALLE ANTONIO RAÍZ, 12 ","URL":null,"EMAIL":null,"CONTACTO":null,"HORARIOS":null,"PRECIOS":null,"TITULARIDAD":"MUNICIPAL","TARJETAJOVEN":"No","ACCESOPMR":"No","NROPLAZAS":"2","TOTALPLAZAS":2151}},{"type":"Feature","id":"da_aparcamientosMovilidadReducida.fid--175d4967_1a0508ab86c_941","geometry":{"type":"Point","coordinates":[-4.45037685,36.71698253,0]},"geometry_name":"SDOGEOMETRIA","properties":{"ID":67174,"NOMBRE":"APARCAPMR_149","DESCRIPCION":"Esquina con c/ Corregidor José Viciana","DIRECCION":"CALLE CORREGIDOR CARLOS GARAFA, 2 ","URL":null,"EMAIL":null,"CONTACTO":null,"HORARIOS":null,"PRECIOS":null,"TITULARIDAD":"MUNICIPAL","TARJETAJOVEN":"No","ACCESOPMR":"No","NROPLAZAS":"1","TOTALPLAZAS":2151}},{"type":"Feature","id":"da_aparcamientosMovilidadReducida.fid--175d4967_1a0508ab86c_942","geometry":{"type":"Point","coordinates":[-4.48653257,36.73510774,0]},"geometry_name":"SDOGEOMETRIA","properties":{"ID":80038,"NOMBRE":"APARCAPMR_1434","DESCRIPCION":"C/ Azalea frente al N.º 17","DIRECCION":"CALLE AZALEA, 17 ","URL":null,"EMAIL":null,"CONTACTO":null,"HORARIOS":null,"PRECIOS":null,"TITULARIDAD":"MUNICIPAL","TARJETAJOVEN":"No","ACCESOPMR":"No","NROPLAZAS":"1","TOTALPLAZAS":2151}},{"type":"Feature","id":"da_aparcamientosMovilidadReducida.fid--175d4967_1a0508ab86c_943","geometry":{"type":"Point","coordinates":[-4.480943,36.73639604,0]},"geometry_name":"SDOGEOMETRIA","properties":{"ID":66204,"NOMBRE":"APARCAPMR_1057","DESCRIPCION":"Esq. con Cl. Joyería","DIRECCION":"CALLE ORFEBRERÍA, 17 ","URL":null,"EMAIL":null,"CONTACTO":null,"HORARIOS":null,"PRECIOS":null,"TITULARIDAD":"MUNICIPAL","TARJETAJOVEN":"No","ACCESOPMR":"No","NROPLAZAS":"1","TOTALPLAZAS":2151}},{"type":"Feature","id":"da_aparcamientosMovilidadReducida.fid--175d4967_1a0508ab86c_944","geometry":{"type":"Point","coordinates":[-4.44762,36.71535204,0]},"geometry_name":"SDOGEOMETRIA","properties":{"ID":66598,"NOMBRE":"APARCAPMR_987","DESCRIPCION":"Esquina calle Virgen de la Cabeza","DIRECCION":"AVENIDA DE ANDALUCÍA, 104 ","URL":null,"EMAIL":null,"CONTACTO":null,"HORARIOS":null,"PRECIOS":null,"TITULARIDAD":"MUNICIPAL","TARJETAJOVEN":"No","ACCESOPMR":"No","NROPLAZAS":"1","TOTALPLAZAS":2151}},{"type":"Feature","id":"da_aparcamientosMovilidadReducida.fid--175d4967_1a0508ab86c_945","geometry":{"type":"Point","coordinates":[-4.44093816,36.72304652,0]},"geometry_name":"SDOGEOMETRIA","properties":{"ID":67108,"NOMBRE":"APARCAPMR_151","DESCRIPCION":"Esquina con Cl. Palo Mayor","DIRECCION":"CALLE SONDALEZAS, 12 ","URL":null,"EMAIL":null,"CONTACTO":null,"HORARIOS":null,"PRECIOS":null,"TITULARIDAD":"MUNICIPAL","TARJETAJOVEN":"No","ACCESOPMR":"No","NROPLAZAS":"1","TOTALPLAZAS":2151}},{"type":"Feature","id":"da_aparcamientosMovilidadReducida.fid--175d4967_1a0508ab86c_946","geometry":{"type":"Point","coordinates":[-4.48074,36.73938704,0]},"geometry_name":"SDOGEOMETRIA","properties":{"ID":66610,"NOMBRE":"APARCAPMR_924","DESCRIPCION":null,"DIRECCION":"CALLE MENSAJERA, 10 ","URL":null,"EMAIL":null,"CONTACTO":null,"HORARIOS":null,"PRECIOS":null,"TITULARIDAD":"MUNICIPAL","TARJETAJOVEN":"No","ACCESOPMR":"No","NROPLAZAS":"1","TOTALPLAZAS":2151}},{"type":"Feature","id":"da_aparcamientosMovilidadReducida.fid--175d4967_1a0508ab86c_947","geometry":{"type":"Point","coordinates":[-4.46464688,36.72710002,0]},"geometry_name":"SDOGEOMETRIA","properties":{"ID":66628,"NOMBRE":"APARCAPMR_546","DESCRIPCION":"Esquina con Cl. Montesquieu","DIRECCION":"CALLE MONTESQUIEU, 2 ","URL":null,"EMAIL":null,"CONTACTO":null,"HORARIOS":null,"PRECIOS":null,"TITULARIDAD":"MUNICIPAL","TARJETAJOVEN":"No","ACCESOPMR":"No","NROPLAZAS":"3","TOTALPLAZAS":2151}},{"type":"Feature","id":"da_aparcamientosMovilidadReducida.fid--175d4967_1a0508ab86c_948","geometry":{"type":"Point","coordinates":[-4.477906,36.72641304,0]},"geometry_name":"SDOGEOMETRIA","properties":{"ID":66300,"NOMBRE":"APARCAPMR_877","DESCRIPCION":"frente al nº 25","DIRECCION":"AVENIDA DEL EDITOR ÁNGEL CAFFARENA, 23 ","URL":null,"EMAIL":null,"CONTACTO":null,"HORARIOS":null,"PRECIOS":null,"TITULARIDAD":"MUNICIPAL","TARJETAJOVEN":"No","ACCESOPMR":"No","NROPLAZAS":"1","TOTALPLAZAS":2151}},{"type":"Feature","id":"da_aparcamientosMovilidadReducida.fid--175d4967_1a0508ab86c_949","geometry":{"type":"Point","coordinates":[-4.47087631,36.72197372,0]},"geometry_name":"SDOGEOMETRIA","properties":{"ID":66524,"NOMBRE":"APARCAPMR_541","DESCRIPCION":"Esquina con c/ Francisco Lozano. Frente al nº 19","DIRECCION":"AVENIDA DE PEPITA DURÁN, 19 ","URL":null,"EMAIL":null,"CONTACTO":null,"HORARIOS":null,"PRECIOS":null,"TITULARIDAD":"MUNICIPAL","TARJETAJOVEN":"No","ACCESOPMR":"No","NROPLAZAS":"2","TOTALPLAZAS":2151}},{"type":"Feature","id":"da_aparcamientosMovilidadReducida.fid--175d4967_1a0508ab86c_94a","geometry":{"type":"Point","coordinates":[-4.45423052,36.6892515,0]},"geometry_name":"SDOGEOMETRIA","properties":{"ID":66949,"NOMBRE":"APARCAPMR_357","DESCRIPCION":"Esquina con c/ Ntra. Sra. de las Candelas","DIRECCION":"CALLE PAUL VALÉRY, 5 ","URL":null,"EMAIL":null,"CONTACTO":null,"HORARIOS":null,"PRECIOS":null,"TITULARIDAD":"MUNICIPAL","TARJETAJOVEN":"No","ACCESOPMR":"No","NROPLAZAS":"2","TOTALPLAZAS":2151}},{"type":"Feature","id":"da_aparcamientosMovilidadReducida.fid--175d4967_1a0508ab86c_94b","geometry":{"type":"Point","coordinates":[-4.4543311,36.71729536,0]},"geometry_name":"SDOGEOMETRIA","properties":{"ID":67150,"NOMBRE":"APARCAPMR_299","DESCRIPCION":"Esquina con c/ Stendhal","DIRECCION":"CALLE ALMOGÍA, 12 ","URL":null,"EMAIL":null,"CONTACTO":null,"HORARIOS":null,"PRECIOS":null,"TITULARIDAD":"MUNICIPAL","TARJETAJOVEN":"No","ACCESOPMR":"No","NROPLAZAS":"2","TOTALPLAZAS":2151}},{"type":"Feature","id":"da_aparcamientosMovilidadReducida.fid--175d4967_1a0508ab86c_94c","geometry":{"type":"Point","coordinates":[-4.47804694,36.73445085,0]},"geometry_name":"SDOGEOMETRIA","properties":{"ID":77273,"NOMBRE":"APARCAPMR_1325","DESCRIPCION":"C/ Lope de Rueda frente a la Avenida Manuel Rodríguez","DIRECCION":"CALLE LOPE DE RUEDA, 40 ","URL":null,"EMAIL":null,"CONTACTO":null,"HORARIOS":null,"PRECIOS":null,"TITULARIDAD":"MUNICIPAL","TARJETAJOVEN":"No","ACCESOPMR":"No","NROPLAZAS":"1","TOTALPLAZAS":2151}},{"type":"Feature","id":"da_aparcamientosMovilidadReducida.fid--175d4967_1a0508ab86c_94d","geometry":{"type":"Point","coordinates":[-4.478132,36.73635204,0]},"geometry_name":"SDOGEOMETRIA","properties":{"ID":66319,"NOMBRE":"APARCAPMR_868","DESCRIPCION":null,"DIRECCION":"CALLE ESCRITOR GÁLVEZ PALACIOS, 5 ","URL":null,"EMAIL":null,"CONTACTO":null,"HORARIOS":null,"PRECIOS":null,"TITULARIDAD":"MUNICIPAL","TARJETAJOVEN":"No","ACCESOPMR":"No","NROPLAZAS":"1","TOTALPLAZAS":2151}},{"type":"Feature","id":"da_aparcamientosMovilidadReducida.fid--175d4967_1a0508ab86c_94e","geometry":{"type":"Point","coordinates":[-4.422851,36.72740904,0]},"geometry_name":"SDOGEOMETRIA","properties":{"ID":66405,"NOMBRE":"APARCAPMR_1011","DESCRIPCION":"Esq. con Cl. Alderete","DIRECCION":"CALLE SAN BARTOLOMÉ, 22 ","URL":null,"EMAIL":null,"CONTACTO":null,"HORARIOS":null,"PRECIOS":null,"TITULARIDAD":"MUNICIPAL","TARJETAJOVEN":"No","ACCESOPMR":"No","NROPLAZAS":"1","TOTALPLAZAS":2151}},{"type":"Feature","id":"da_aparcamientosMovilidadReducida.fid--175d4967_1a0508ab86c_94f","geometry":{"type":"Point","coordinates":[-4.481449,36.73226904,0]},"geometry_name":"SDOGEOMETRIA","properties":{"ID":66854,"NOMBRE":"APARCAPMR_936","DESCRIPCION":"Esquina calle Cristo de los Milagros","DIRECCION":"CALLE HIGUERAS, 2 ","URL":null,"EMAIL":null,"CONTACTO":null,"HORARIOS":null,"PRECIOS":null,"TITULARIDAD":"MUNICIPAL","TARJETAJOVEN":"No","ACCESOPMR":"No","NROPLAZAS":"1","TOTALPLAZAS":2151}},{"type":"Feature","id":"da_aparcamientosMovilidadReducida.fid--175d4967_1a0508ab86c_950","geometry":{"type":"Point","coordinates":[-4.48081322,36.73259894,0]},"geometry_name":"SDOGEOMETRIA","properties":{"ID":67025,"NOMBRE":"APARCAPMR_469","DESCRIPCION":"Esquina con c/ Higueras","DIRECCION":"CALLE HIGUERAS, 16 ","URL":null,"EMAIL":null,"CONTACTO":null,"HORARIOS":null,"PRECIOS":null,"TITULARIDAD":"MUNICIPAL","TARJETAJOVEN":"No","ACCESOPMR":"No","NROPLAZAS":"1","TOTALPLAZAS":2151}},{"type":"Feature","id":"da_aparcamientosMovilidadReducida.fid--175d4967_1a0508ab86c_951","geometry":{"type":"Point","coordinates":[-4.481794,36.72268504,0]},"geometry_name":"SDOGEOMETRIA","properties":{"ID":66700,"NOMBRE":"APARCAPMR_912","DESCRIPCION":null,"DIRECCION":"CALLE SOLÓN, 1 ","URL":null,"EMAIL":null,"CONTACTO":null,"HORARIOS":null,"PRECIOS":null,"TITULARIDAD":"MUNICIPAL","TARJETAJOVEN":"No","ACCESOPMR":"No","NROPLAZAS":"1","TOTALPLAZAS":2151}},{"type":"Feature","id":"da_aparcamientosMovilidadReducida.fid--175d4967_1a0508ab86c_952","geometry":{"type":"Point","coordinates":[-4.4371778,36.71117304,0]},"geometry_name":"SDOGEOMETRIA","properties":{"ID":66286,"NOMBRE":"APARCAPMR_816","DESCRIPCION":null,"DIRECCION":"CALLE EMILIO LÓPEZ CEREZO, 3 ","URL":null,"EMAIL":null,"CONTACTO":null,"HORARIOS":null,"PRECIOS":null,"TITULARIDAD":"MUNICIPAL","TARJETAJOVEN":"No","ACCESOPMR":"No","NROPLAZAS":"1","TOTALPLAZAS":2151}},{"type":"Feature","id":"da_aparcamientosMovilidadReducida.fid--175d4967_1a0508ab86c_953","geometry":{"type":"Point","coordinates":[-4.45470393,36.71025525,0]},"geometry_name":"SDOGEOMETRIA","properties":{"ID":66709,"NOMBRE":"APARCAPMR_351","DESCRIPCION":"Esquina con c/ Benjamín Franklin. Frente al nº 11","DIRECCION":"CALLE DE CRISTÓBAL DE VILLALÓN, 11 ","URL":null,"EMAIL":null,"CONTACTO":null,"HORARIOS":null,"PRECIOS":null,"TITULARIDAD":"MUNICIPAL","TARJETAJOVEN":"No","ACCESOPMR":"No","NROPLAZAS":"2","TOTALPLAZAS":2151}},{"type":"Feature","id":"da_aparcamientosMovilidadReducida.fid--175d4967_1a0508ab86c_954","geometry":{"type":"Point","coordinates":[-4.456364,36.71015204,0]},"geometry_name":"SDOGEOMETRIA","properties":{"ID":66737,"NOMBRE":"APARCAPMR_800","DESCRIPCION":null,"DIRECCION":"CALLE OBSIDIANA, 3 ","URL":null,"EMAIL":null,"CONTACTO":null,"HORARIOS":null,"PRECIOS":null,"TITULARIDAD":"MUNICIPAL","TARJETAJOVEN":"No","ACCESOPMR":"No","NROPLAZAS":"2","TOTALPLAZAS":2151}},{"type":"Feature","id":"da_aparcamientosMovilidadReducida.fid--175d4967_1a0508ab86c_955","geometry":{"type":"Point","coordinates":[-4.45619678,36.71017078,0]},"geometry_name":"SDOGEOMETRIA","properties":{"ID":67183,"NOMBRE":"APARCAPMR_237","DESCRIPCION":"A la altura del nº 1","DIRECCION":"CALLE OBSIDIANA, 3 ","URL":null,"EMAIL":null,"CONTACTO":null,"HORARIOS":null,"PRECIOS":null,"TITULARIDAD":"MUNICIPAL","TARJETAJOVEN":"No","ACCESOPMR":"No","NROPLAZAS":"3","TOTALPLAZAS":2151}},{"type":"Feature","id":"da_aparcamientosMovilidadReducida.fid--175d4967_1a0508ab86c_956","geometry":{"type":"Point","coordinates":[-4.456021,36.71026404,0]},"geometry_name":"SDOGEOMETRIA","properties":{"ID":66609,"NOMBRE":"APARCAPMR_274","DESCRIPCION":null,"DIRECCION":"CALLE OBSIDIANA, 4A","URL":null,"EMAIL":null,"CONTACTO":null,"HORARIOS":null,"PRECIOS":null,"TITULARIDAD":"MUNICIPAL","TARJETAJOVEN":"No","ACCESOPMR":"No","NROPLAZAS":"2","TOTALPLAZAS":2151}},{"type":"Feature","id":"da_aparcamientosMovilidadReducida.fid--175d4967_1a0508ab86c_957","geometry":{"type":"Point","coordinates":[-4.45712999,36.70974833,0]},"geometry_name":"SDOGEOMETRIA","properties":{"ID":67184,"NOMBRE":"APARCAPMR_207","DESCRIPCION":"A la altura del nº 5","DIRECCION":"CALLE OBSIDIANA, 5 ","URL":null,"EMAIL":null,"CONTACTO":null,"HORARIOS":null,"PRECIOS":null,"TITULARIDAD":"MUNICIPAL","TARJETAJOVEN":"No","ACCESOPMR":"No","NROPLAZAS":"2","TOTALPLAZAS":2151}},{"type":"Feature","id":"da_aparcamientosMovilidadReducida.fid--175d4967_1a0508ab86c_958","geometry":{"type":"Point","coordinates":[-4.43592,36.70728604,0]},"geometry_name":"SDOGEOMETRIA","properties":{"ID":66450,"NOMBRE":"APARCAPMR_946","DESCRIPCION":"Esquina calle Héroe de Sostoa","DIRECCION":"CALLE MAESTRO CHAPÍ, 9 ","URL":null,"EMAIL":null,"CONTACTO":null,"HORARIOS":null,"PRECIOS":null,"TITULARIDAD":"MUNICIPAL","TARJETAJOVEN":"No","ACCESOPMR":"No","NROPLAZAS":"1","TOTALPLAZAS":2151}},{"type":"Feature","id":"da_aparcamientosMovilidadReducida.fid--175d4967_1a0508ab86c_959","geometry":{"type":"Point","coordinates":[-4.44711596,36.71066003,0]},"geometry_name":"SDOGEOMETRIA","properties":{"ID":66522,"NOMBRE":"APARCAPMR_441","DESCRIPCION":"Esquina con c/ Coronel Osuna","DIRECCION":"CALLE CIUDAD DE ANDÚJAR, 17 ","URL":null,"EMAIL":null,"CONTACTO":null,"HORARIOS":null,"PRECIOS":null,"TITULARIDAD":"MUNICIPAL","TARJETAJOVEN":"No","ACCESOPMR":"No","NROPLAZAS":"1","TOTALPLAZAS":2151}},{"type":"Feature","id":"da_aparcamientosMovilidadReducida.fid--175d4967_1a0508ab86c_95a","geometry":{"type":"Point","coordinates":[-4.48065896,36.70658777,0]},"geometry_name":"SDOGEOMETRIA","properties":{"ID":76028,"NOMBRE":"APARCAPMR_1295","DESCRIPCION":"esquina con con la calle Doctor Gámez Gutiérrez","DIRECCION":"CALLE DOCTOR GÓMEZ DEL RÍO, 14 ","URL":null,"EMAIL":null,"CONTACTO":null,"HORARIOS":null,"PRECIOS":null,"TITULARIDAD":"MUNICIPAL","TARJETAJOVEN":"No","ACCESOPMR":"No","NROPLAZAS":"1","TOTALPLAZAS":2151}},{"type":"Feature","id":"da_aparcamientosMovilidadReducida.fid--175d4967_1a0508ab86c_95b","geometry":{"type":"Point","coordinates":[-4.490031,36.72286904,0]},"geometry_name":"SDOGEOMETRIA","properties":{"ID":66383,"NOMBRE":"APARCAPMR_1005","DESCRIPCION":"Esq. Cl. José María González Ruiz","DIRECCION":"CALLE JOAQUÍN FERNÁNDEZ RECIO, 2 ","URL":null,"EMAIL":null,"CONTACTO":null,"HORARIOS":null,"PRECIOS":null,"TITULARIDAD":"MUNICIPAL","TARJETAJOVEN":"No","ACCESOPMR":"No","NROPLAZAS":"1","TOTALPLAZAS":2151}},{"type":"Feature","id":"da_aparcamientosMovilidadReducida.fid--175d4967_1a0508ab86c_95c","geometry":{"type":"Point","coordinates":[-4.4841309,36.73510984,0]},"geometry_name":"SDOGEOMETRIA","properties":{"ID":76029,"NOMBRE":"APARCAPMR_1323","DESCRIPCION":"esquina con Avenida Andersen","DIRECCION":"CALLE EMILIO ZOLA, 15 ","URL":null,"EMAIL":null,"CONTACTO":null,"HORARIOS":null,"PRECIOS":null,"TITULARIDAD":"MUNICIPAL","TARJETAJOVEN":"No","ACCESOPMR":"No","NROPLAZAS":"1","TOTALPLAZAS":2151}},{"type":"Feature","id":"da_aparcamientosMovilidadReducida.fid--175d4967_1a0508ab86c_95d","geometry":{"type":"Point","coordinates":[-4.47573538,36.72625874,0]},"geometry_name":"SDOGEOMETRIA","properties":{"ID":76809,"NOMBRE":"APARCAPMR_1208","DESCRIPCION":null,"DIRECCION":"AVENIDA DEL EDITOR ÁNGEL CAFFARENA, 13 ","URL":null,"EMAIL":null,"CONTACTO":null,"HORARIOS":null,"PRECIOS":null,"TITULARIDAD":"MUNICIPAL","TARJETAJOVEN":"No","ACCESOPMR":"No","NROPLAZAS":"1","TOTALPLAZAS":2151}},{"type":"Feature","id":"da_aparcamientosMovilidadReducida.fid--175d4967_1a0508ab86c_95e","geometry":{"type":"Point","coordinates":[-4.449827,36.70221704,0]},"geometry_name":"SDOGEOMETRIA","properties":{"ID":66448,"NOMBRE":"APARCAPMR_1004","DESCRIPCION":"Esquina con Cl. Cortés el Viejo","DIRECCION":"CALLE ALPARGATERITO, 5 ","URL":null,"EMAIL":null,"CONTACTO":null,"HORARIOS":null,"PRECIOS":null,"TITULARIDAD":"MUNICIPAL","TARJETAJOVEN":"No","ACCESOPMR":"No","NROPLAZAS":"1","TOTALPLAZAS":2151}},{"type":"Feature","id":"da_aparcamientosMovilidadReducida.fid--175d4967_1a0508ab86c_95f","geometry":{"type":"Point","coordinates":[-4.45347567,36.69397378,0]},"geometry_name":"SDOGEOMETRIA","properties":{"ID":66730,"NOMBRE":"APARCAPMR_1155","DESCRIPCION":"Esq. Cl. Chiquelo II","DIRECCION":"AVENIDA DE VELÁZQUEZ, 78 ","URL":null,"EMAIL":null,"CONTACTO":null,"HORARIOS":null,"PRECIOS":null,"TITULARIDAD":"MUNICIPAL","TARJETAJOVEN":"No","ACCESOPMR":"No","NROPLAZAS":"1","TOTALPLAZAS":2151}},{"type":"Feature","id":"da_aparcamientosMovilidadReducida.fid--175d4967_1a0508ab86c_960","geometry":{"type":"Point","coordinates":[-4.43825997,36.70384027,0]},"geometry_name":"SDOGEOMETRIA","properties":{"ID":66510,"NOMBRE":"APARCAPMR_522","DESCRIPCION":"Esquina con c/ Valero. Frente al nº 31","DIRECCION":"CALLE EDUARDO MARQUINA, 27 ","URL":null,"EMAIL":null,"CONTACTO":null,"HORARIOS":null,"PRECIOS":null,"TITULARIDAD":"MUNICIPAL","TARJETAJOVEN":"No","ACCESOPMR":"No","NROPLAZAS":"1","TOTALPLAZAS":2151}},{"type":"Feature","id":"da_aparcamientosMovilidadReducida.fid--175d4967_1a0508ab86c_961","geometry":{"type":"Point","coordinates":[-4.442576,36.71425104,0]},"geometry_name":"SDOGEOMETRIA","properties":{"ID":66607,"NOMBRE":"APARCAPMR_903","DESCRIPCION":null,"DIRECCION":"CALLE CONDE DE GUADALHORCE, 19 ","URL":null,"EMAIL":null,"CONTACTO":null,"HORARIOS":null,"PRECIOS":null,"TITULARIDAD":"MUNICIPAL","TARJETAJOVEN":"No","ACCESOPMR":"No","NROPLAZAS":"1","TOTALPLAZAS":2151}},{"type":"Feature","id":"da_aparcamientosMovilidadReducida.fid--175d4967_1a0508ab86c_962","geometry":{"type":"Point","coordinates":[-4.43959236,36.70333116,0]},"geometry_name":"SDOGEOMETRIA","properties":{"ID":67226,"NOMBRE":"APARCAPMR_103","DESCRIPCION":"Esquina con c/ Osorio","DIRECCION":"CALLE CARPIO, 28 ","URL":null,"EMAIL":null,"CONTACTO":null,"HORARIOS":null,"PRECIOS":null,"TITULARIDAD":"MUNICIPAL","TARJETAJOVEN":"No","ACCESOPMR":"No","NROPLAZAS":"2","TOTALPLAZAS":2151}},{"type":"Feature","id":"da_aparcamientosMovilidadReducida.fid--175d4967_1a0508ab86c_963","geometry":{"type":"Point","coordinates":[-4.42961895,36.72387575,0]},"geometry_name":"SDOGEOMETRIA","properties":{"ID":80922,"NOMBRE":"APARCAPMR_697","DESCRIPCION":null,"DIRECCION":"CALLE SEVILLA, 2 ","URL":null,"EMAIL":null,"CONTACTO":null,"HORARIOS":null,"PRECIOS":null,"TITULARIDAD":"MUNICIPAL","TARJETAJOVEN":"No","ACCESOPMR":"No","NROPLAZAS":"1","TOTALPLAZAS":2151}},{"type":"Feature","id":"da_aparcamientosMovilidadReducida.fid--175d4967_1a0508ab86c_964","geometry":{"type":"Point","coordinates":[-4.43811446,36.70134036,0]},"geometry_name":"SDOGEOMETRIA","properties":{"ID":67253,"NOMBRE":"APARCAPMR_175","DESCRIPCION":"Esquina con c / Las Navas","DIRECCION":"CALLE PRINCESA, 42 ","URL":null,"EMAIL":null,"CONTACTO":null,"HORARIOS":null,"PRECIOS":null,"TITULARIDAD":"MUNICIPAL","TARJETAJOVEN":"No","ACCESOPMR":"No","NROPLAZAS":"1","TOTALPLAZAS":2151}},{"type":"Feature","id":"da_aparcamientosMovilidadReducida.fid--175d4967_1a0508ab86c_965","geometry":{"type":"Point","coordinates":[-4.44266349,36.72293365,0]},"geometry_name":"SDOGEOMETRIA","properties":{"ID":67107,"NOMBRE":"APARCAPMR_085","DESCRIPCION":"Delante de la oficina del INEM","DIRECCION":"CALLE ROSA, 6 ","URL":null,"EMAIL":null,"CONTACTO":null,"HORARIOS":null,"PRECIOS":null,"TITULARIDAD":"MUNICIPAL","TARJETAJOVEN":"No","ACCESOPMR":"No","NROPLAZAS":"3","TOTALPLAZAS":2151}},{"type":"Feature","id":"da_aparcamientosMovilidadReducida.fid--175d4967_1a0508ab86c_966","geometry":{"type":"Point","coordinates":[-4.4393,36.73022895,0]},"geometry_name":"SDOGEOMETRIA","properties":{"ID":66799,"NOMBRE":"APARCAPMR_046","DESCRIPCION":"Esquina Cl. Ntra. Sra. de los Clarines","DIRECCION":"CALLE NUESTRA SEÑORA DE LOS CLARINES, 7 ","URL":null,"EMAIL":null,"CONTACTO":null,"HORARIOS":null,"PRECIOS":null,"TITULARIDAD":"MUNICIPAL","TARJETAJOVEN":"No","ACCESOPMR":"No","NROPLAZAS":"2","TOTALPLAZAS":2151}},{"type":"Feature","id":"da_aparcamientosMovilidadReducida.fid--175d4967_1a0508ab86c_967","geometry":{"type":"Point","coordinates":[-4.43404689,36.72465139,0]},"geometry_name":"SDOGEOMETRIA","properties":{"ID":67095,"NOMBRE":"APARCAPMR_136","DESCRIPCION":"Esquina con Cl. Ecuador","DIRECCION":"CALLE BAILÉN, 34 ","URL":null,"EMAIL":null,"CONTACTO":null,"HORARIOS":null,"PRECIOS":null,"TITULARIDAD":"MUNICIPAL","TARJETAJOVEN":"No","ACCESOPMR":"No","NROPLAZAS":"2","TOTALPLAZAS":2151}},{"type":"Feature","id":"da_aparcamientosMovilidadReducida.fid--175d4967_1a0508ab86c_968","geometry":{"type":"Point","coordinates":[-4.44312148,36.72925567,0]},"geometry_name":"SDOGEOMETRIA","properties":{"ID":67279,"NOMBRE":"APARCAPMR_493","DESCRIPCION":"Esquina Av. Miraflores de los Ángeles.","DIRECCION":"CALLE ROTONDA DE SUÁREZ, 5 ","URL":null,"EMAIL":null,"CONTACTO":null,"HORARIOS":null,"PRECIOS":null,"TITULARIDAD":"MUNICIPAL","TARJETAJOVEN":"No","ACCESOPMR":"No","NROPLAZAS":"1","TOTALPLAZAS":2151}},{"type":"Feature","id":"da_aparcamientosMovilidadReducida.fid--175d4967_1a0508ab86c_969","geometry":{"type":"Point","coordinates":[-4.4900962,36.74502438,0]},"geometry_name":"SDOGEOMETRIA","properties":{"ID":80474,"NOMBRE":"APARCAPMR_1441","DESCRIPCION":" C/ Zafiro esquina con C/ Diana","DIRECCION":"CALLE ZAFIRO, 13 ","URL":null,"EMAIL":null,"CONTACTO":null,"HORARIOS":null,"PRECIOS":null,"TITULARIDAD":"MUNICIPAL","TARJETAJOVEN":"No","ACCESOPMR":"No","NROPLAZAS":"1","TOTALPLAZAS":2151}},{"type":"Feature","id":"da_aparcamientosMovilidadReducida.fid--175d4967_1a0508ab86c_96a","geometry":{"type":"Point","coordinates":[-4.42929088,36.73273757,0]},"geometry_name":"SDOGEOMETRIA","properties":{"ID":76285,"NOMBRE":"APARCAPMR_1319","DESCRIPCION":null,"DIRECCION":"CALLE CONDE DE TORENO, 2 ","URL":null,"EMAIL":null,"CONTACTO":null,"HORARIOS":null,"PRECIOS":null,"TITULARIDAD":"MUNICIPAL","TARJETAJOVEN":"No","ACCESOPMR":"No","NROPLAZAS":"1","TOTALPLAZAS":2151}},{"type":"Feature","id":"da_aparcamientosMovilidadReducida.fid--175d4967_1a0508ab86c_96b","geometry":{"type":"Point","coordinates":[-4.44850534,36.71745339,0]},"geometry_name":"SDOGEOMETRIA","properties":{"ID":66332,"NOMBRE":"APARCAPMR_277","DESCRIPCION":"Esquina con c/ Virgen del Amparo","DIRECCION":"CALLE VIRGEN DE LA CABEZA, 21 ","URL":null,"EMAIL":null,"CONTACTO":null,"HORARIOS":null,"PRECIOS":null,"TITULARIDAD":"MUNICIPAL","TARJETAJOVEN":"No","ACCESOPMR":"No","NROPLAZAS":"1","TOTALPLAZAS":2151}},{"type":"Feature","id":"da_aparcamientosMovilidadReducida.fid--175d4967_1a0508ab86c_96c","geometry":{"type":"Point","coordinates":[-4.41573344,36.72874081,0]},"geometry_name":"SDOGEOMETRIA","properties":{"ID":67034,"NOMBRE":"APARCAPMR_072","DESCRIPCION":"Frente a c/ Cortina","DIRECCION":"CALLE TEJEROS, 8 ","URL":null,"EMAIL":null,"CONTACTO":null,"HORARIOS":null,"PRECIOS":null,"TITULARIDAD":"MUNICIPAL","TARJETAJOVEN":"No","ACCESOPMR":"No","NROPLAZAS":"2","TOTALPLAZAS":2151}},{"type":"Feature","id":"da_aparcamientosMovilidadReducida.fid--175d4967_1a0508ab86c_96d","geometry":{"type":"Point","coordinates":[-4.436023,36.71098604,0]},"geometry_name":"SDOGEOMETRIA","properties":{"ID":66156,"NOMBRE":"APARCAPMR_1079","DESCRIPCION":"Esq. con Pasaje Eguiluz","DIRECCION":"CALLE POETA MUÑOZ ROJAS, 5 ","URL":null,"EMAIL":null,"CONTACTO":null,"HORARIOS":null,"PRECIOS":null,"TITULARIDAD":"MUNICIPAL","TARJETAJOVEN":"No","ACCESOPMR":"No","NROPLAZAS":"1","TOTALPLAZAS":2151}},{"type":"Feature","id":"da_aparcamientosMovilidadReducida.fid--175d4967_1a0508ab86c_96e","geometry":{"type":"Point","coordinates":[-4.43728652,36.73043387,0]},"geometry_name":"SDOGEOMETRIA","properties":{"ID":66546,"NOMBRE":"APARCAPMR_1173","DESCRIPCION":"Esq. Marques de Ovieco","DIRECCION":"CALLE PACHECO, 21 ","URL":null,"EMAIL":null,"CONTACTO":null,"HORARIOS":null,"PRECIOS":null,"TITULARIDAD":"MUNICIPAL","TARJETAJOVEN":"No","ACCESOPMR":"No","NROPLAZAS":"1","TOTALPLAZAS":2151}},{"type":"Feature","id":"da_aparcamientosMovilidadReducida.fid--175d4967_1a0508ab86c_96f","geometry":{"type":"Point","coordinates":[-4.440226,36.73160304,0]},"geometry_name":"SDOGEOMETRIA","properties":{"ID":66589,"NOMBRE":"APARCAPMR_922","DESCRIPCION":null,"DIRECCION":"CALLE MIRAAZUCENAS, 7 ","URL":null,"EMAIL":null,"CONTACTO":null,"HORARIOS":null,"PRECIOS":null,"TITULARIDAD":"MUNICIPAL","TARJETAJOVEN":"No","ACCESOPMR":"No","NROPLAZAS":"1","TOTALPLAZAS":2151}},{"type":"Feature","id":"da_aparcamientosMovilidadReducida.fid--175d4967_1a0508ab86c_970","geometry":{"type":"Point","coordinates":[-4.46215405,36.71130065,0]},"geometry_name":"SDOGEOMETRIA","properties":{"ID":66726,"NOMBRE":"APARCAPMR_1251","DESCRIPCION":"C/ SHANTI ANDIA ESQ. PIERROT","DIRECCION":"CALLE SHANTI ANDÍA, 14 ","URL":null,"EMAIL":null,"CONTACTO":null,"HORARIOS":null,"PRECIOS":null,"TITULARIDAD":"MUNICIPAL","TARJETAJOVEN":"No","ACCESOPMR":"No","NROPLAZAS":"1","TOTALPLAZAS":2151}},{"type":"Feature","id":"da_aparcamientosMovilidadReducida.fid--175d4967_1a0508ab86c_971","geometry":{"type":"Point","coordinates":[-4.43745665,36.72919441,0]},"geometry_name":"SDOGEOMETRIA","properties":{"ID":67105,"NOMBRE":"APARCAPMR_220","DESCRIPCION":"Esquina con c/ Marqués de Ovieco","DIRECCION":"CALLE NICOLÁS SALMERÓN, 43 ","URL":null,"EMAIL":null,"CONTACTO":null,"HORARIOS":null,"PRECIOS":null,"TITULARIDAD":"MUNICIPAL","TARJETAJOVEN":"No","ACCESOPMR":"No","NROPLAZAS":"1","TOTALPLAZAS":2151}},{"type":"Feature","id":"da_aparcamientosMovilidadReducida.fid--175d4967_1a0508ab86c_972","geometry":{"type":"Point","coordinates":[-4.4403622,36.6984419,0]},"geometry_name":"SDOGEOMETRIA","properties":{"ID":66274,"NOMBRE":"APARCAPMR_1093","DESCRIPCION":"Esq. AV Sor Teresa Prat","DIRECCION":"CALLE CONCEJAL MUÑOZ CERVÁN, 1 ","URL":null,"EMAIL":null,"CONTACTO":null,"HORARIOS":null,"PRECIOS":null,"TITULARIDAD":"MUNICIPAL","TARJETAJOVEN":"No","ACCESOPMR":"No","NROPLAZAS":"1","TOTALPLAZAS":2151}},{"type":"Feature","id":"da_aparcamientosMovilidadReducida.fid--175d4967_1a0508ab86c_973","geometry":{"type":"Point","coordinates":[-4.43954751,36.69797401,0]},"geometry_name":"SDOGEOMETRIA","properties":{"ID":66269,"NOMBRE":"APARCAPMR_1095","DESCRIPCION":null,"DIRECCION":"CALLE CONCEJAL MUÑOZ CERVÁN, 3 ","URL":null,"EMAIL":null,"CONTACTO":null,"HORARIOS":null,"PRECIOS":null,"TITULARIDAD":"MUNICIPAL","TARJETAJOVEN":"No","ACCESOPMR":"No","NROPLAZAS":"2","TOTALPLAZAS":2151}},{"type":"Feature","id":"da_aparcamientosMovilidadReducida.fid--175d4967_1a0508ab86c_974","geometry":{"type":"Point","coordinates":[-4.43949256,36.69802875,0]},"geometry_name":"SDOGEOMETRIA","properties":{"ID":66429,"NOMBRE":"APARCAPMR_1096","DESCRIPCION":null,"DIRECCION":"CALLE CONCEJAL MUÑOZ CERVÁN, 3 ","URL":null,"EMAIL":null,"CONTACTO":null,"HORARIOS":null,"PRECIOS":null,"TITULARIDAD":"MUNICIPAL","TARJETAJOVEN":"No","ACCESOPMR":"No","NROPLAZAS":"1","TOTALPLAZAS":2151}},{"type":"Feature","id":"da_aparcamientosMovilidadReducida.fid--175d4967_1a0508ab86c_975","geometry":{"type":"Point","coordinates":[-4.44727957,36.71641061,0]},"geometry_name":"SDOGEOMETRIA","properties":{"ID":66336,"NOMBRE":"APARCAPMR_131","DESCRIPCION":"A la altura del nº 96","DIRECCION":"CALLE VIRGEN DEL ROCÍO, 96 ","URL":null,"EMAIL":null,"CONTACTO":null,"HORARIOS":null,"PRECIOS":null,"TITULARIDAD":"MUNICIPAL","TARJETAJOVEN":"No","ACCESOPMR":"No","NROPLAZAS":"2","TOTALPLAZAS":2151}},{"type":"Feature","id":"da_aparcamientosMovilidadReducida.fid--175d4967_1a0508ab86c_976","geometry":{"type":"Point","coordinates":[-4.45272112,36.6841927,0]},"geometry_name":"SDOGEOMETRIA","properties":{"ID":67255,"NOMBRE":"APARCAPMR_279","DESCRIPCION":"Frente al nº 6","DIRECCION":"CALLE LA UNIÓN MERCANTIL, 27 ","URL":null,"EMAIL":null,"CONTACTO":null,"HORARIOS":null,"PRECIOS":null,"TITULARIDAD":"MUNICIPAL","TARJETAJOVEN":"No","ACCESOPMR":"No","NROPLAZAS":"3","TOTALPLAZAS":2151}},{"type":"Feature","id":"da_aparcamientosMovilidadReducida.fid--175d4967_1a0508ab86c_977","geometry":{"type":"Point","coordinates":[-4.451571,36.68652524,0]},"geometry_name":"SDOGEOMETRIA","properties":{"ID":66311,"NOMBRE":"APARCAPMR_880","DESCRIPCION":"Esquina con Avenida Moliere.","DIRECCION":"CALLE LA UNIÓN MERCANTIL, 40 ","URL":null,"EMAIL":null,"CONTACTO":null,"HORARIOS":null,"PRECIOS":null,"TITULARIDAD":"MUNICIPAL","TARJETAJOVEN":"No","ACCESOPMR":"No","NROPLAZAS":"1","TOTALPLAZAS":2151}},{"type":"Feature","id":"da_aparcamientosMovilidadReducida.fid--175d4967_1a0508ab86c_978","geometry":{"type":"Point","coordinates":[-4.45571106,36.68438799,0]},"geometry_name":"SDOGEOMETRIA","properties":{"ID":80624,"NOMBRE":"APARCAPMR_1453","DESCRIPCION":"C/ Villanueva de Tapia esquina con C/ Pilar Lorengar","DIRECCION":"CALLE VILLANUEVA DE TAPIA, 14 ","URL":null,"EMAIL":null,"CONTACTO":null,"HORARIOS":null,"PRECIOS":null,"TITULARIDAD":"MUNICIPAL","TARJETAJOVEN":"No","ACCESOPMR":"No","NROPLAZAS":"1","TOTALPLAZAS":2151}},{"type":"Feature","id":"da_aparcamientosMovilidadReducida.fid--175d4967_1a0508ab86c_979","geometry":{"type":"Point","coordinates":[-4.45523529,36.70212002,0]},"geometry_name":"SDOGEOMETRIA","properties":{"ID":79688,"NOMBRE":"APARCAPMR_1430","DESCRIPCION":"C/ Paulo Freire esquina con C/ Mahler","DIRECCION":"CALLE PAULO FREIRE, 4 ","URL":null,"EMAIL":null,"CONTACTO":null,"HORARIOS":null,"PRECIOS":null,"TITULARIDAD":"MUNICIPAL","TARJETAJOVEN":"No","ACCESOPMR":"No","NROPLAZAS":"1","TOTALPLAZAS":2151}},{"type":"Feature","id":"da_aparcamientosMovilidadReducida.fid--175d4967_1a0508ab86c_97a","geometry":{"type":"Point","coordinates":[-4.429372,36.71095904,0]},"geometry_name":"SDOGEOMETRIA","properties":{"ID":66733,"NOMBRE":"APARCAPMR_937","DESCRIPCION":"Esquina Cl. San Andrés","DIRECCION":"CALLE SAN ANDRÉS, 39 ","URL":null,"EMAIL":null,"CONTACTO":null,"HORARIOS":null,"PRECIOS":null,"TITULARIDAD":"MUNICIPAL","TARJETAJOVEN":"No","ACCESOPMR":"No","NROPLAZAS":"1","TOTALPLAZAS":2151}},{"type":"Feature","id":"da_aparcamientosMovilidadReducida.fid--175d4967_1a0508ab86c_97b","geometry":{"type":"Point","coordinates":[-4.44857406,36.71771515,0]},"geometry_name":"SDOGEOMETRIA","properties":{"ID":78939,"NOMBRE":"APARCAPMR_1408","DESCRIPCION":null,"DIRECCION":"CALLE VIRGEN DE LA CABEZA, 15 ","URL":null,"EMAIL":null,"CONTACTO":null,"HORARIOS":null,"PRECIOS":null,"TITULARIDAD":"MUNICIPAL","TARJETAJOVEN":"No","ACCESOPMR":"No","NROPLAZAS":"1","TOTALPLAZAS":2151}},{"type":"Feature","id":"da_aparcamientosMovilidadReducida.fid--175d4967_1a0508ab86c_97c","geometry":{"type":"Point","coordinates":[-4.4514357,36.70202714,0]},"geometry_name":"SDOGEOMETRIA","properties":{"ID":66141,"NOMBRE":"APARCAPMR_811","DESCRIPCION":"Esquina con c/ Hoyo Higuerón.","DIRECCION":"CALLE TRES CRUCES, 13 ","URL":null,"EMAIL":null,"CONTACTO":null,"HORARIOS":null,"PRECIOS":null,"TITULARIDAD":"MUNICIPAL","TARJETAJOVEN":"No","ACCESOPMR":"No","NROPLAZAS":"2","TOTALPLAZAS":2151}},{"type":"Feature","id":"da_aparcamientosMovilidadReducida.fid--175d4967_1a0508ab86c_97d","geometry":{"type":"Point","coordinates":[-4.4361764,36.73838674,0]},"geometry_name":"SDOGEOMETRIA","properties":{"ID":66362,"NOMBRE":"APARCAPMR_894","DESCRIPCION":null,"DIRECCION":"CALLE ERESMA, 14 ","URL":null,"EMAIL":null,"CONTACTO":null,"HORARIOS":null,"PRECIOS":null,"TITULARIDAD":"MUNICIPAL","TARJETAJOVEN":"No","ACCESOPMR":"No","NROPLAZAS":"2","TOTALPLAZAS":2151}},{"type":"Feature","id":"da_aparcamientosMovilidadReducida.fid--175d4967_1a0508ab86c_97e","geometry":{"type":"Point","coordinates":[-4.43645459,36.72918738,0]},"geometry_name":"SDOGEOMETRIA","properties":{"ID":80035,"NOMBRE":"APARCAPMR_1436","DESCRIPCION":"C/ Nicolas Salmerón esquina con C/ José Canalejas","DIRECCION":"CALLE NICOLÁS SALMERÓN, 20 ","URL":null,"EMAIL":null,"CONTACTO":null,"HORARIOS":null,"PRECIOS":null,"TITULARIDAD":"MUNICIPAL","TARJETAJOVEN":"No","ACCESOPMR":"No","NROPLAZAS":"1","TOTALPLAZAS":2151}},{"type":"Feature","id":"da_aparcamientosMovilidadReducida.fid--175d4967_1a0508ab86c_97f","geometry":{"type":"Point","coordinates":[-4.43769418,36.73127626,0]},"geometry_name":"SDOGEOMETRIA","properties":{"ID":66272,"NOMBRE":"APARCAPMR_1267","DESCRIPCION":"esquina con C/ Nª Sª de los Clarines","DIRECCION":"CALLE NUESTRA SEÑORA DE LOS CLARINES, 22 ","URL":null,"EMAIL":null,"CONTACTO":null,"HORARIOS":null,"PRECIOS":null,"TITULARIDAD":"MUNICIPAL","TARJETAJOVEN":"No","ACCESOPMR":"No","NROPLAZAS":"2","TOTALPLAZAS":2151}},{"type":"Feature","id":"da_aparcamientosMovilidadReducida.fid--175d4967_1a0508ab86c_980","geometry":{"type":"Point","coordinates":[-4.45701599,36.68374517,0]},"geometry_name":"SDOGEOMETRIA","properties":{"ID":66981,"NOMBRE":"APARCAPMR_402","DESCRIPCION":"Esquina con c/ Villanueva de Tapia","DIRECCION":"AVENIDA IMPERIO ARGENTINA, 5 ","URL":null,"EMAIL":null,"CONTACTO":null,"HORARIOS":null,"PRECIOS":null,"TITULARIDAD":"MUNICIPAL","TARJETAJOVEN":"No","ACCESOPMR":"No","NROPLAZAS":"1","TOTALPLAZAS":2151}},{"type":"Feature","id":"da_aparcamientosMovilidadReducida.fid--175d4967_1a0508ab86c_981","geometry":{"type":"Point","coordinates":[-4.4573801,36.68722216,0]},"geometry_name":"SDOGEOMETRIA","properties":{"ID":66880,"NOMBRE":"APARCAPMR_523","DESCRIPCION":"A la altura del nº 13","DIRECCION":"CALLE VILLANUEVA DEL ROSARIO, 13 ","URL":null,"EMAIL":null,"CONTACTO":null,"HORARIOS":null,"PRECIOS":null,"TITULARIDAD":"MUNICIPAL","TARJETAJOVEN":"No","ACCESOPMR":"No","NROPLAZAS":"1","TOTALPLAZAS":2151}},{"type":"Feature","id":"da_aparcamientosMovilidadReducida.fid--175d4967_1a0508ab86c_982","geometry":{"type":"Point","coordinates":[-4.49652359,36.74254296,0]},"geometry_name":"SDOGEOMETRIA","properties":{"ID":66662,"NOMBRE":"APARCAPMR_638","DESCRIPCION":"Esquina c/ Cerraja","DIRECCION":"CALLE ZARZAMORA, 23 ","URL":null,"EMAIL":null,"CONTACTO":null,"HORARIOS":null,"PRECIOS":null,"TITULARIDAD":"MUNICIPAL","TARJETAJOVEN":"No","ACCESOPMR":"No","NROPLAZAS":"2","TOTALPLAZAS":2151}},{"type":"Feature","id":"da_aparcamientosMovilidadReducida.fid--175d4967_1a0508ab86c_983","geometry":{"type":"Point","coordinates":[-4.42332732,36.74588945,0]},"geometry_name":"SDOGEOMETRIA","properties":{"ID":66551,"NOMBRE":"APARCAPMR_1149","DESCRIPCION":"Esq. Plaza de Acinipo","DIRECCION":"CALLE REAL MAESTRANZA, 5 ","URL":null,"EMAIL":null,"CONTACTO":null,"HORARIOS":null,"PRECIOS":null,"TITULARIDAD":"MUNICIPAL","TARJETAJOVEN":"No","ACCESOPMR":"No","NROPLAZAS":"1","TOTALPLAZAS":2151}},{"type":"Feature","id":"da_aparcamientosMovilidadReducida.fid--175d4967_1a0508ab86c_984","geometry":{"type":"Point","coordinates":[-4.4634287,36.69472338,0]},"geometry_name":"SDOGEOMETRIA","properties":{"ID":81008,"NOMBRE":"APARCAPMR_1460","DESCRIPCION":null,"DIRECCION":"PLAZA DE JUAN GÓMEZ \"JUANITO\", 8 ","URL":null,"EMAIL":null,"CONTACTO":null,"HORARIOS":null,"PRECIOS":null,"TITULARIDAD":"MUNICIPAL","TARJETAJOVEN":"No","ACCESOPMR":"No","NROPLAZAS":"1","TOTALPLAZAS":2151}},{"type":"Feature","id":"da_aparcamientosMovilidadReducida.fid--175d4967_1a0508ab86c_985","geometry":{"type":"Point","coordinates":[-4.45795543,36.68386724,0]},"geometry_name":"SDOGEOMETRIA","properties":{"ID":66389,"NOMBRE":"APARCAPMR_643","DESCRIPCION":"A la altura del nº 2","DIRECCION":"AVENIDA IMPERIO ARGENTINA, 3 ","URL":null,"EMAIL":null,"CONTACTO":null,"HORARIOS":null,"PRECIOS":null,"TITULARIDAD":"MUNICIPAL","TARJETAJOVEN":"No","ACCESOPMR":"No","NROPLAZAS":"1","TOTALPLAZAS":2151}},{"type":"Feature","id":"da_aparcamientosMovilidadReducida.fid--175d4967_1a0508ab86c_986","geometry":{"type":"Point","coordinates":[-4.42651927,36.74147849,0]},"geometry_name":"SDOGEOMETRIA","properties":{"ID":66173,"NOMBRE":"APARCAPMR_707","DESCRIPCION":"Esquina con Plaza de La Virreina","DIRECCION":"PLAZA DE LA VIRREINA, 1 ","URL":null,"EMAIL":null,"CONTACTO":null,"HORARIOS":null,"PRECIOS":null,"TITULARIDAD":"MUNICIPAL","TARJETAJOVEN":"No","ACCESOPMR":"No","NROPLAZAS":"1","TOTALPLAZAS":2151}},{"type":"Feature","id":"da_aparcamientosMovilidadReducida.fid--175d4967_1a0508ab86c_987","geometry":{"type":"Point","coordinates":[-4.42652665,36.74145539,0]},"geometry_name":"SDOGEOMETRIA","properties":{"ID":66176,"NOMBRE":"APARCAPMR_720","DESCRIPCION":"Junto a la Plaza de La Virreina","DIRECCION":"PLAZA DE LA VIRREINA, 1 ","URL":null,"EMAIL":null,"CONTACTO":null,"HORARIOS":null,"PRECIOS":null,"TITULARIDAD":"MUNICIPAL","TARJETAJOVEN":"No","ACCESOPMR":"No","NROPLAZAS":"1","TOTALPLAZAS":2151}},{"type":"Feature","id":"da_aparcamientosMovilidadReducida.fid--175d4967_1a0508ab86c_988","geometry":{"type":"Point","coordinates":[-4.42306887,36.71647745,0]},"geometry_name":"SDOGEOMETRIA","properties":{"ID":80934,"NOMBRE":"APARCAPMR_760","DESCRIPCION":null,"DIRECCION":"CALLE VENDEJA, 26 ","URL":null,"EMAIL":null,"CONTACTO":null,"HORARIOS":null,"PRECIOS":null,"TITULARIDAD":"MUNICIPAL","TARJETAJOVEN":"No","ACCESOPMR":"No","NROPLAZAS":"1","TOTALPLAZAS":2151}},{"type":"Feature","id":"da_aparcamientosMovilidadReducida.fid--175d4967_1a0508ab86c_989","geometry":{"type":"Point","coordinates":[-4.4202659,36.75100454,0]},"geometry_name":"SDOGEOMETRIA","properties":{"ID":66363,"NOMBRE":"APARCAPMR_895","DESCRIPCION":null,"DIRECCION":"CALLE VILLAFRANCA DE LOS CABALLEROS, 8 ","URL":null,"EMAIL":null,"CONTACTO":null,"HORARIOS":null,"PRECIOS":null,"TITULARIDAD":"MUNICIPAL","TARJETAJOVEN":"No","ACCESOPMR":"No","NROPLAZAS":"2","TOTALPLAZAS":2151}},{"type":"Feature","id":"da_aparcamientosMovilidadReducida.fid--175d4967_1a0508ab86c_98a","geometry":{"type":"Point","coordinates":[-4.429398,36.71977204,0]},"geometry_name":"SDOGEOMETRIA","properties":{"ID":66453,"NOMBRE":"APARCAPMR_1086","DESCRIPCION":"Esq. con Cl. Armengual de la Mota","DIRECCION":"CALLE RÍOS ROSAS, 8 ","URL":null,"EMAIL":null,"CONTACTO":null,"HORARIOS":null,"PRECIOS":null,"TITULARIDAD":"MUNICIPAL","TARJETAJOVEN":"No","ACCESOPMR":"No","NROPLAZAS":"1","TOTALPLAZAS":2151}},{"type":"Feature","id":"da_aparcamientosMovilidadReducida.fid--175d4967_1a0508ab86c_98b","geometry":{"type":"Point","coordinates":[-4.48170036,36.73681852,0]},"geometry_name":"SDOGEOMETRIA","properties":{"ID":66939,"NOMBRE":"APARCAPMR_077","DESCRIPCION":"Esquina con Cl. Eurípides. En la puerta de la Junta Municipal de Distrito nº 10","DIRECCION":"CALLE VÍCTOR HUGO, 24 ","URL":null,"EMAIL":null,"CONTACTO":null,"HORARIOS":null,"PRECIOS":null,"TITULARIDAD":"MUNICIPAL","TARJETAJOVEN":"No","ACCESOPMR":"No","NROPLAZAS":"2","TOTALPLAZAS":2151}},{"type":"Feature","id":"da_aparcamientosMovilidadReducida.fid--175d4967_1a0508ab86c_98c","geometry":{"type":"Point","coordinates":[-4.44913566,36.69572791,0]},"geometry_name":"SDOGEOMETRIA","properties":{"ID":67243,"NOMBRE":"APARCAPMR_090","DESCRIPCION":null,"DIRECCION":"CALLE HAYDN, 11 ","URL":null,"EMAIL":null,"CONTACTO":null,"HORARIOS":null,"PRECIOS":null,"TITULARIDAD":"MUNICIPAL","TARJETAJOVEN":"No","ACCESOPMR":"No","NROPLAZAS":"2","TOTALPLAZAS":2151}},{"type":"Feature","id":"da_aparcamientosMovilidadReducida.fid--175d4967_1a0508ab86c_98d","geometry":{"type":"Point","coordinates":[-4.44929076,36.69536261,0]},"geometry_name":"SDOGEOMETRIA","properties":{"ID":78716,"NOMBRE":"APARCAPMR_1399","DESCRIPCION":"C/ Haydn esquina con C/ Haendel","DIRECCION":"CALLE HAYDN, 7 ","URL":null,"EMAIL":null,"CONTACTO":null,"HORARIOS":null,"PRECIOS":null,"TITULARIDAD":"MUNICIPAL","TARJETAJOVEN":"No","ACCESOPMR":"No","NROPLAZAS":"1","TOTALPLAZAS":2151}},{"type":"Feature","id":"da_aparcamientosMovilidadReducida.fid--175d4967_1a0508ab86c_98e","geometry":{"type":"Point","coordinates":[-4.4479508,36.71536191,0]},"geometry_name":"SDOGEOMETRIA","properties":{"ID":66498,"NOMBRE":"APARCAPMR_637","DESCRIPCION":"Esquina Plaza Manuel Azaña","DIRECCION":"CALLE VIRGEN DE LA CABEZA, 49 ","URL":null,"EMAIL":null,"CONTACTO":null,"HORARIOS":null,"PRECIOS":null,"TITULARIDAD":"MUNICIPAL","TARJETAJOVEN":"No","ACCESOPMR":"No","NROPLAZAS":"1","TOTALPLAZAS":2151}},{"type":"Feature","id":"da_aparcamientosMovilidadReducida.fid--175d4967_1a0508ab86c_98f","geometry":{"type":"Point","coordinates":[-4.48257744,36.73562339,0]},"geometry_name":"SDOGEOMETRIA","properties":{"ID":66786,"NOMBRE":"APARCAPMR_189","DESCRIPCION":"En la puerta del colegio Salvador Allende. Frente a los nº 54 y 56.","DIRECCION":"CALLE VÍCTOR HUGO, 72 ","URL":null,"EMAIL":null,"CONTACTO":null,"HORARIOS":null,"PRECIOS":null,"TITULARIDAD":"MUNICIPAL","TARJETAJOVEN":"No","ACCESOPMR":"No","NROPLAZAS":"2","TOTALPLAZAS":2151}},{"type":"Feature","id":"da_aparcamientosMovilidadReducida.fid--175d4967_1a0508ab86c_990","geometry":{"type":"Point","coordinates":[-4.48086619,36.72221343,0]},"geometry_name":"SDOGEOMETRIA","properties":{"ID":66629,"NOMBRE":"APARCAPMR_557","DESCRIPCION":null,"DIRECCION":"CALLE DE SÓFOCLES, 50 ","URL":null,"EMAIL":null,"CONTACTO":null,"HORARIOS":null,"PRECIOS":null,"TITULARIDAD":"MUNICIPAL","TARJETAJOVEN":"No","ACCESOPMR":"No","NROPLAZAS":"1","TOTALPLAZAS":2151}},{"type":"Feature","id":"da_aparcamientosMovilidadReducida.fid--175d4967_1a0508ab86c_991","geometry":{"type":"Point","coordinates":[-4.423332,36.74578904,0]},"geometry_name":"SDOGEOMETRIA","properties":{"ID":66547,"NOMBRE":"APARCAPMR_1042","DESCRIPCION":"Esq. con Cl. Plaza de Acinipo","DIRECCION":"CALLE REAL MAESTRANZA, 6 ","URL":null,"EMAIL":null,"CONTACTO":null,"HORARIOS":null,"PRECIOS":null,"TITULARIDAD":"MUNICIPAL","TARJETAJOVEN":"No","ACCESOPMR":"No","NROPLAZAS":"2","TOTALPLAZAS":2151}},{"type":"Feature","id":"da_aparcamientosMovilidadReducida.fid--175d4967_1a0508ab86c_992","geometry":{"type":"Point","coordinates":[-4.4430618,36.72777128,0]},"geometry_name":"SDOGEOMETRIA","properties":{"ID":66806,"NOMBRE":"APARCAPMR_602","DESCRIPCION":"Esquina con c/ Martínez de la Rosa","DIRECCION":"CALLE VANDELVIRA, 13 ","URL":null,"EMAIL":null,"CONTACTO":null,"HORARIOS":null,"PRECIOS":null,"TITULARIDAD":"MUNICIPAL","TARJETAJOVEN":"No","ACCESOPMR":"No","NROPLAZAS":"1","TOTALPLAZAS":2151}},{"type":"Feature","id":"da_aparcamientosMovilidadReducida.fid--175d4967_1a0508ab86c_993","geometry":{"type":"Point","coordinates":[-4.502468,36.66814304,0]},"geometry_name":"SDOGEOMETRIA","properties":{"ID":66673,"NOMBRE":"APARCAPMR_1069","DESCRIPCION":null,"DIRECCION":"CALLE SAN FERNANDO, 11 ","URL":null,"EMAIL":null,"CONTACTO":null,"HORARIOS":null,"PRECIOS":null,"TITULARIDAD":"MUNICIPAL","TARJETAJOVEN":"No","ACCESOPMR":"No","NROPLAZAS":"1","TOTALPLAZAS":2151}},{"type":"Feature","id":"da_aparcamientosMovilidadReducida.fid--175d4967_1a0508ab86c_994","geometry":{"type":"Point","coordinates":[-4.4469759,36.71492744,0]},"geometry_name":"SDOGEOMETRIA","properties":{"ID":66320,"NOMBRE":"APARCAPMR_846","DESCRIPCION":null,"DIRECCION":"CALLE VIRGEN DEL PERPETUO SOCORRO, 15 ","URL":null,"EMAIL":null,"CONTACTO":null,"HORARIOS":null,"PRECIOS":null,"TITULARIDAD":"MUNICIPAL","TARJETAJOVEN":"No","ACCESOPMR":"No","NROPLAZAS":"3","TOTALPLAZAS":2151}},{"type":"Feature","id":"da_aparcamientosMovilidadReducida.fid--175d4967_1a0508ab86c_995","geometry":{"type":"Point","coordinates":[-4.44565214,36.71279626,0]},"geometry_name":"SDOGEOMETRIA","properties":{"ID":66335,"NOMBRE":"APARCAPMR_330","DESCRIPCION":"Esquina con c/ Fernández Fermina","DIRECCION":"CALLE VIRGEN DEL PILAR, 49 ","URL":null,"EMAIL":null,"CONTACTO":null,"HORARIOS":null,"PRECIOS":null,"TITULARIDAD":"MUNICIPAL","TARJETAJOVEN":"No","ACCESOPMR":"No","NROPLAZAS":"2","TOTALPLAZAS":2151}},{"type":"Feature","id":"da_aparcamientosMovilidadReducida.fid--175d4967_1a0508ab86c_996","geometry":{"type":"Point","coordinates":[-4.445562,36.72523104,0]},"geometry_name":"SDOGEOMETRIA","properties":{"ID":66842,"NOMBRE":"APARCAPMR_1081","DESCRIPCION":"Esq. con Camino Castillejos","DIRECCION":"CALLE CONJUNTO VILLA MARÍA, 2A","URL":null,"EMAIL":null,"CONTACTO":null,"HORARIOS":null,"PRECIOS":null,"TITULARIDAD":"MUNICIPAL","TARJETAJOVEN":"No","ACCESOPMR":"No","NROPLAZAS":"1","TOTALPLAZAS":2151}},{"type":"Feature","id":"da_aparcamientosMovilidadReducida.fid--175d4967_1a0508ab86c_997","geometry":{"type":"Point","coordinates":[-4.445995,36.72414809,0]},"geometry_name":"SDOGEOMETRIA","properties":{"ID":80555,"NOMBRE":"APARCAPMR_1454","DESCRIPCION":"C/ Conjunto Villa María esquina con C/ La Argentinita","DIRECCION":"CALLE CONJUNTO VILLA MARÍA, 3 ","URL":null,"EMAIL":null,"CONTACTO":null,"HORARIOS":null,"PRECIOS":null,"TITULARIDAD":"MUNICIPAL","TARJETAJOVEN":"No","ACCESOPMR":"No","NROPLAZAS":"3","TOTALPLAZAS":2151}},{"type":"Feature","id":"da_aparcamientosMovilidadReducida.fid--175d4967_1a0508ab86c_998","geometry":{"type":"Point","coordinates":[-4.42652531,36.71381221,0]},"geometry_name":"SDOGEOMETRIA","properties":{"ID":67013,"NOMBRE":"APARCAPMR_450","DESCRIPCION":"Esquina con c/ Pasillo del Matadero","DIRECCION":"CALLE SAN ANDRÉS, 6 ","URL":null,"EMAIL":null,"CONTACTO":null,"HORARIOS":null,"PRECIOS":null,"TITULARIDAD":"MUNICIPAL","TARJETAJOVEN":"No","ACCESOPMR":"No","NROPLAZAS":"1","TOTALPLAZAS":2151}},{"type":"Feature","id":"da_aparcamientosMovilidadReducida.fid--175d4967_1a0508ab86c_999","geometry":{"type":"Point","coordinates":[-4.57074267,36.73032966,0]},"geometry_name":"SDOGEOMETRIA","properties":{"ID":80836,"NOMBRE":"APARCAPMR_1464","DESCRIPCION":null,"DIRECCION":"CALLE PALOMA, 1 ","URL":null,"EMAIL":null,"CONTACTO":null,"HORARIOS":null,"PRECIOS":null,"TITULARIDAD":"MUNICIPAL","TARJETAJOVEN":"No","ACCESOPMR":"No","NROPLAZAS":"1","TOTALPLAZAS":2151}},{"type":"Feature","id":"da_aparcamientosMovilidadReducida.fid--175d4967_1a0508ab86c_99a","geometry":{"type":"Point","coordinates":[-4.42245573,36.74165797,0]},"geometry_name":"SDOGEOMETRIA","properties":{"ID":66972,"NOMBRE":"APARCAPMR_369","DESCRIPCION":"Esquina con Cl. María Tubau","DIRECCION":"CALLE MARÍA TUBAU, 30 ","URL":null,"EMAIL":null,"CONTACTO":null,"HORARIOS":null,"PRECIOS":null,"TITULARIDAD":"MUNICIPAL","TARJETAJOVEN":"No","ACCESOPMR":"No","NROPLAZAS":"1","TOTALPLAZAS":2151}},{"type":"Feature","id":"da_aparcamientosMovilidadReducida.fid--175d4967_1a0508ab86c_99b","geometry":{"type":"Point","coordinates":[-4.44072971,36.70253885,0]},"geometry_name":"SDOGEOMETRIA","properties":{"ID":66454,"NOMBRE":"APARCAPMR_1275","DESCRIPCION":null,"DIRECCION":"CALLE ISLA CRISTINA, 18 ","URL":null,"EMAIL":null,"CONTACTO":null,"HORARIOS":null,"PRECIOS":null,"TITULARIDAD":"MUNICIPAL","TARJETAJOVEN":"No","ACCESOPMR":"No","NROPLAZAS":"1","TOTALPLAZAS":2151}},{"type":"Feature","id":"da_aparcamientosMovilidadReducida.fid--175d4967_1a0508ab86c_99c","geometry":{"type":"Point","coordinates":[-4.4271943,36.73212378,0]},"geometry_name":"SDOGEOMETRIA","properties":{"ID":66757,"NOMBRE":"APARCAPMR_1136","DESCRIPCION":"Esq. Paseo Martiricos","DIRECCION":"PASEO MARTIRICOS, 41 ","URL":null,"EMAIL":null,"CONTACTO":null,"HORARIOS":null,"PRECIOS":null,"TITULARIDAD":"MUNICIPAL","TARJETAJOVEN":"No","ACCESOPMR":"No","NROPLAZAS":"2","TOTALPLAZAS":2151}},{"type":"Feature","id":"da_aparcamientosMovilidadReducida.fid--175d4967_1a0508ab86c_99d","geometry":{"type":"Point","coordinates":[-4.42709521,36.73221511,0]},"geometry_name":"SDOGEOMETRIA","properties":{"ID":66843,"NOMBRE":"APARCAPMR_1135","DESCRIPCION":"Esq. Paseo Martiricos","DIRECCION":"PASEO MARTIRICOS, 41 ","URL":null,"EMAIL":null,"CONTACTO":null,"HORARIOS":null,"PRECIOS":null,"TITULARIDAD":"MUNICIPAL","TARJETAJOVEN":"No","ACCESOPMR":"No","NROPLAZAS":"2","TOTALPLAZAS":2151}},{"type":"Feature","id":"da_aparcamientosMovilidadReducida.fid--175d4967_1a0508ab86c_99e","geometry":{"type":"Point","coordinates":[-4.4371987,36.73294698,0]},"geometry_name":"SDOGEOMETRIA","properties":{"ID":80933,"NOMBRE":"APARCAPMR_752","DESCRIPCION":null,"DIRECCION":"CALLE DE ATAHUALPA YUPANQUI, 3 ","URL":null,"EMAIL":null,"CONTACTO":null,"HORARIOS":null,"PRECIOS":null,"TITULARIDAD":"MUNICIPAL","TARJETAJOVEN":"No","ACCESOPMR":"No","NROPLAZAS":"2","TOTALPLAZAS":2151}},{"type":"Feature","id":"da_aparcamientosMovilidadReducida.fid--175d4967_1a0508ab86c_99f","geometry":{"type":"Point","coordinates":[-4.45024063,36.68227721,0]},"geometry_name":"SDOGEOMETRIA","properties":{"ID":80738,"NOMBRE":"APARCAPMR_1457","DESCRIPCION":"Camino de la Térmica, nº 50,  esquina con C/ Pilar Lorengar","DIRECCION":"CAMINO DE LA TÉRMICA, 50 ","URL":null,"EMAIL":null,"CONTACTO":null,"HORARIOS":null,"PRECIOS":null,"TITULARIDAD":"MUNICIPAL","TARJETAJOVEN":"No","ACCESOPMR":"No","NROPLAZAS":"1","TOTALPLAZAS":2151}},{"type":"Feature","id":"da_aparcamientosMovilidadReducida.fid--175d4967_1a0508ab86c_9a0","geometry":{"type":"Point","coordinates":[-4.41551136,36.74507331,0]},"geometry_name":"SDOGEOMETRIA","properties":{"ID":80970,"NOMBRE":"APARCAPMR_1026_B","DESCRIPCION":null,"DIRECCION":"CALLE PEDRO XIMEN, 3 ","URL":null,"EMAIL":null,"CONTACTO":null,"HORARIOS":null,"PRECIOS":null,"TITULARIDAD":"MUNICIPAL","TARJETAJOVEN":"No","ACCESOPMR":"No","NROPLAZAS":"1","TOTALPLAZAS":2151}},{"type":"Feature","id":"da_aparcamientosMovilidadReducida.fid--175d4967_1a0508ab86c_9a1","geometry":{"type":"Point","coordinates":[-4.421386,36.73771804,0]},"geometry_name":"SDOGEOMETRIA","properties":{"ID":66412,"NOMBRE":"APARCAPMR_1059","DESCRIPCION":"Esquina con Av. Nuestra Señora de las Guías","DIRECCION":"AVENIDA DE NUESTRA SEÑORA DE LAS GUÍAS, 2 ","URL":null,"EMAIL":null,"CONTACTO":null,"HORARIOS":null,"PRECIOS":null,"TITULARIDAD":"MUNICIPAL","TARJETAJOVEN":"No","ACCESOPMR":"No","NROPLAZAS":"1","TOTALPLAZAS":2151}},{"type":"Feature","id":"da_aparcamientosMovilidadReducida.fid--175d4967_1a0508ab86c_9a2","geometry":{"type":"Point","coordinates":[-4.41676676,36.74189117,0]},"geometry_name":"SDOGEOMETRIA","properties":{"ID":66978,"NOMBRE":"APARCAPMR_395","DESCRIPCION":"A la altura del nº 12","DIRECCION":"CALLE MORRITOS ALTOS, 16 ","URL":null,"EMAIL":null,"CONTACTO":null,"HORARIOS":null,"PRECIOS":null,"TITULARIDAD":"MUNICIPAL","TARJETAJOVEN":"No","ACCESOPMR":"No","NROPLAZAS":"1","TOTALPLAZAS":2151}},{"type":"Feature","id":"da_aparcamientosMovilidadReducida.fid--175d4967_1a0508ab86c_9a3","geometry":{"type":"Point","coordinates":[-4.41915728,36.75304767,0]},"geometry_name":"SDOGEOMETRIA","properties":{"ID":66767,"NOMBRE":"APARCAPMR_652","DESCRIPCION":"Esquina con c/ Pepa Flores Marisol","DIRECCION":"CALLE PASTORA IMPERIO, 13 ","URL":null,"EMAIL":null,"CONTACTO":null,"HORARIOS":null,"PRECIOS":null,"TITULARIDAD":"MUNICIPAL","TARJETAJOVEN":"No","ACCESOPMR":"No","NROPLAZAS":"1","TOTALPLAZAS":2151}},{"type":"Feature","id":"da_aparcamientosMovilidadReducida.fid--175d4967_1a0508ab86c_9a4","geometry":{"type":"Point","coordinates":[-4.44816068,36.72321853,0]},"geometry_name":"SDOGEOMETRIA","properties":{"ID":74624,"NOMBRE":"APARCAPMR_1000","DESCRIPCION":null,"DIRECCION":"CALLE DEL CIPRÉS, 2 ","URL":null,"EMAIL":null,"CONTACTO":null,"HORARIOS":null,"PRECIOS":null,"TITULARIDAD":"MUNICIPAL","TARJETAJOVEN":"No","ACCESOPMR":"No","NROPLAZAS":"2","TOTALPLAZAS":2151}},{"type":"Feature","id":"da_aparcamientosMovilidadReducida.fid--175d4967_1a0508ab86c_9a5","geometry":{"type":"Point","coordinates":[-4.381208,36.72822004,0]},"geometry_name":"SDOGEOMETRIA","properties":{"ID":66588,"NOMBRE":"APARCAPMR_1020","DESCRIPCION":null,"DIRECCION":"CALLE CÁCERES, 14 ","URL":null,"EMAIL":null,"CONTACTO":null,"HORARIOS":null,"PRECIOS":null,"TITULARIDAD":"MUNICIPAL","TARJETAJOVEN":"No","ACCESOPMR":"No","NROPLAZAS":"1","TOTALPLAZAS":2151}},{"type":"Feature","id":"da_aparcamientosMovilidadReducida.fid--175d4967_1a0508ab86c_9a6","geometry":{"type":"Point","coordinates":[-4.380037,36.72955304,0]},"geometry_name":"SDOGEOMETRIA","properties":{"ID":66306,"NOMBRE":"APARCAPMR_878","DESCRIPCION":null,"DIRECCION":"CALLE CÁCERES, 40 ","URL":null,"EMAIL":null,"CONTACTO":null,"HORARIOS":null,"PRECIOS":null,"TITULARIDAD":"MUNICIPAL","TARJETAJOVEN":"No","ACCESOPMR":"No","NROPLAZAS":"1","TOTALPLAZAS":2151}},{"type":"Feature","id":"da_aparcamientosMovilidadReducida.fid--175d4967_1a0508ab86c_9a7","geometry":{"type":"Point","coordinates":[-4.41024899,36.73471628,0]},"geometry_name":"SDOGEOMETRIA","properties":{"ID":66915,"NOMBRE":"APARCAPMR_449","DESCRIPCION":"Junto al Colegio y al Seminario. Frente al nº 1","DIRECCION":"PASAJE DE LOS ALMENDRALES, 1 ","URL":null,"EMAIL":null,"CONTACTO":null,"HORARIOS":null,"PRECIOS":null,"TITULARIDAD":"MUNICIPAL","TARJETAJOVEN":"No","ACCESOPMR":"No","NROPLAZAS":"2","TOTALPLAZAS":2151}},{"type":"Feature","id":"da_aparcamientosMovilidadReducida.fid--175d4967_1a0508ab86c_9a8","geometry":{"type":"Point","coordinates":[-4.5376156,36.72234528,0]},"geometry_name":"SDOGEOMETRIA","properties":{"ID":77451,"NOMBRE":"APARCAPMR_1315","DESCRIPCION":"C/ Cezanne, nº 9","DIRECCION":"CALLE DE CÉZANNE, 9 ","URL":null,"EMAIL":null,"CONTACTO":null,"HORARIOS":null,"PRECIOS":null,"TITULARIDAD":"MUNICIPAL","TARJETAJOVEN":"No","ACCESOPMR":"No","NROPLAZAS":"1","TOTALPLAZAS":2151}},{"type":"Feature","id":"da_aparcamientosMovilidadReducida.fid--175d4967_1a0508ab86c_9a9","geometry":{"type":"Point","coordinates":[-4.415554,36.73509504,0]},"geometry_name":"SDOGEOMETRIA","properties":{"ID":66414,"NOMBRE":"APARCAPMR_1022","DESCRIPCION":"Esquina con Cno. del Colmenar","DIRECCION":"CALLE OLLETAS, 3 ","URL":null,"EMAIL":null,"CONTACTO":null,"HORARIOS":null,"PRECIOS":null,"TITULARIDAD":"MUNICIPAL","TARJETAJOVEN":"No","ACCESOPMR":"No","NROPLAZAS":"1","TOTALPLAZAS":2151}},{"type":"Feature","id":"da_aparcamientosMovilidadReducida.fid--175d4967_1a0508ab86c_9aa","geometry":{"type":"Point","coordinates":[-4.45467308,36.68098111,0]},"geometry_name":"SDOGEOMETRIA","properties":{"ID":66513,"NOMBRE":"APARCAPMR_538","DESCRIPCION":"Centro Acuático de Málaga","DIRECCION":"CALLE MARILYN MONROE, 6 ","URL":null,"EMAIL":null,"CONTACTO":null,"HORARIOS":null,"PRECIOS":null,"TITULARIDAD":"MUNICIPAL","TARJETAJOVEN":"No","ACCESOPMR":"No","NROPLAZAS":"4","TOTALPLAZAS":2151}},{"type":"Feature","id":"da_aparcamientosMovilidadReducida.fid--175d4967_1a0508ab86c_9ab","geometry":{"type":"Point","coordinates":[-4.53702226,36.72320346,0]},"geometry_name":"SDOGEOMETRIA","properties":{"ID":66504,"NOMBRE":"APARCAPMR_512","DESCRIPCION":"Frene al nº 41","DIRECCION":"CALLE CRISTOBALINA FERNÁNDEZ, 43 ","URL":null,"EMAIL":null,"CONTACTO":null,"HORARIOS":null,"PRECIOS":null,"TITULARIDAD":"MUNICIPAL","TARJETAJOVEN":"No","ACCESOPMR":"No","NROPLAZAS":"2","TOTALPLAZAS":2151}},{"type":"Feature","id":"da_aparcamientosMovilidadReducida.fid--175d4967_1a0508ab86c_9ac","geometry":{"type":"Point","coordinates":[-4.38708209,36.72214732,0]},"geometry_name":"SDOGEOMETRIA","properties":{"ID":66497,"NOMBRE":"APARCAPMR_542","DESCRIPCION":"A la altura del nº 109","DIRECCION":"AVENIDA DEL PINTOR JOAQUÍN SOROLLA, 105 ","URL":null,"EMAIL":null,"CONTACTO":null,"HORARIOS":null,"PRECIOS":null,"TITULARIDAD":"MUNICIPAL","TARJETAJOVEN":"No","ACCESOPMR":"No","NROPLAZAS":"1","TOTALPLAZAS":2151}},{"type":"Feature","id":"da_aparcamientosMovilidadReducida.fid--175d4967_1a0508ab86c_9ad","geometry":{"type":"Point","coordinates":[-4.36812758,36.72828883,0]},"geometry_name":"SDOGEOMETRIA","properties":{"ID":67016,"NOMBRE":"APARCAPMR_455","DESCRIPCION":"A la altura del nº 1. Modificada el día 13/05/2016. Se añade una plaza PMR más.","DIRECCION":"AVENIDA HERNÁN NÚÑEZ DE TOLEDO, 1 ","URL":null,"EMAIL":null,"CONTACTO":null,"HORARIOS":null,"PRECIOS":null,"TITULARIDAD":"MUNICIPAL","TARJETAJOVEN":"No","ACCESOPMR":"No","NROPLAZAS":"3","TOTALPLAZAS":2151}},{"type":"Feature","id":"da_aparcamientosMovilidadReducida.fid--175d4967_1a0508ab86c_9ae","geometry":{"type":"Point","coordinates":[-4.42150086,36.73891748,0]},"geometry_name":"SDOGEOMETRIA","properties":{"ID":67068,"NOMBRE":"APARCAPMR_120","DESCRIPCION":"A la altura del nº 7","DIRECCION":"AVENIDA DE NUESTRA SEÑORA DE LAS GUÍAS, 8 ","URL":null,"EMAIL":null,"CONTACTO":null,"HORARIOS":null,"PRECIOS":null,"TITULARIDAD":"MUNICIPAL","TARJETAJOVEN":"No","ACCESOPMR":"No","NROPLAZAS":"3","TOTALPLAZAS":2151}},{"type":"Feature","id":"da_aparcamientosMovilidadReducida.fid--175d4967_1a0508ab86c_9af","geometry":{"type":"Point","coordinates":[-4.421492,36.73840504,0]},"geometry_name":"SDOGEOMETRIA","properties":{"ID":67188,"NOMBRE":"APARCAPMR_954","DESCRIPCION":"Frente a nº 6.","DIRECCION":"AVENIDA DE NUESTRA SEÑORA DE LAS GUÍAS, 6 ","URL":null,"EMAIL":null,"CONTACTO":null,"HORARIOS":null,"PRECIOS":null,"TITULARIDAD":"MUNICIPAL","TARJETAJOVEN":"No","ACCESOPMR":"No","NROPLAZAS":"1","TOTALPLAZAS":2151}},{"type":"Feature","id":"da_aparcamientosMovilidadReducida.fid--175d4967_1a0508ab86c_9b0","geometry":{"type":"Point","coordinates":[-4.42699585,36.72987265,0]},"geometry_name":"SDOGEOMETRIA","properties":{"ID":66428,"NOMBRE":"APARCAPMR_1138","DESCRIPCION":null,"DIRECCION":"PASEO MARTIRICOS, 26A","URL":null,"EMAIL":null,"CONTACTO":null,"HORARIOS":null,"PRECIOS":null,"TITULARIDAD":"MUNICIPAL","TARJETAJOVEN":"No","ACCESOPMR":"No","NROPLAZAS":"2","TOTALPLAZAS":2151}},{"type":"Feature","id":"da_aparcamientosMovilidadReducida.fid--175d4967_1a0508ab86c_9b1","geometry":{"type":"Point","coordinates":[-4.42683988,36.73173141,0]},"geometry_name":"SDOGEOMETRIA","properties":{"ID":66830,"NOMBRE":"APARCAPMR_1137","DESCRIPCION":null,"DIRECCION":"PASEO MARTIRICOS, 40 ","URL":null,"EMAIL":null,"CONTACTO":null,"HORARIOS":null,"PRECIOS":null,"TITULARIDAD":"MUNICIPAL","TARJETAJOVEN":"No","ACCESOPMR":"No","NROPLAZAS":"2","TOTALPLAZAS":2151}},{"type":"Feature","id":"da_aparcamientosMovilidadReducida.fid--175d4967_1a0508ab86c_9b2","geometry":{"type":"Point","coordinates":[-4.36400235,36.71944645,0]},"geometry_name":"SDOGEOMETRIA","properties":{"ID":66917,"NOMBRE":"APARCAPMR_454","DESCRIPCION":"Esquina con c/ Quitapenas","DIRECCION":"PLAZA DE LA VIRGEN MILAGROSA, 5 ","URL":null,"EMAIL":null,"CONTACTO":null,"HORARIOS":null,"PRECIOS":null,"TITULARIDAD":"MUNICIPAL","TARJETAJOVEN":"No","ACCESOPMR":"No","NROPLAZAS":"2","TOTALPLAZAS":2151}},{"type":"Feature","id":"da_aparcamientosMovilidadReducida.fid--175d4967_1a0508ab86c_9b3","geometry":{"type":"Point","coordinates":[-4.358118,36.72559204,0]},"geometry_name":"SDOGEOMETRIA","properties":{"ID":66845,"NOMBRE":"APARCAPMR_1055","DESCRIPCION":"Esq. con Cl. Villafuerte","DIRECCION":"CALLE REINO DE LEÓN, 22 ","URL":null,"EMAIL":null,"CONTACTO":null,"HORARIOS":null,"PRECIOS":null,"TITULARIDAD":"MUNICIPAL","TARJETAJOVEN":"No","ACCESOPMR":"No","NROPLAZAS":"1","TOTALPLAZAS":2151}},{"type":"Feature","id":"da_aparcamientosMovilidadReducida.fid--175d4967_1a0508ab86c_9b4","geometry":{"type":"Point","coordinates":[-4.5378922,36.72213328,4065150.66397307]},"geometry_name":"SDOGEOMETRIA","properties":{"ID":76898,"NOMBRE":"APARCAPMR_1143","DESCRIPCION":null,"DIRECCION":"CALLE JUAN DE JUANES, 3 ","URL":null,"EMAIL":null,"CONTACTO":null,"HORARIOS":null,"PRECIOS":null,"TITULARIDAD":"MUNICIPAL","TARJETAJOVEN":"No","ACCESOPMR":"No","NROPLAZAS":"1","TOTALPLAZAS":2151}},{"type":"Feature","id":"da_aparcamientosMovilidadReducida.fid--175d4967_1a0508ab86c_9b5","geometry":{"type":"Point","coordinates":[-4.46485333,36.68353695,0]},"geometry_name":"SDOGEOMETRIA","properties":{"ID":80996,"NOMBRE":"APARCAPMR_995","DESCRIPCION":null,"DIRECCION":"CALLE BENAHAVÍS, 3 ","URL":null,"EMAIL":null,"CONTACTO":null,"HORARIOS":null,"PRECIOS":null,"TITULARIDAD":"MUNICIPAL","TARJETAJOVEN":"No","ACCESOPMR":"No","NROPLAZAS":"2","TOTALPLAZAS":2151}},{"type":"Feature","id":"da_aparcamientosMovilidadReducida.fid--175d4967_1a0508ab86c_9b6","geometry":{"type":"Point","coordinates":[-4.44107026,36.69533918,0]},"geometry_name":"SDOGEOMETRIA","properties":{"ID":66693,"NOMBRE":"APARCAPMR_578","DESCRIPCION":"Esquina con Cañada del Tesoro","DIRECCION":"CALLE AMALIA HEREDIA, 1 ","URL":null,"EMAIL":null,"CONTACTO":null,"HORARIOS":null,"PRECIOS":null,"TITULARIDAD":"MUNICIPAL","TARJETAJOVEN":"No","ACCESOPMR":"No","NROPLAZAS":"1","TOTALPLAZAS":2151}},{"type":"Feature","id":"da_aparcamientosMovilidadReducida.fid--175d4967_1a0508ab86c_9b7","geometry":{"type":"Point","coordinates":[-4.44842747,36.68502124,0]},"geometry_name":"SDOGEOMETRIA","properties":{"ID":66263,"NOMBRE":"APARCAPMR_1133","DESCRIPCION":"Esq. Cmno. de la Térmica","DIRECCION":"CAMINO DE LA TÉRMICA, 61 ","URL":null,"EMAIL":null,"CONTACTO":null,"HORARIOS":null,"PRECIOS":null,"TITULARIDAD":"MUNICIPAL","TARJETAJOVEN":"No","ACCESOPMR":"No","NROPLAZAS":"2","TOTALPLAZAS":2151}},{"type":"Feature","id":"da_aparcamientosMovilidadReducida.fid--175d4967_1a0508ab86c_9b8","geometry":{"type":"Point","coordinates":[-4.45396209,36.69246249,0]},"geometry_name":"SDOGEOMETRIA","properties":{"ID":66724,"NOMBRE":"APARCAPMR_1247","DESCRIPCION":null,"DIRECCION":"CALLE MENORCA, 1 ","URL":null,"EMAIL":null,"CONTACTO":null,"HORARIOS":null,"PRECIOS":null,"TITULARIDAD":"MUNICIPAL","TARJETAJOVEN":"No","ACCESOPMR":"No","NROPLAZAS":"1","TOTALPLAZAS":2151}},{"type":"Feature","id":"da_aparcamientosMovilidadReducida.fid--175d4967_1a0508ab86c_9b9","geometry":{"type":"Point","coordinates":[-4.3967253,36.72343565,0]},"geometry_name":"SDOGEOMETRIA","properties":{"ID":67064,"NOMBRE":"APARCAPMR_338","DESCRIPCION":"A la altura del nº 2","DIRECCION":"PASEO MIRAMAR, 2 ","URL":null,"EMAIL":null,"CONTACTO":null,"HORARIOS":null,"PRECIOS":null,"TITULARIDAD":"MUNICIPAL","TARJETAJOVEN":"No","ACCESOPMR":"No","NROPLAZAS":"1","TOTALPLAZAS":2151}},{"type":"Feature","id":"da_aparcamientosMovilidadReducida.fid--175d4967_1a0508ab86c_9ba","geometry":{"type":"Point","coordinates":[-4.39685538,36.72633631,0]},"geometry_name":"SDOGEOMETRIA","properties":{"ID":67065,"NOMBRE":"APARCAPMR_128","DESCRIPCION":"Esquina con c/ Ramos Carrión","DIRECCION":"PASEO MIRAMAR, 25 ","URL":null,"EMAIL":null,"CONTACTO":null,"HORARIOS":null,"PRECIOS":null,"TITULARIDAD":"MUNICIPAL","TARJETAJOVEN":"No","ACCESOPMR":"No","NROPLAZAS":"2","TOTALPLAZAS":2151}},{"type":"Feature","id":"da_aparcamientosMovilidadReducida.fid--175d4967_1a0508ab86c_9bb","geometry":{"type":"Point","coordinates":[-4.42021834,36.75033988,0]},"geometry_name":"SDOGEOMETRIA","properties":{"ID":80930,"NOMBRE":"APARCAPMR_731","DESCRIPCION":null,"DIRECCION":"CALLE VILLAFRANCA DE LOS CABALLEROS, 2 ","URL":null,"EMAIL":null,"CONTACTO":null,"HORARIOS":null,"PRECIOS":null,"TITULARIDAD":"MUNICIPAL","TARJETAJOVEN":"No","ACCESOPMR":"No","NROPLAZAS":"1","TOTALPLAZAS":2151}},{"type":"Feature","id":"da_aparcamientosMovilidadReducida.fid--175d4967_1a0508ab86c_9bc","geometry":{"type":"Point","coordinates":[-4.44216259,36.71728837,0]},"geometry_name":"SDOGEOMETRIA","properties":{"ID":66333,"NOMBRE":"APARCAPMR_155","DESCRIPCION":"Esquina con Cl. Virgen del Rocío","DIRECCION":"CALLE VIRGEN DEL ROCÍO, 28 ","URL":null,"EMAIL":null,"CONTACTO":null,"HORARIOS":null,"PRECIOS":null,"TITULARIDAD":"MUNICIPAL","TARJETAJOVEN":"No","ACCESOPMR":"No","NROPLAZAS":"2","TOTALPLAZAS":2151}},{"type":"Feature","id":"da_aparcamientosMovilidadReducida.fid--175d4967_1a0508ab86c_9bd","geometry":{"type":"Point","coordinates":[-4.441951,36.71738004,0]},"geometry_name":"SDOGEOMETRIA","properties":{"ID":66426,"NOMBRE":"APARCAPMR_1087","DESCRIPCION":"Esq. con Cl. Virgen Inmaculada","DIRECCION":"CALLE VIRGEN DEL ROCÍO, 26 ","URL":null,"EMAIL":null,"CONTACTO":null,"HORARIOS":null,"PRECIOS":null,"TITULARIDAD":"MUNICIPAL","TARJETAJOVEN":"No","ACCESOPMR":"No","NROPLAZAS":"1","TOTALPLAZAS":2151}},{"type":"Feature","id":"da_aparcamientosMovilidadReducida.fid--175d4967_1a0508ab86c_9be","geometry":{"type":"Point","coordinates":[-4.43726492,36.71691135,0]},"geometry_name":"SDOGEOMETRIA","properties":{"ID":67144,"NOMBRE":"APARCAPMR_007","DESCRIPCION":"Junto al vial de servicio del Puente de las Américas","DIRECCION":"PUENTE DE LAS AMÉRICAS, 1 ","URL":null,"EMAIL":null,"CONTACTO":null,"HORARIOS":null,"PRECIOS":null,"TITULARIDAD":"MUNICIPAL","TARJETAJOVEN":"No","ACCESOPMR":"No","NROPLAZAS":"2","TOTALPLAZAS":2151}},{"type":"Feature","id":"da_aparcamientosMovilidadReducida.fid--175d4967_1a0508ab86c_9bf","geometry":{"type":"Point","coordinates":[-4.57118064,36.7298766,0]},"geometry_name":"SDOGEOMETRIA","properties":{"ID":80837,"NOMBRE":"APARCAPMR_1465","DESCRIPCION":null,"DIRECCION":"CALLE PALOMA, 8 ","URL":null,"EMAIL":null,"CONTACTO":null,"HORARIOS":null,"PRECIOS":null,"TITULARIDAD":"MUNICIPAL","TARJETAJOVEN":"No","ACCESOPMR":"No","NROPLAZAS":"1","TOTALPLAZAS":2151}},{"type":"Feature","id":"da_aparcamientosMovilidadReducida.fid--175d4967_1a0508ab86c_9c0","geometry":{"type":"Point","coordinates":[-4.41995323,36.74687,0]},"geometry_name":"SDOGEOMETRIA","properties":{"ID":67081,"NOMBRE":"APARCAPMR_302","DESCRIPCION":"Frente al nº 18","DIRECCION":"CALLE SÁNCHEZ ALBARRÁN, 21 ","URL":null,"EMAIL":null,"CONTACTO":null,"HORARIOS":null,"PRECIOS":null,"TITULARIDAD":"MUNICIPAL","TARJETAJOVEN":"No","ACCESOPMR":"No","NROPLAZAS":"2","TOTALPLAZAS":2151}},{"type":"Feature","id":"da_aparcamientosMovilidadReducida.fid--175d4967_1a0508ab86c_9c1","geometry":{"type":"Point","coordinates":[-4.45086459,36.68086262,0]},"geometry_name":"SDOGEOMETRIA","properties":{"ID":77990,"NOMBRE":"APARCAPMR_1366","DESCRIPCION":"Esquina Av. Imperio Argentina","DIRECCION":"CAMINO DE LA TÉRMICA, 91 ","URL":null,"EMAIL":null,"CONTACTO":null,"HORARIOS":null,"PRECIOS":null,"TITULARIDAD":"MUNICIPAL","TARJETAJOVEN":"No","ACCESOPMR":"No","NROPLAZAS":"2","TOTALPLAZAS":2151}},{"type":"Feature","id":"da_aparcamientosMovilidadReducida.fid--175d4967_1a0508ab86c_9c2","geometry":{"type":"Point","coordinates":[-4.44190339,36.71727792,0]},"geometry_name":"SDOGEOMETRIA","properties":{"ID":80972,"NOMBRE":"APARCAPMR_1087_B","DESCRIPCION":null,"DIRECCION":"CALLE VIRGEN DEL ROCÍO, 11 ","URL":null,"EMAIL":null,"CONTACTO":null,"HORARIOS":null,"PRECIOS":null,"TITULARIDAD":"MUNICIPAL","TARJETAJOVEN":"No","ACCESOPMR":"No","NROPLAZAS":"1","TOTALPLAZAS":2151}},{"type":"Feature","id":"da_aparcamientosMovilidadReducida.fid--175d4967_1a0508ab86c_9c3","geometry":{"type":"Point","coordinates":[-4.369643,36.72135704,0]},"geometry_name":"SDOGEOMETRIA","properties":{"ID":66446,"NOMBRE":"APARCAPMR_929","DESCRIPCION":"Esquina calle Eugenio Selles","DIRECCION":"PASEO DE LAS ACACIAS, 8 ","URL":null,"EMAIL":null,"CONTACTO":null,"HORARIOS":null,"PRECIOS":null,"TITULARIDAD":"MUNICIPAL","TARJETAJOVEN":"No","ACCESOPMR":"No","NROPLAZAS":"1","TOTALPLAZAS":2151}},{"type":"Feature","id":"da_aparcamientosMovilidadReducida.fid--175d4967_1a0508ab86c_9c4","geometry":{"type":"Point","coordinates":[-4.44564074,36.72139109,0]},"geometry_name":"SDOGEOMETRIA","properties":{"ID":66341,"NOMBRE":"APARCAPMR_066","DESCRIPCION":"Esquina con Avda. Carlos Haya","DIRECCION":"CARRIL DE SANTA ROSA, 3 ","URL":null,"EMAIL":null,"CONTACTO":null,"HORARIOS":null,"PRECIOS":null,"TITULARIDAD":"MUNICIPAL","TARJETAJOVEN":"No","ACCESOPMR":"No","NROPLAZAS":"4","TOTALPLAZAS":2151}},{"type":"Feature","id":"da_aparcamientosMovilidadReducida.fid--175d4967_1a0508ab86c_9c5","geometry":{"type":"Point","coordinates":[-4.42109,36.73811604,0]},"geometry_name":"SDOGEOMETRIA","properties":{"ID":66328,"NOMBRE":"APARCAPMR_841","DESCRIPCION":null,"DIRECCION":"CALLE SINAÍ, 1 ","URL":null,"EMAIL":null,"CONTACTO":null,"HORARIOS":null,"PRECIOS":null,"TITULARIDAD":"MUNICIPAL","TARJETAJOVEN":"No","ACCESOPMR":"No","NROPLAZAS":"1","TOTALPLAZAS":2151}},{"type":"Feature","id":"da_aparcamientosMovilidadReducida.fid--175d4967_1a0508ab86c_9c6","geometry":{"type":"Point","coordinates":[-4.4248823,36.73256516,0]},"geometry_name":"SDOGEOMETRIA","properties":{"ID":81058,"NOMBRE":"APARCAPMR_1385","DESCRIPCION":null,"DIRECCION":"AVENIDA DE JORGE SILVELA, 20 ","URL":null,"EMAIL":null,"CONTACTO":null,"HORARIOS":null,"PRECIOS":null,"TITULARIDAD":"MUNICIPAL","TARJETAJOVEN":"No","ACCESOPMR":"No","NROPLAZAS":"1","TOTALPLAZAS":2151}},{"type":"Feature","id":"da_aparcamientosMovilidadReducida.fid--175d4967_1a0508ab86c_9c7","geometry":{"type":"Point","coordinates":[-4.42463111,36.73583222,0]},"geometry_name":"SDOGEOMETRIA","properties":{"ID":66168,"NOMBRE":"APARCAPMR_1284","DESCRIPCION":"esquina con C/ Notario Roberto Cano","DIRECCION":"AVENIDA DE JORGE SILVELA, 80 ","URL":null,"EMAIL":null,"CONTACTO":null,"HORARIOS":null,"PRECIOS":null,"TITULARIDAD":"MUNICIPAL","TARJETAJOVEN":"No","ACCESOPMR":"No","NROPLAZAS":"1","TOTALPLAZAS":2151}},{"type":"Feature","id":"da_aparcamientosMovilidadReducida.fid--175d4967_1a0508ab86c_9c8","geometry":{"type":"Point","coordinates":[-4.42014369,36.73209759,0]},"geometry_name":"SDOGEOMETRIA","properties":{"ID":80964,"NOMBRE":"APARCAPMR_380_B","DESCRIPCION":null,"DIRECCION":"CALLE ROJAS, 16 ","URL":null,"EMAIL":null,"CONTACTO":null,"HORARIOS":null,"PRECIOS":null,"TITULARIDAD":"MUNICIPAL","TARJETAJOVEN":"No","ACCESOPMR":"No","NROPLAZAS":"1","TOTALPLAZAS":2151}},{"type":"Feature","id":"da_aparcamientosMovilidadReducida.fid--175d4967_1a0508ab86c_9c9","geometry":{"type":"Point","coordinates":[-4.40309759,36.73106725,0]},"geometry_name":"SDOGEOMETRIA","properties":{"ID":66164,"NOMBRE":"APARCAPMR_1129","DESCRIPCION":null,"DIRECCION":"CALLE SIERRA DE GRAZALEMA, 33 ","URL":null,"EMAIL":null,"CONTACTO":null,"HORARIOS":null,"PRECIOS":null,"TITULARIDAD":"MUNICIPAL","TARJETAJOVEN":"No","ACCESOPMR":"No","NROPLAZAS":"1","TOTALPLAZAS":2151}},{"type":"Feature","id":"da_aparcamientosMovilidadReducida.fid--175d4967_1a0508ab86c_9ca","geometry":{"type":"Point","coordinates":[-4.402922,36.73110704,0]},"geometry_name":"SDOGEOMETRIA","properties":{"ID":66158,"NOMBRE":"APARCAPMR_1110","DESCRIPCION":null,"DIRECCION":"CALLE SIERRA DE GRAZALEMA, 28 ","URL":null,"EMAIL":null,"CONTACTO":null,"HORARIOS":null,"PRECIOS":null,"TITULARIDAD":"MUNICIPAL","TARJETAJOVEN":"No","ACCESOPMR":"No","NROPLAZAS":"1","TOTALPLAZAS":2151}},{"type":"Feature","id":"da_aparcamientosMovilidadReducida.fid--175d4967_1a0508ab86c_9cb","geometry":{"type":"Point","coordinates":[-4.42026652,36.73246946,0]},"geometry_name":"SDOGEOMETRIA","properties":{"ID":80962,"NOMBRE":"APARCAPMR_293_B","DESCRIPCION":null,"DIRECCION":"CALLE ROJAS, 30 ","URL":null,"EMAIL":null,"CONTACTO":null,"HORARIOS":null,"PRECIOS":null,"TITULARIDAD":"MUNICIPAL","TARJETAJOVEN":"No","ACCESOPMR":"No","NROPLAZAS":"1","TOTALPLAZAS":2151}},{"type":"Feature","id":"da_aparcamientosMovilidadReducida.fid--175d4967_1a0508ab86c_9cc","geometry":{"type":"Point","coordinates":[-4.42768335,36.72163941,0]},"geometry_name":"SDOGEOMETRIA","properties":{"ID":66178,"NOMBRE":"APARCAPMR_739","DESCRIPCION":"c/Mármoles a la altura del nº 24","DIRECCION":"CALLE MÁRMOLES, 24 ","URL":null,"EMAIL":null,"CONTACTO":null,"HORARIOS":null,"PRECIOS":null,"TITULARIDAD":"MUNICIPAL","TARJETAJOVEN":"No","ACCESOPMR":"No","NROPLAZAS":"1","TOTALPLAZAS":2151}},{"type":"Feature","id":"da_aparcamientosMovilidadReducida.fid--175d4967_1a0508ab86c_9cd","geometry":{"type":"Point","coordinates":[-4.43722665,36.71916373,0]},"geometry_name":"SDOGEOMETRIA","properties":{"ID":67146,"NOMBRE":"APARCAPMR_235","DESCRIPCION":"Esquina con Plaza Guerrero Strachan. Frente al nº 3","DIRECCION":"CALLE ALFÉREZ HERMINIO BORDALLO, 3 ","URL":null,"EMAIL":null,"CONTACTO":null,"HORARIOS":null,"PRECIOS":null,"TITULARIDAD":"MUNICIPAL","TARJETAJOVEN":"No","ACCESOPMR":"No","NROPLAZAS":"1","TOTALPLAZAS":2151}},{"type":"Feature","id":"da_aparcamientosMovilidadReducida.fid--175d4967_1a0508ab86c_9ce","geometry":{"type":"Point","coordinates":[-4.41767252,36.74308798,4067309.72108483]},"geometry_name":"SDOGEOMETRIA","properties":{"ID":78800,"NOMBRE":"APARCAPMR_1401","DESCRIPCION":"C/ Los Chirimoyos, N.º 16","DIRECCION":"CALLE CHIRIMOYOS, 16 ","URL":null,"EMAIL":null,"CONTACTO":null,"HORARIOS":null,"PRECIOS":null,"TITULARIDAD":"MUNICIPAL","TARJETAJOVEN":"No","ACCESOPMR":"No","NROPLAZAS":"1","TOTALPLAZAS":2151}},{"type":"Feature","id":"da_aparcamientosMovilidadReducida.fid--175d4967_1a0508ab86c_9cf","geometry":{"type":"Point","coordinates":[-4.44079131,36.7182403,0]},"geometry_name":"SDOGEOMETRIA","properties":{"ID":67186,"NOMBRE":"APARCAPMR_057","DESCRIPCION":"Servicios técnicos","DIRECCION":"CALLE PEDRO GÓMEZ CHAIX, 2 ","URL":null,"EMAIL":null,"CONTACTO":null,"HORARIOS":null,"PRECIOS":null,"TITULARIDAD":"MUNICIPAL","TARJETAJOVEN":"No","ACCESOPMR":"No","NROPLAZAS":"2","TOTALPLAZAS":2151}},{"type":"Feature","id":"da_aparcamientosMovilidadReducida.fid--175d4967_1a0508ab86c_9d0","geometry":{"type":"Point","coordinates":[-4.42988545,36.73800504,0]},"geometry_name":"SDOGEOMETRIA","properties":{"ID":66879,"NOMBRE":"APARCAPMR_509","DESCRIPCION":"Esquina con c/ Duero","DIRECCION":"CALLE CABRIEL, 7 ","URL":null,"EMAIL":null,"CONTACTO":null,"HORARIOS":null,"PRECIOS":null,"TITULARIDAD":"MUNICIPAL","TARJETAJOVEN":"No","ACCESOPMR":"No","NROPLAZAS":"2","TOTALPLAZAS":2151}},{"type":"Feature","id":"da_aparcamientosMovilidadReducida.fid--175d4967_1a0508ab86c_9d1","geometry":{"type":"Point","coordinates":[-4.42981,36.73804004,0]},"geometry_name":"SDOGEOMETRIA","properties":{"ID":66451,"NOMBRE":"APARCAPMR_1056","DESCRIPCION":"Esq. con Cl. Doctor Nazcle Zorrilla","DIRECCION":"CALLE CABRIEL, 7 ","URL":null,"EMAIL":null,"CONTACTO":null,"HORARIOS":null,"PRECIOS":null,"TITULARIDAD":"MUNICIPAL","TARJETAJOVEN":"No","ACCESOPMR":"No","NROPLAZAS":"1","TOTALPLAZAS":2151}},{"type":"Feature","id":"da_aparcamientosMovilidadReducida.fid--175d4967_1a0508ab86c_9d2","geometry":{"type":"Point","coordinates":[-4.42570388,36.7133725,0]},"geometry_name":"SDOGEOMETRIA","properties":{"ID":66505,"NOMBRE":"APARCAPMR_513","DESCRIPCION":"Junto al Centro de Arte Contemporáneo","DIRECCION":"AVENIDA DEL COMANDANTE BENÍTEZ, 10 ","URL":null,"EMAIL":null,"CONTACTO":null,"HORARIOS":null,"PRECIOS":null,"TITULARIDAD":"MUNICIPAL","TARJETAJOVEN":"No","ACCESOPMR":"No","NROPLAZAS":"2","TOTALPLAZAS":2151}},{"type":"Feature","id":"da_aparcamientosMovilidadReducida.fid--175d4967_1a0508ab86c_9d3","geometry":{"type":"Point","coordinates":[-4.42461222,36.7363999,0]},"geometry_name":"SDOGEOMETRIA","properties":{"ID":66525,"NOMBRE":"APARCAPMR_544","DESCRIPCION":"Esquina Av. Pintor Jaraba","DIRECCION":"AVENIDA DE JORGE SILVELA, 90 ","URL":null,"EMAIL":null,"CONTACTO":null,"HORARIOS":null,"PRECIOS":null,"TITULARIDAD":"MUNICIPAL","TARJETAJOVEN":"No","ACCESOPMR":"No","NROPLAZAS":"1","TOTALPLAZAS":2151}},{"type":"Feature","id":"da_aparcamientosMovilidadReducida.fid--175d4967_1a0508ab86c_9d4","geometry":{"type":"Point","coordinates":[-4.4352027,36.70250754,0]},"geometry_name":"SDOGEOMETRIA","properties":{"ID":66149,"NOMBRE":"APARCAPMR_813","DESCRIPCION":"Esquina con c/ Cañizares.","DIRECCION":"CALLE MENDOZA, 18 ","URL":null,"EMAIL":null,"CONTACTO":null,"HORARIOS":null,"PRECIOS":null,"TITULARIDAD":"MUNICIPAL","TARJETAJOVEN":"No","ACCESOPMR":"No","NROPLAZAS":"1","TOTALPLAZAS":2151}},{"type":"Feature","id":"da_aparcamientosMovilidadReducida.fid--175d4967_1a0508ab86c_9d5","geometry":{"type":"Point","coordinates":[-4.39128037,36.73413484,0]},"geometry_name":"SDOGEOMETRIA","properties":{"ID":81057,"NOMBRE":"APARCAPMR_1288","DESCRIPCION":null,"DIRECCION":"CALLE DE LA MINILLA, 16 ","URL":null,"EMAIL":null,"CONTACTO":null,"HORARIOS":null,"PRECIOS":null,"TITULARIDAD":"MUNICIPAL","TARJETAJOVEN":"No","ACCESOPMR":"No","NROPLAZAS":"1","TOTALPLAZAS":2151}},{"type":"Feature","id":"da_aparcamientosMovilidadReducida.fid--175d4967_1a0508ab86c_9d6","geometry":{"type":"Point","coordinates":[-4.42824548,36.72901936,0]},"geometry_name":"SDOGEOMETRIA","properties":{"ID":66836,"NOMBRE":"APARCAPMR_1140","DESCRIPCION":"Esq. Doctor Marañón","DIRECCION":"CALLE TOLEDO, 8 ","URL":null,"EMAIL":null,"CONTACTO":null,"HORARIOS":null,"PRECIOS":null,"TITULARIDAD":"MUNICIPAL","TARJETAJOVEN":"No","ACCESOPMR":"No","NROPLAZAS":"2","TOTALPLAZAS":2151}},{"type":"Feature","id":"da_aparcamientosMovilidadReducida.fid--175d4967_1a0508ab86c_9d7","geometry":{"type":"Point","coordinates":[-4.44092005,36.71707498,0]},"geometry_name":"SDOGEOMETRIA","properties":{"ID":67192,"NOMBRE":"APARCAPMR_056","DESCRIPCION":"Aparcamientos.","DIRECCION":"CALLE PEDRO GÓMEZ CHAIX, 5 ","URL":null,"EMAIL":null,"CONTACTO":null,"HORARIOS":null,"PRECIOS":null,"TITULARIDAD":"MUNICIPAL","TARJETAJOVEN":"No","ACCESOPMR":"No","NROPLAZAS":"2","TOTALPLAZAS":2151}},{"type":"Feature","id":"da_aparcamientosMovilidadReducida.fid--175d4967_1a0508ab86c_9d8","geometry":{"type":"Point","coordinates":[-4.441826,36.71599404,0]},"geometry_name":"SDOGEOMETRIA","properties":{"ID":66742,"NOMBRE":"APARCAPMR_966","DESCRIPCION":null,"DIRECCION":"CALLE EDUARDO CARVAJAL, 9 ","URL":null,"EMAIL":null,"CONTACTO":null,"HORARIOS":null,"PRECIOS":null,"TITULARIDAD":"MUNICIPAL","TARJETAJOVEN":"No","ACCESOPMR":"No","NROPLAZAS":"1","TOTALPLAZAS":2151}},{"type":"Feature","id":"da_aparcamientosMovilidadReducida.fid--175d4967_1a0508ab86c_9d9","geometry":{"type":"Point","coordinates":[-4.40433741,36.72047414,0]},"geometry_name":"SDOGEOMETRIA","properties":{"ID":66179,"NOMBRE":"APARCAPMR_749","DESCRIPCION":null,"DIRECCION":"PASEO MARÍTIMO PABLO RUIZ PICASSO, 17 ","URL":null,"EMAIL":null,"CONTACTO":null,"HORARIOS":null,"PRECIOS":null,"TITULARIDAD":"MUNICIPAL","TARJETAJOVEN":"No","ACCESOPMR":"No","NROPLAZAS":"2","TOTALPLAZAS":2151}},{"type":"Feature","id":"da_aparcamientosMovilidadReducida.fid--175d4967_1a0508ab86c_9da","geometry":{"type":"Point","coordinates":[-4.40280117,36.72965283,0]},"geometry_name":"SDOGEOMETRIA","properties":{"ID":67060,"NOMBRE":"APARCAPMR_144","DESCRIPCION":"A la alltura del nº 27","DIRECCION":"CALLE SIERRA DE GRAZALEMA, 25 ","URL":null,"EMAIL":null,"CONTACTO":null,"HORARIOS":null,"PRECIOS":null,"TITULARIDAD":"MUNICIPAL","TARJETAJOVEN":"No","ACCESOPMR":"No","NROPLAZAS":"2","TOTALPLAZAS":2151}},{"type":"Feature","id":"da_aparcamientosMovilidadReducida.fid--175d4967_1a0508ab86c_9db","geometry":{"type":"Point","coordinates":[-4.439708,36.70434414,0]},"geometry_name":"SDOGEOMETRIA","properties":{"ID":66129,"NOMBRE":"APARCAPMR_804","DESCRIPCION":"Esquina con Cl. Don José Fernández Castany.","DIRECCION":"CALLE HÉROE DE SOSTOA, 103 ","URL":null,"EMAIL":null,"CONTACTO":null,"HORARIOS":null,"PRECIOS":null,"TITULARIDAD":"MUNICIPAL","TARJETAJOVEN":"No","ACCESOPMR":"No","NROPLAZAS":"2","TOTALPLAZAS":2151}},{"type":"Feature","id":"da_aparcamientosMovilidadReducida.fid--175d4967_1a0508ab86c_9dc","geometry":{"type":"Point","coordinates":[-4.450985,36.70277104,0]},"geometry_name":"SDOGEOMETRIA","properties":{"ID":66135,"NOMBRE":"APARCAPMR_812","DESCRIPCION":null,"DIRECCION":"BULEVAR ADOLFO SUÁREZ, 73 ","URL":null,"EMAIL":null,"CONTACTO":null,"HORARIOS":null,"PRECIOS":null,"TITULARIDAD":"MUNICIPAL","TARJETAJOVEN":"No","ACCESOPMR":"No","NROPLAZAS":"1","TOTALPLAZAS":2151}},{"type":"Feature","id":"da_aparcamientosMovilidadReducida.fid--175d4967_1a0508ab86c_9dd","geometry":{"type":"Point","coordinates":[-4.46259512,36.68932101,0]},"geometry_name":"SDOGEOMETRIA","properties":{"ID":79737,"NOMBRE":"APARCAPMR_1425","DESCRIPCION":"C/ Tucídides, N.º 74","DIRECCION":"CALLE TUCÍDIDES, 74 ","URL":null,"EMAIL":null,"CONTACTO":null,"HORARIOS":null,"PRECIOS":null,"TITULARIDAD":"MUNICIPAL","TARJETAJOVEN":"No","ACCESOPMR":"No","NROPLAZAS":"1","TOTALPLAZAS":2151}},{"type":"Feature","id":"da_aparcamientosMovilidadReducida.fid--175d4967_1a0508ab86c_9de","geometry":{"type":"Point","coordinates":[-4.53432,36.72362904,0]},"geometry_name":"SDOGEOMETRIA","properties":{"ID":66235,"NOMBRE":"APARCAPMR_764","DESCRIPCION":null,"DIRECCION":"CALLE VIOLETA, 8 ","URL":null,"EMAIL":null,"CONTACTO":null,"HORARIOS":null,"PRECIOS":null,"TITULARIDAD":"MUNICIPAL","TARJETAJOVEN":"No","ACCESOPMR":"No","NROPLAZAS":"1","TOTALPLAZAS":2151}},{"type":"Feature","id":"da_aparcamientosMovilidadReducida.fid--175d4967_1a0508ab86c_9df","geometry":{"type":"Point","coordinates":[-4.51563111,36.67211227,0]},"geometry_name":"SDOGEOMETRIA","properties":{"ID":78098,"NOMBRE":"APARCAPMR_1381","DESCRIPCION":null,"DIRECCION":"TAIWÁN, 14 ","URL":null,"EMAIL":null,"CONTACTO":null,"HORARIOS":null,"PRECIOS":null,"TITULARIDAD":"MUNICIPAL","TARJETAJOVEN":"No","ACCESOPMR":"No","NROPLAZAS":"1","TOTALPLAZAS":2151}},{"type":"Feature","id":"da_aparcamientosMovilidadReducida.fid--175d4967_1a0508ab86c_9e0","geometry":{"type":"Point","coordinates":[-4.46321496,36.72788712,0]},"geometry_name":"SDOGEOMETRIA","properties":{"ID":77965,"NOMBRE":"APARCAPMR_1341","DESCRIPCION":"Esquina Plaza Manos Unidas","DIRECCION":"AVENIDA OCTAVIO PAZ, 1 ","URL":null,"EMAIL":null,"CONTACTO":null,"HORARIOS":null,"PRECIOS":null,"TITULARIDAD":"MUNICIPAL","TARJETAJOVEN":"No","ACCESOPMR":"No","NROPLAZAS":"1","TOTALPLAZAS":2151}},{"type":"Feature","id":"da_aparcamientosMovilidadReducida.fid--175d4967_1a0508ab86c_9e1","geometry":{"type":"Point","coordinates":[-4.46298414,36.7278828,0]},"geometry_name":"SDOGEOMETRIA","properties":{"ID":77966,"NOMBRE":"APARCAPMR_1342","DESCRIPCION":"Esquina Plaza Manos Unidas","DIRECCION":"AVENIDA OCTAVIO PAZ, 2 ","URL":null,"EMAIL":null,"CONTACTO":null,"HORARIOS":null,"PRECIOS":null,"TITULARIDAD":"MUNICIPAL","TARJETAJOVEN":"No","ACCESOPMR":"No","NROPLAZAS":"1","TOTALPLAZAS":2151}},{"type":"Feature","id":"da_aparcamientosMovilidadReducida.fid--175d4967_1a0508ab86c_9e2","geometry":{"type":"Point","coordinates":[-4.414585,36.72079404,0]},"geometry_name":"SDOGEOMETRIA","properties":{"ID":66476,"NOMBRE":"APARCAPMR_064","DESCRIPCION":"Frente a los Jardines de Puerta Oscura","DIRECCION":"JARDINES ALCALDE PEDRO LUIS ALONSO, 1 ","URL":null,"EMAIL":null,"CONTACTO":null,"HORARIOS":null,"PRECIOS":null,"TITULARIDAD":"MUNICIPAL","TARJETAJOVEN":"No","ACCESOPMR":"No","NROPLAZAS":"2","TOTALPLAZAS":2151}},{"type":"Feature","id":"da_aparcamientosMovilidadReducida.fid--175d4967_1a0508ab86c_9e3","geometry":{"type":"Point","coordinates":[-4.51331923,36.67116076,0]},"geometry_name":"SDOGEOMETRIA","properties":{"ID":78100,"NOMBRE":"APARCAPMR_1383","DESCRIPCION":null,"DIRECCION":"TAIWÁN, 8 ","URL":null,"EMAIL":null,"CONTACTO":null,"HORARIOS":null,"PRECIOS":null,"TITULARIDAD":"MUNICIPAL","TARJETAJOVEN":"No","ACCESOPMR":"No","NROPLAZAS":"1","TOTALPLAZAS":2151}},{"type":"Feature","id":"da_aparcamientosMovilidadReducida.fid--175d4967_1a0508ab86c_9e4","geometry":{"type":"Point","coordinates":[-4.53412078,36.72368879,0]},"geometry_name":"SDOGEOMETRIA","properties":{"ID":66657,"NOMBRE":"APARCAPMR_627","DESCRIPCION":null,"DIRECCION":"CALLE VIOLETA, 3 ","URL":null,"EMAIL":null,"CONTACTO":null,"HORARIOS":null,"PRECIOS":null,"TITULARIDAD":"MUNICIPAL","TARJETAJOVEN":"No","ACCESOPMR":"No","NROPLAZAS":"1","TOTALPLAZAS":2151}},{"type":"Feature","id":"da_aparcamientosMovilidadReducida.fid--175d4967_1a0508ab86c_9e5","geometry":{"type":"Point","coordinates":[-4.459902,36.66425804,0]},"geometry_name":"SDOGEOMETRIA","properties":{"ID":66427,"NOMBRE":"APARCAPMR_1088","DESCRIPCION":"Frente a Cl. Fuente de la Reina","DIRECCION":"CALLE CASTELLÓN DE LA PLANA, 8 ","URL":null,"EMAIL":null,"CONTACTO":null,"HORARIOS":null,"PRECIOS":null,"TITULARIDAD":"MUNICIPAL","TARJETAJOVEN":"No","ACCESOPMR":"No","NROPLAZAS":"1","TOTALPLAZAS":2151}},{"type":"Feature","id":"da_aparcamientosMovilidadReducida.fid--175d4967_1a0508ab86c_9e6","geometry":{"type":"Point","coordinates":[-4.46265886,36.72941164,0]},"geometry_name":"SDOGEOMETRIA","properties":{"ID":77970,"NOMBRE":"APARCAPMR_1346","DESCRIPCION":null,"DIRECCION":"AVENIDA OCTAVIO PAZ, 7 ","URL":null,"EMAIL":null,"CONTACTO":null,"HORARIOS":null,"PRECIOS":null,"TITULARIDAD":"MUNICIPAL","TARJETAJOVEN":"No","ACCESOPMR":"No","NROPLAZAS":"1","TOTALPLAZAS":2151}},{"type":"Feature","id":"da_aparcamientosMovilidadReducida.fid--175d4967_1a0508ab86c_9e7","geometry":{"type":"Point","coordinates":[-4.46246979,36.72937198,0]},"geometry_name":"SDOGEOMETRIA","properties":{"ID":77971,"NOMBRE":"APARCAPMR_1347","DESCRIPCION":null,"DIRECCION":"AVENIDA OCTAVIO PAZ, 8 ","URL":null,"EMAIL":null,"CONTACTO":null,"HORARIOS":null,"PRECIOS":null,"TITULARIDAD":"MUNICIPAL","TARJETAJOVEN":"No","ACCESOPMR":"No","NROPLAZAS":"1","TOTALPLAZAS":2151}},{"type":"Feature","id":"da_aparcamientosMovilidadReducida.fid--175d4967_1a0508ab86c_9e8","geometry":{"type":"Point","coordinates":[-4.51528231,36.66868067,0]},"geometry_name":"SDOGEOMETRIA","properties":{"ID":78088,"NOMBRE":"APARCAPMR_1371","DESCRIPCION":null,"DIRECCION":"CALLE COREA, 8 ","URL":null,"EMAIL":null,"CONTACTO":null,"HORARIOS":null,"PRECIOS":null,"TITULARIDAD":"MUNICIPAL","TARJETAJOVEN":"No","ACCESOPMR":"No","NROPLAZAS":"1","TOTALPLAZAS":2151}},{"type":"Feature","id":"da_aparcamientosMovilidadReducida.fid--175d4967_1a0508ab86c_9e9","geometry":{"type":"Point","coordinates":[-4.5168456,36.66933778,0]},"geometry_name":"SDOGEOMETRIA","properties":{"ID":78090,"NOMBRE":"APARCAPMR_1373","DESCRIPCION":null,"DIRECCION":"CALLE COREA, 44 ","URL":null,"EMAIL":null,"CONTACTO":null,"HORARIOS":null,"PRECIOS":null,"TITULARIDAD":"MUNICIPAL","TARJETAJOVEN":"No","ACCESOPMR":"No","NROPLAZAS":"1","TOTALPLAZAS":2151}},{"type":"Feature","id":"da_aparcamientosMovilidadReducida.fid--175d4967_1a0508ab86c_9ea","geometry":{"type":"Point","coordinates":[-4.483816,36.73749004,0]},"geometry_name":"SDOGEOMETRIA","properties":{"ID":66199,"NOMBRE":"APARCAPMR_763","DESCRIPCION":null,"DIRECCION":"CALLE COMPOSITOR ENRIQUE ARANDA, 15 ","URL":null,"EMAIL":null,"CONTACTO":null,"HORARIOS":null,"PRECIOS":null,"TITULARIDAD":"MUNICIPAL","TARJETAJOVEN":"No","ACCESOPMR":"No","NROPLAZAS":"1","TOTALPLAZAS":2151}},{"type":"Feature","id":"da_aparcamientosMovilidadReducida.fid--175d4967_1a0508ab86c_9eb","geometry":{"type":"Point","coordinates":[-4.448047,36.70421904,0]},"geometry_name":"SDOGEOMETRIA","properties":{"ID":66254,"NOMBRE":"APARCAPMR_776","DESCRIPCION":null,"DIRECCION":"BULEVAR ADOLFO SUÁREZ, 23 ","URL":null,"EMAIL":null,"CONTACTO":null,"HORARIOS":null,"PRECIOS":null,"TITULARIDAD":"MUNICIPAL","TARJETAJOVEN":"No","ACCESOPMR":"No","NROPLAZAS":"1","TOTALPLAZAS":2151}},{"type":"Feature","id":"da_aparcamientosMovilidadReducida.fid--175d4967_1a0508ab86c_9ec","geometry":{"type":"Point","coordinates":[-4.51442777,36.6716372,0]},"geometry_name":"SDOGEOMETRIA","properties":{"ID":78099,"NOMBRE":"APARCAPMR_1382","DESCRIPCION":null,"DIRECCION":"TAIWÁN, 15 ","URL":null,"EMAIL":null,"CONTACTO":null,"HORARIOS":null,"PRECIOS":null,"TITULARIDAD":"MUNICIPAL","TARJETAJOVEN":"No","ACCESOPMR":"No","NROPLAZAS":"1","TOTALPLAZAS":2151}},{"type":"Feature","id":"da_aparcamientosMovilidadReducida.fid--175d4967_1a0508ab86c_9ed","geometry":{"type":"Point","coordinates":[-4.43928658,36.69778786,0]},"geometry_name":"SDOGEOMETRIA","properties":{"ID":66268,"NOMBRE":"APARCAPMR_1094","DESCRIPCION":null,"DIRECCION":"CALLE CONCEJAL MUÑOZ CERVÁN, 4 ","URL":null,"EMAIL":null,"CONTACTO":null,"HORARIOS":null,"PRECIOS":null,"TITULARIDAD":"MUNICIPAL","TARJETAJOVEN":"No","ACCESOPMR":"No","NROPLAZAS":"1","TOTALPLAZAS":2151}},{"type":"Feature","id":"da_aparcamientosMovilidadReducida.fid--175d4967_1a0508ab86c_9ee","geometry":{"type":"Point","coordinates":[-4.45031052,36.69282086,0]},"geometry_name":"SDOGEOMETRIA","properties":{"ID":77991,"NOMBRE":"APARCAPMR_1367","DESCRIPCION":"Esquina C/ Cartaya","DIRECCION":"CALLE CATAMARÁN, 8 ","URL":null,"EMAIL":null,"CONTACTO":null,"HORARIOS":null,"PRECIOS":null,"TITULARIDAD":"MUNICIPAL","TARJETAJOVEN":"No","ACCESOPMR":"No","NROPLAZAS":"1","TOTALPLAZAS":2151}},{"type":"Feature","id":"da_aparcamientosMovilidadReducida.fid--175d4967_1a0508ab86c_9ef","geometry":{"type":"Point","coordinates":[-4.51612234,36.66903607,0]},"geometry_name":"SDOGEOMETRIA","properties":{"ID":78089,"NOMBRE":"APARCAPMR_1372","DESCRIPCION":null,"DIRECCION":"CALLE COREA, 3 ","URL":null,"EMAIL":null,"CONTACTO":null,"HORARIOS":null,"PRECIOS":null,"TITULARIDAD":"MUNICIPAL","TARJETAJOVEN":"No","ACCESOPMR":"No","NROPLAZAS":"1","TOTALPLAZAS":2151}},{"type":"Feature","id":"da_aparcamientosMovilidadReducida.fid--175d4967_1a0508ab86c_9f0","geometry":{"type":"Point","coordinates":[-4.46180761,36.73223042,0]},"geometry_name":"SDOGEOMETRIA","properties":{"ID":77979,"NOMBRE":"APARCAPMR_1355","DESCRIPCION":"Esquina Av. Julio Cortázar","DIRECCION":"AVENIDA OCTAVIO PAZ, 12 ","URL":null,"EMAIL":null,"CONTACTO":null,"HORARIOS":null,"PRECIOS":null,"TITULARIDAD":"MUNICIPAL","TARJETAJOVEN":"No","ACCESOPMR":"No","NROPLAZAS":"1","TOTALPLAZAS":2151}},{"type":"Feature","id":"da_aparcamientosMovilidadReducida.fid--175d4967_1a0508ab86c_9f1","geometry":{"type":"Point","coordinates":[-4.46163167,36.73228878,0]},"geometry_name":"SDOGEOMETRIA","properties":{"ID":77980,"NOMBRE":"APARCAPMR_1356","DESCRIPCION":"Esquina Av. Julio Cortázar","DIRECCION":"AVENIDA OCTAVIO PAZ, 12 ","URL":null,"EMAIL":null,"CONTACTO":null,"HORARIOS":null,"PRECIOS":null,"TITULARIDAD":"MUNICIPAL","TARJETAJOVEN":"No","ACCESOPMR":"No","NROPLAZAS":"1","TOTALPLAZAS":2151}},{"type":"Feature","id":"da_aparcamientosMovilidadReducida.fid--175d4967_1a0508ab86c_9f2","geometry":{"type":"Point","coordinates":[-4.46183928,36.73159835,0]},"geometry_name":"SDOGEOMETRIA","properties":{"ID":77976,"NOMBRE":"APARCAPMR_1352","DESCRIPCION":"Esquina c/ Manet","DIRECCION":"AVENIDA OCTAVIO PAZ, 9 ","URL":null,"EMAIL":null,"CONTACTO":null,"HORARIOS":null,"PRECIOS":null,"TITULARIDAD":"MUNICIPAL","TARJETAJOVEN":"No","ACCESOPMR":"No","NROPLAZAS":"1","TOTALPLAZAS":2151}},{"type":"Feature","id":"da_aparcamientosMovilidadReducida.fid--175d4967_1a0508ab86c_9f3","geometry":{"type":"Point","coordinates":[-4.46230732,36.73034288,0]},"geometry_name":"SDOGEOMETRIA","properties":{"ID":77975,"NOMBRE":"APARCAPMR_1351","DESCRIPCION":"Esquina Max Bruch","DIRECCION":"AVENIDA OCTAVIO PAZ, 9 ","URL":null,"EMAIL":null,"CONTACTO":null,"HORARIOS":null,"PRECIOS":null,"TITULARIDAD":"MUNICIPAL","TARJETAJOVEN":"No","ACCESOPMR":"No","NROPLAZAS":"2","TOTALPLAZAS":2151}},{"type":"Feature","id":"da_aparcamientosMovilidadReducida.fid--175d4967_1a0508ab86c_9f4","geometry":{"type":"Point","coordinates":[-4.46170238,36.73156664,0]},"geometry_name":"SDOGEOMETRIA","properties":{"ID":77977,"NOMBRE":"APARCAPMR_1353","DESCRIPCION":"Esquina c/ Manet","DIRECCION":"AVENIDA OCTAVIO PAZ, 9 ","URL":null,"EMAIL":null,"CONTACTO":null,"HORARIOS":null,"PRECIOS":null,"TITULARIDAD":"MUNICIPAL","TARJETAJOVEN":"No","ACCESOPMR":"No","NROPLAZAS":"1","TOTALPLAZAS":2151}},{"type":"Feature","id":"da_aparcamientosMovilidadReducida.fid--175d4967_1a0508ab86c_9f5","geometry":{"type":"Point","coordinates":[-4.51436231,36.66837313,0]},"geometry_name":"SDOGEOMETRIA","properties":{"ID":78087,"NOMBRE":"APARCAPMR_1370","DESCRIPCION":null,"DIRECCION":"CALLE COREA, 14 ","URL":null,"EMAIL":null,"CONTACTO":null,"HORARIOS":null,"PRECIOS":null,"TITULARIDAD":"MUNICIPAL","TARJETAJOVEN":"No","ACCESOPMR":"No","NROPLAZAS":"1","TOTALPLAZAS":2151}},{"type":"Feature","id":"da_aparcamientosMovilidadReducida.fid--175d4967_1a0508ab86c_9f6","geometry":{"type":"Point","coordinates":[-4.48808793,36.73489571,0]},"geometry_name":"SDOGEOMETRIA","properties":{"ID":77274,"NOMBRE":"APARCAPMR_1314","DESCRIPCION":"C/ Astrea esquina con C/ Centauro","DIRECCION":"CALLE ASTREA, 10 ","URL":null,"EMAIL":null,"CONTACTO":null,"HORARIOS":null,"PRECIOS":null,"TITULARIDAD":"MUNICIPAL","TARJETAJOVEN":"No","ACCESOPMR":"No","NROPLAZAS":"1","TOTALPLAZAS":2151}},{"type":"Feature","id":"da_aparcamientosMovilidadReducida.fid--175d4967_1a0508ab86c_9f7","geometry":{"type":"Point","coordinates":[-4.4496052,36.70336324,0]},"geometry_name":"SDOGEOMETRIA","properties":{"ID":66126,"NOMBRE":"APARCAPMR_810","DESCRIPCION":"Esquina con c/ Campoy.","DIRECCION":"BULEVAR ADOLFO SUÁREZ, 55 ","URL":null,"EMAIL":null,"CONTACTO":null,"HORARIOS":null,"PRECIOS":null,"TITULARIDAD":"MUNICIPAL","TARJETAJOVEN":"No","ACCESOPMR":"No","NROPLAZAS":"1","TOTALPLAZAS":2151}},{"type":"Feature","id":"da_aparcamientosMovilidadReducida.fid--175d4967_1a0508ab86c_9f8","geometry":{"type":"Point","coordinates":[-4.4520389,36.70233584,0]},"geometry_name":"SDOGEOMETRIA","properties":{"ID":66359,"NOMBRE":"APARCAPMR_887","DESCRIPCION":null,"DIRECCION":"BULEVAR ADOLFO SUÁREZ, 85 ","URL":null,"EMAIL":null,"CONTACTO":null,"HORARIOS":null,"PRECIOS":null,"TITULARIDAD":"MUNICIPAL","TARJETAJOVEN":"No","ACCESOPMR":"No","NROPLAZAS":"1","TOTALPLAZAS":2151}},{"type":"Feature","id":"da_aparcamientosMovilidadReducida.fid--175d4967_1a0508ab86c_9f9","geometry":{"type":"Point","coordinates":[-4.44167174,36.71154108,0]},"geometry_name":"SDOGEOMETRIA","properties":{"ID":66995,"NOMBRE":"APARCAPMR_424","DESCRIPCION":"Esquina con Camino San Rafael","DIRECCION":"CALLE ANTONIO MARTELO, 28 ","URL":null,"EMAIL":null,"CONTACTO":null,"HORARIOS":null,"PRECIOS":null,"TITULARIDAD":"MUNICIPAL","TARJETAJOVEN":"No","ACCESOPMR":"No","NROPLAZAS":"2","TOTALPLAZAS":2151}},{"type":"Feature","id":"da_aparcamientosMovilidadReducida.fid--175d4967_1a0508ab86c_9fa","geometry":{"type":"Point","coordinates":[-4.436033,36.71402304,0]},"geometry_name":"SDOGEOMETRIA","properties":{"ID":66401,"NOMBRE":"APARCAPMR_931","DESCRIPCION":"Esquina con c/ Lucientes.","DIRECCION":"CALLE MAESTRO LECUONA, 8 ","URL":null,"EMAIL":null,"CONTACTO":null,"HORARIOS":null,"PRECIOS":null,"TITULARIDAD":"MUNICIPAL","TARJETAJOVEN":"No","ACCESOPMR":"No","NROPLAZAS":"2","TOTALPLAZAS":2151}},{"type":"Feature","id":"da_aparcamientosMovilidadReducida.fid--175d4967_1a0508ab86c_9fb","geometry":{"type":"Point","coordinates":[-4.438821,36.71079504,0]},"geometry_name":"SDOGEOMETRIA","properties":{"ID":66444,"NOMBRE":"APARCAPMR_944","DESCRIPCION":"Intersección Puente Juan Pablo II","DIRECCION":"CALLE REBOUL, 2 ","URL":null,"EMAIL":null,"CONTACTO":null,"HORARIOS":null,"PRECIOS":null,"TITULARIDAD":"MUNICIPAL","TARJETAJOVEN":"No","ACCESOPMR":"No","NROPLAZAS":"1","TOTALPLAZAS":2151}},{"type":"Feature","id":"da_aparcamientosMovilidadReducida.fid--175d4967_1a0508ab86c_9fc","geometry":{"type":"Point","coordinates":[-4.43073705,36.72152492,0]},"geometry_name":"SDOGEOMETRIA","properties":{"ID":66479,"NOMBRE":"APARCAPMR_635","DESCRIPCION":"Esquina con c/ Carril","DIRECCION":"CALLE MÁRMOLES, 43 ","URL":null,"EMAIL":null,"CONTACTO":null,"HORARIOS":null,"PRECIOS":null,"TITULARIDAD":"MUNICIPAL","TARJETAJOVEN":"No","ACCESOPMR":"No","NROPLAZAS":"1","TOTALPLAZAS":2151}},{"type":"Feature","id":"da_aparcamientosMovilidadReducida.fid--175d4967_1a0508ab86c_9fd","geometry":{"type":"Point","coordinates":[-4.424239,36.74553004,0]},"geometry_name":"SDOGEOMETRIA","properties":{"ID":66701,"NOMBRE":"APARCAPMR_989","DESCRIPCION":"Esquina c/ Puente de la Concepción","DIRECCION":"AVENIDA DEL GUADALMEDINA, 20 ","URL":null,"EMAIL":null,"CONTACTO":null,"HORARIOS":null,"PRECIOS":null,"TITULARIDAD":"MUNICIPAL","TARJETAJOVEN":"No","ACCESOPMR":"No","NROPLAZAS":"1","TOTALPLAZAS":2151}},{"type":"Feature","id":"da_aparcamientosMovilidadReducida.fid--175d4967_1a0508ab86c_9fe","geometry":{"type":"Point","coordinates":[-4.45483675,36.70808652,0]},"geometry_name":"SDOGEOMETRIA","properties":{"ID":79735,"NOMBRE":"APARCAPMR_1429","DESCRIPCION":"C/ Alpandeire esquina con C/ Juan gris","DIRECCION":"CALLE ALPANDEIRE, 24 ","URL":null,"EMAIL":null,"CONTACTO":null,"HORARIOS":null,"PRECIOS":null,"TITULARIDAD":"MUNICIPAL","TARJETAJOVEN":"No","ACCESOPMR":"No","NROPLAZAS":"1","TOTALPLAZAS":2151}},{"type":"Feature","id":"da_aparcamientosMovilidadReducida.fid--175d4967_1a0508ab86c_9ff","geometry":{"type":"Point","coordinates":[-4.4277059,36.7435193,0]},"geometry_name":"SDOGEOMETRIA","properties":{"ID":80150,"NOMBRE":"APARCAPMR_1440","DESCRIPCION":"C/ Massenet esquina con C/ Werther","DIRECCION":"CALLE MASSENET, 3 ","URL":null,"EMAIL":null,"CONTACTO":null,"HORARIOS":null,"PRECIOS":null,"TITULARIDAD":"MUNICIPAL","TARJETAJOVEN":"No","ACCESOPMR":"No","NROPLAZAS":"1","TOTALPLAZAS":2151}},{"type":"Feature","id":"da_aparcamientosMovilidadReducida.fid--175d4967_1a0508ab86c_a00","geometry":{"type":"Point","coordinates":[-4.43474829,36.73028376,0]},"geometry_name":"SDOGEOMETRIA","properties":{"ID":66646,"NOMBRE":"APARCAPMR_291","DESCRIPCION":"A la altura del nº 76","DIRECCION":"AVENIDA DEL ARROYO DE LOS ÁNGELES, 80 ","URL":null,"EMAIL":null,"CONTACTO":null,"HORARIOS":null,"PRECIOS":null,"TITULARIDAD":"MUNICIPAL","TARJETAJOVEN":"No","ACCESOPMR":"No","NROPLAZAS":"2","TOTALPLAZAS":2151}},{"type":"Feature","id":"da_aparcamientosMovilidadReducida.fid--175d4967_1a0508ab86c_a01","geometry":{"type":"Point","coordinates":[-4.44935292,36.71061972,0]},"geometry_name":"SDOGEOMETRIA","properties":{"ID":66873,"NOMBRE":"APARCAPMR_551","DESCRIPCION":"Esquina con Av. José Ortega y Gasset","DIRECCION":"AVENIDA DE JOSÉ ORTEGA Y GASSET, 77 ","URL":null,"EMAIL":null,"CONTACTO":null,"HORARIOS":null,"PRECIOS":null,"TITULARIDAD":"MUNICIPAL","TARJETAJOVEN":"No","ACCESOPMR":"No","NROPLAZAS":"1","TOTALPLAZAS":2151}},{"type":"Feature","id":"da_aparcamientosMovilidadReducida.fid--175d4967_1a0508ab86c_a02","geometry":{"type":"Point","coordinates":[-4.5023713,36.66597312,0]},"geometry_name":"SDOGEOMETRIA","properties":{"ID":66211,"NOMBRE":"APARCAPMR_1144","DESCRIPCION":"Esquina con C/ Lomita","DIRECCION":"CALLE DEL MAESTRO VERT, 13 ","URL":null,"EMAIL":null,"CONTACTO":null,"HORARIOS":null,"PRECIOS":null,"TITULARIDAD":"MUNICIPAL","TARJETAJOVEN":"No","ACCESOPMR":"No","NROPLAZAS":"2","TOTALPLAZAS":2151}},{"type":"Feature","id":"da_aparcamientosMovilidadReducida.fid--175d4967_1a0508ab86c_a03","geometry":{"type":"Point","coordinates":[-4.56635964,36.73135746,0]},"geometry_name":"SDOGEOMETRIA","properties":{"ID":81050,"NOMBRE":"APARCAPMR_1223","DESCRIPCION":null,"DIRECCION":"CALLE LA CELESTINA, 6 ","URL":null,"EMAIL":null,"CONTACTO":null,"HORARIOS":null,"PRECIOS":null,"TITULARIDAD":"MUNICIPAL","TARJETAJOVEN":"No","ACCESOPMR":"No","NROPLAZAS":"1","TOTALPLAZAS":2151}},{"type":"Feature","id":"da_aparcamientosMovilidadReducida.fid--175d4967_1a0508ab86c_a04","geometry":{"type":"Point","coordinates":[-4.42474365,36.73410795,0]},"geometry_name":"SDOGEOMETRIA","properties":{"ID":67079,"NOMBRE":"APARCAPMR_168","DESCRIPCION":"Esquina con c/ Actriz Rosario Pino (frente al nº 16).","DIRECCION":"AVENIDA DE JORGE SILVELA, 44 ","URL":null,"EMAIL":null,"CONTACTO":null,"HORARIOS":null,"PRECIOS":null,"TITULARIDAD":"MUNICIPAL","TARJETAJOVEN":"No","ACCESOPMR":"No","NROPLAZAS":"1","TOTALPLAZAS":2151}},{"type":"Feature","id":"da_aparcamientosMovilidadReducida.fid--175d4967_1a0508ab86c_a05","geometry":{"type":"Point","coordinates":[-4.424184,36.74487604,0]},"geometry_name":"SDOGEOMETRIA","properties":{"ID":66372,"NOMBRE":"APARCAPMR_917","DESCRIPCION":"Esquina con Av. Guadalmedina.","DIRECCION":"AVENIDA DEL GUADALMEDINA, 14 ","URL":null,"EMAIL":null,"CONTACTO":null,"HORARIOS":null,"PRECIOS":null,"TITULARIDAD":"MUNICIPAL","TARJETAJOVEN":"No","ACCESOPMR":"No","NROPLAZAS":"1","TOTALPLAZAS":2151}},{"type":"Feature","id":"da_aparcamientosMovilidadReducida.fid--175d4967_1a0508ab86c_a06","geometry":{"type":"Point","coordinates":[-4.41791069,36.72789743,0]},"geometry_name":"SDOGEOMETRIA","properties":{"ID":74588,"NOMBRE":"APARCAPMR_1264","DESCRIPCION":null,"DIRECCION":"CALLE EJIDO, 6 ","URL":null,"EMAIL":null,"CONTACTO":null,"HORARIOS":null,"PRECIOS":null,"TITULARIDAD":"MUNICIPAL","TARJETAJOVEN":"No","ACCESOPMR":"No","NROPLAZAS":"3","TOTALPLAZAS":2151}},{"type":"Feature","id":"da_aparcamientosMovilidadReducida.fid--175d4967_1a0508ab86c_a07","geometry":{"type":"Point","coordinates":[-4.414581,36.72964604,0]},"geometry_name":"SDOGEOMETRIA","properties":{"ID":66585,"NOMBRE":"APARCAPMR_950","DESCRIPCION":"Esquina calle Cristo de la Epidemia","DIRECCION":"CALLE GORDÓN, 5 ","URL":null,"EMAIL":null,"CONTACTO":null,"HORARIOS":null,"PRECIOS":null,"TITULARIDAD":"MUNICIPAL","TARJETAJOVEN":"No","ACCESOPMR":"No","NROPLAZAS":"2","TOTALPLAZAS":2151}},{"type":"Feature","id":"da_aparcamientosMovilidadReducida.fid--175d4967_1a0508ab86c_a08","geometry":{"type":"Point","coordinates":[-4.43150851,36.72152764,0]},"geometry_name":"SDOGEOMETRIA","properties":{"ID":80967,"NOMBRE":"APARCAPMR_638_B","DESCRIPCION":null,"DIRECCION":"CALLE MÁRMOLES, 66 ","URL":null,"EMAIL":null,"CONTACTO":null,"HORARIOS":null,"PRECIOS":null,"TITULARIDAD":"MUNICIPAL","TARJETAJOVEN":"No","ACCESOPMR":"No","NROPLAZAS":"1","TOTALPLAZAS":2151}},{"type":"Feature","id":"da_aparcamientosMovilidadReducida.fid--175d4967_1a0508ab86c_a09","geometry":{"type":"Point","coordinates":[-4.44741234,36.73089427,0]},"geometry_name":"SDOGEOMETRIA","properties":{"ID":66769,"NOMBRE":"APARCAPMR_582","DESCRIPCION":"Centro de Salud de Carlinda","DIRECCION":"CALLE ALCALDE JOSÉ LUIS ESTRADA, 9 ","URL":null,"EMAIL":null,"CONTACTO":null,"HORARIOS":null,"PRECIOS":null,"TITULARIDAD":"MUNICIPAL","TARJETAJOVEN":"No","ACCESOPMR":"No","NROPLAZAS":"2","TOTALPLAZAS":2151}},{"type":"Feature","id":"da_aparcamientosMovilidadReducida.fid--175d4967_1a0508ab86c_a0a","geometry":{"type":"Point","coordinates":[-4.44417894,36.69664032,0]},"geometry_name":"SDOGEOMETRIA","properties":{"ID":67252,"NOMBRE":"APARCAPMR_232","DESCRIPCION":"A la altura del nº 22","DIRECCION":"CALLE PINTOR JOSÉ DE RIBERA, 20 ","URL":null,"EMAIL":null,"CONTACTO":null,"HORARIOS":null,"PRECIOS":null,"TITULARIDAD":"MUNICIPAL","TARJETAJOVEN":"No","ACCESOPMR":"No","NROPLAZAS":"2","TOTALPLAZAS":2151}},{"type":"Feature","id":"da_aparcamientosMovilidadReducida.fid--175d4967_1a0508ab86c_a0b","geometry":{"type":"Point","coordinates":[-4.453064,36.68647304,0]},"geometry_name":"SDOGEOMETRIA","properties":{"ID":66146,"NOMBRE":"APARCAPMR_820","DESCRIPCION":null,"DIRECCION":"CAMINO DEL PATO, 44 ","URL":null,"EMAIL":null,"CONTACTO":null,"HORARIOS":null,"PRECIOS":null,"TITULARIDAD":"MUNICIPAL","TARJETAJOVEN":"No","ACCESOPMR":"No","NROPLAZAS":"2","TOTALPLAZAS":2151}},{"type":"Feature","id":"da_aparcamientosMovilidadReducida.fid--175d4967_1a0508ab86c_a0c","geometry":{"type":"Point","coordinates":[-4.448349,36.68830804,0]},"geometry_name":"SDOGEOMETRIA","properties":{"ID":66307,"NOMBRE":"APARCAPMR_874","DESCRIPCION":null,"DIRECCION":"PARQUE FRANCISCO MORENO PORTALES, 2 ","URL":null,"EMAIL":null,"CONTACTO":null,"HORARIOS":null,"PRECIOS":null,"TITULARIDAD":"MUNICIPAL","TARJETAJOVEN":"No","ACCESOPMR":"No","NROPLAZAS":"1","TOTALPLAZAS":2151}},{"type":"Feature","id":"da_aparcamientosMovilidadReducida.fid--175d4967_1a0508ab86c_a0d","geometry":{"type":"Point","coordinates":[-4.546039,36.72439904,0]},"geometry_name":"SDOGEOMETRIA","properties":{"ID":66855,"NOMBRE":"APARCAPMR_939","DESCRIPCION":"Esquina calle Bucarest","DIRECCION":"CALLE ESTOCOLMO, 2 ","URL":null,"EMAIL":null,"CONTACTO":null,"HORARIOS":null,"PRECIOS":null,"TITULARIDAD":"MUNICIPAL","TARJETAJOVEN":"No","ACCESOPMR":"No","NROPLAZAS":"1","TOTALPLAZAS":2151}},{"type":"Feature","id":"da_aparcamientosMovilidadReducida.fid--175d4967_1a0508ab86c_a0e","geometry":{"type":"Point","coordinates":[-4.48156,36.73327504,0]},"geometry_name":"SDOGEOMETRIA","properties":{"ID":66739,"NOMBRE":"APARCAPMR_925","DESCRIPCION":null,"DIRECCION":"CALLE HALCÓN, 6 ","URL":null,"EMAIL":null,"CONTACTO":null,"HORARIOS":null,"PRECIOS":null,"TITULARIDAD":"MUNICIPAL","TARJETAJOVEN":"No","ACCESOPMR":"No","NROPLAZAS":"1","TOTALPLAZAS":2151}},{"type":"Feature","id":"da_aparcamientosMovilidadReducida.fid--175d4967_1a0508ab86c_a0f","geometry":{"type":"Point","coordinates":[-4.44504261,36.7005463,0]},"geometry_name":"SDOGEOMETRIA","properties":{"ID":66352,"NOMBRE":"APARCAPMR_257","DESCRIPCION":"Esquina con Cl. Doradilla","DIRECCION":"CALLE HÉROE DE SOSTOA, 200 ","URL":null,"EMAIL":null,"CONTACTO":null,"HORARIOS":null,"PRECIOS":null,"TITULARIDAD":"MUNICIPAL","TARJETAJOVEN":"No","ACCESOPMR":"No","NROPLAZAS":"2","TOTALPLAZAS":2151}},{"type":"Feature","id":"da_aparcamientosMovilidadReducida.fid--175d4967_1a0508ab86c_a10","geometry":{"type":"Point","coordinates":[-4.568235,36.73004804,0]},"geometry_name":"SDOGEOMETRIA","properties":{"ID":66601,"NOMBRE":"APARCAPMR_986","DESCRIPCION":"Esquina con calle La Tía Tula","DIRECCION":"CALLE LA CELESTINA, 68 ","URL":null,"EMAIL":null,"CONTACTO":null,"HORARIOS":null,"PRECIOS":null,"TITULARIDAD":"MUNICIPAL","TARJETAJOVEN":"No","ACCESOPMR":"No","NROPLAZAS":"2","TOTALPLAZAS":2151}},{"type":"Feature","id":"da_aparcamientosMovilidadReducida.fid--175d4967_1a0508ab86c_a11","geometry":{"type":"Point","coordinates":[-4.434916,36.72960004,0]},"geometry_name":"SDOGEOMETRIA","properties":{"ID":66550,"NOMBRE":"APARCAPMR_1054","DESCRIPCION":"Esa. con Cl. Alonso de Fonseca","DIRECCION":"CALLE TOMÁS DE BURGOS, 1 ","URL":null,"EMAIL":null,"CONTACTO":null,"HORARIOS":null,"PRECIOS":null,"TITULARIDAD":"MUNICIPAL","TARJETAJOVEN":"No","ACCESOPMR":"No","NROPLAZAS":"2","TOTALPLAZAS":2151}},{"type":"Feature","id":"da_aparcamientosMovilidadReducida.fid--175d4967_1a0508ab86c_a12","geometry":{"type":"Point","coordinates":[-4.435958,36.73022704,0]},"geometry_name":"SDOGEOMETRIA","properties":{"ID":66865,"NOMBRE":"APARCAPMR_1038","DESCRIPCION":"Esq. con Cl. Cristino Martos","DIRECCION":"CALLE TOMÁS DE BURGOS, 29 ","URL":null,"EMAIL":null,"CONTACTO":null,"HORARIOS":null,"PRECIOS":null,"TITULARIDAD":"MUNICIPAL","TARJETAJOVEN":"No","ACCESOPMR":"No","NROPLAZAS":"1","TOTALPLAZAS":2151}},{"type":"Feature","id":"da_aparcamientosMovilidadReducida.fid--175d4967_1a0508ab86c_a13","geometry":{"type":"Point","coordinates":[-4.4407779,36.6939778,0]},"geometry_name":"SDOGEOMETRIA","properties":{"ID":66190,"NOMBRE":"APARCAPMR_742","DESCRIPCION":"A la altura del nº 36","DIRECCION":"CALLE PACÍFICO, 36 ","URL":null,"EMAIL":null,"CONTACTO":null,"HORARIOS":null,"PRECIOS":null,"TITULARIDAD":"MUNICIPAL","TARJETAJOVEN":"No","ACCESOPMR":"No","NROPLAZAS":"1","TOTALPLAZAS":2151}},{"type":"Feature","id":"da_aparcamientosMovilidadReducida.fid--175d4967_1a0508ab86c_a14","geometry":{"type":"Point","coordinates":[-4.428225,36.74043104,0]},"geometry_name":"SDOGEOMETRIA","properties":{"ID":66302,"NOMBRE":"APARCAPMR_847","DESCRIPCION":null,"DIRECCION":"CALLE ANTONIO MARÍA ISOLA, 1 ","URL":null,"EMAIL":null,"CONTACTO":null,"HORARIOS":null,"PRECIOS":null,"TITULARIDAD":"MUNICIPAL","TARJETAJOVEN":"No","ACCESOPMR":"No","NROPLAZAS":"1","TOTALPLAZAS":2151}},{"type":"Feature","id":"da_aparcamientosMovilidadReducida.fid--175d4967_1a0508ab86c_a15","geometry":{"type":"Point","coordinates":[-4.44488546,36.69679225,0]},"geometry_name":"SDOGEOMETRIA","properties":{"ID":81016,"NOMBRE":"APARCAPMR_1228","DESCRIPCION":null,"DIRECCION":"PASAJE FRIGILIANA, 7 ","URL":null,"EMAIL":null,"CONTACTO":null,"HORARIOS":null,"PRECIOS":null,"TITULARIDAD":"MUNICIPAL","TARJETAJOVEN":"No","ACCESOPMR":"No","NROPLAZAS":"3","TOTALPLAZAS":2151}},{"type":"Feature","id":"da_aparcamientosMovilidadReducida.fid--175d4967_1a0508ab86c_a16","geometry":{"type":"Point","coordinates":[-4.44897251,36.68695181,0]},"geometry_name":"SDOGEOMETRIA","properties":{"ID":77450,"NOMBRE":"APARCAPMR_1310","DESCRIPCION":"C/ Jalón esqina con C/ Nuestra Señora de las Candelas","DIRECCION":"CALLE JALÓN, 7 ","URL":null,"EMAIL":null,"CONTACTO":null,"HORARIOS":null,"PRECIOS":null,"TITULARIDAD":"MUNICIPAL","TARJETAJOVEN":"No","ACCESOPMR":"No","NROPLAZAS":"1","TOTALPLAZAS":2151}},{"type":"Feature","id":"da_aparcamientosMovilidadReducida.fid--175d4967_1a0508ab86c_a17","geometry":{"type":"Point","coordinates":[-4.42506623,36.71608715,0]},"geometry_name":"SDOGEOMETRIA","properties":{"ID":76890,"NOMBRE":"APARCAPMR_129","DESCRIPCION":null,"DIRECCION":"ALAMEDA DE COLÓN, 6 ","URL":null,"EMAIL":null,"CONTACTO":null,"HORARIOS":null,"PRECIOS":null,"TITULARIDAD":"MUNICIPAL","TARJETAJOVEN":"No","ACCESOPMR":"No","NROPLAZAS":"3","TOTALPLAZAS":2151}},{"type":"Feature","id":"da_aparcamientosMovilidadReducida.fid--175d4967_1a0508ab86c_a18","geometry":{"type":"Point","coordinates":[-4.433495,36.70921304,0]},"geometry_name":"SDOGEOMETRIA","properties":{"ID":66138,"NOMBRE":"APARCAPMR_807","DESCRIPCION":"Enfrente de Cl. Coello. ","DIRECCION":"CALLE HÉROE DE SOSTOA, 27 ","URL":null,"EMAIL":null,"CONTACTO":null,"HORARIOS":null,"PRECIOS":null,"TITULARIDAD":"MUNICIPAL","TARJETAJOVEN":"No","ACCESOPMR":"No","NROPLAZAS":"2","TOTALPLAZAS":2151}},{"type":"Feature","id":"da_aparcamientosMovilidadReducida.fid--175d4967_1a0508ab86c_a19","geometry":{"type":"Point","coordinates":[-4.449072,36.70183704,0]},"geometry_name":"SDOGEOMETRIA","properties":{"ID":66155,"NOMBRE":"APARCAPMR_1098","DESCRIPCION":"Esquina con Av. Europa","DIRECCION":"CALLE CORTIJO DE ECHARTE, 2 ","URL":null,"EMAIL":null,"CONTACTO":null,"HORARIOS":null,"PRECIOS":null,"TITULARIDAD":"MUNICIPAL","TARJETAJOVEN":"No","ACCESOPMR":"No","NROPLAZAS":"1","TOTALPLAZAS":2151}},{"type":"Feature","id":"da_aparcamientosMovilidadReducida.fid--175d4967_1a0508ab86c_a1a","geometry":{"type":"Point","coordinates":[-4.4491531,36.70164143,0]},"geometry_name":"SDOGEOMETRIA","properties":{"ID":66387,"NOMBRE":"APARCAPMR_640","DESCRIPCION":"Esquina con Cl. Cortijo de Echarte","DIRECCION":"CALLE CORTIJO DE ECHARTE, 2 ","URL":null,"EMAIL":null,"CONTACTO":null,"HORARIOS":null,"PRECIOS":null,"TITULARIDAD":"MUNICIPAL","TARJETAJOVEN":"No","ACCESOPMR":"No","NROPLAZAS":"1","TOTALPLAZAS":2151}},{"type":"Feature","id":"da_aparcamientosMovilidadReducida.fid--175d4967_1a0508ab86c_a1b","geometry":{"type":"Point","coordinates":[-4.44023006,36.72182699,0]},"geometry_name":"SDOGEOMETRIA","properties":{"ID":66822,"NOMBRE":"APARCAPMR_473","DESCRIPCION":"Esquina con Plaza Aparejador Federico Bermúdez","DIRECCION":"PLAZA APAREJADOR FEDERICO BERMÚDEZ, 7 ","URL":null,"EMAIL":null,"CONTACTO":null,"HORARIOS":null,"PRECIOS":null,"TITULARIDAD":"MUNICIPAL","TARJETAJOVEN":"No","ACCESOPMR":"No","NROPLAZAS":"2","TOTALPLAZAS":2151}},{"type":"Feature","id":"da_aparcamientosMovilidadReducida.fid--175d4967_1a0508ab86c_a1c","geometry":{"type":"Point","coordinates":[-4.453046,36.69540104,0]},"geometry_name":"SDOGEOMETRIA","properties":{"ID":66309,"NOMBRE":"APARCAPMR_873","DESCRIPCION":null,"DIRECCION":"CALLE GALLITO, 5 ","URL":null,"EMAIL":null,"CONTACTO":null,"HORARIOS":null,"PRECIOS":null,"TITULARIDAD":"MUNICIPAL","TARJETAJOVEN":"No","ACCESOPMR":"No","NROPLAZAS":"1","TOTALPLAZAS":2151}},{"type":"Feature","id":"da_aparcamientosMovilidadReducida.fid--175d4967_1a0508ab86c_a1d","geometry":{"type":"Point","coordinates":[-4.4451794,36.69464505,0]},"geometry_name":"SDOGEOMETRIA","properties":{"ID":67235,"NOMBRE":"APARCAPMR_343","DESCRIPCION":"Esquina con Cl. Francisco Jiménez Lomas","DIRECCION":"CALLE FRANCISCO JIMÉNEZ LOMAS, 7 ","URL":null,"EMAIL":null,"CONTACTO":null,"HORARIOS":null,"PRECIOS":null,"TITULARIDAD":"MUNICIPAL","TARJETAJOVEN":"No","ACCESOPMR":"No","NROPLAZAS":"2","TOTALPLAZAS":2151}},{"type":"Feature","id":"da_aparcamientosMovilidadReducida.fid--175d4967_1a0508ab86c_a1e","geometry":{"type":"Point","coordinates":[-4.45596859,36.69718604,0]},"geometry_name":"SDOGEOMETRIA","properties":{"ID":66348,"NOMBRE":"APARCAPMR_116","DESCRIPCION":"Esquina con Avd. de la Luz","DIRECCION":"AVENIDA DE ISAAC PERAL, 4 ","URL":null,"EMAIL":null,"CONTACTO":null,"HORARIOS":null,"PRECIOS":null,"TITULARIDAD":"MUNICIPAL","TARJETAJOVEN":"No","ACCESOPMR":"No","NROPLAZAS":"2","TOTALPLAZAS":2151}},{"type":"Feature","id":"da_aparcamientosMovilidadReducida.fid--175d4967_1a0508ab86c_a1f","geometry":{"type":"Point","coordinates":[-4.4315137,36.70538164,0]},"geometry_name":"SDOGEOMETRIA","properties":{"ID":66974,"NOMBRE":"APARCAPMR_388","DESCRIPCION":"Parque de Huelin","DIRECCION":"PASEO DE ANTONIO MACHADO, 46 ","URL":null,"EMAIL":null,"CONTACTO":null,"HORARIOS":null,"PRECIOS":null,"TITULARIDAD":"MUNICIPAL","TARJETAJOVEN":"No","ACCESOPMR":"No","NROPLAZAS":"2","TOTALPLAZAS":2151}},{"type":"Feature","id":"da_aparcamientosMovilidadReducida.fid--175d4967_1a0508ab86c_a20","geometry":{"type":"Point","coordinates":[-4.441263,36.69240704,0]},"geometry_name":"SDOGEOMETRIA","properties":{"ID":66423,"NOMBRE":"APARCAPMR_1029","DESCRIPCION":"En vial de servicio","DIRECCION":"CALLE PACÍFICO, 43 ","URL":null,"EMAIL":null,"CONTACTO":null,"HORARIOS":null,"PRECIOS":null,"TITULARIDAD":"MUNICIPAL","TARJETAJOVEN":"No","ACCESOPMR":"No","NROPLAZAS":"1","TOTALPLAZAS":2151}},{"type":"Feature","id":"da_aparcamientosMovilidadReducida.fid--175d4967_1a0508ab86c_a21","geometry":{"type":"Point","coordinates":[-4.42451704,36.7272342,0]},"geometry_name":"SDOGEOMETRIA","properties":{"ID":66469,"NOMBRE":"APARCAPMR_1263","DESCRIPCION":"esq. C/ San Bartolome","DIRECCION":"CALLE SALAMANCA, 2 ","URL":null,"EMAIL":null,"CONTACTO":null,"HORARIOS":null,"PRECIOS":null,"TITULARIDAD":"MUNICIPAL","TARJETAJOVEN":"No","ACCESOPMR":"No","NROPLAZAS":"1","TOTALPLAZAS":2151}},{"type":"Feature","id":"da_aparcamientosMovilidadReducida.fid--175d4967_1a0508ab86c_a22","geometry":{"type":"Point","coordinates":[-4.445503,36.69959804,0]},"geometry_name":"SDOGEOMETRIA","properties":{"ID":66147,"NOMBRE":"APARCAPMR_822","DESCRIPCION":null,"DIRECCION":"CALLE LUIS CARRERAS, 1 ","URL":null,"EMAIL":null,"CONTACTO":null,"HORARIOS":null,"PRECIOS":null,"TITULARIDAD":"MUNICIPAL","TARJETAJOVEN":"No","ACCESOPMR":"No","NROPLAZAS":"1","TOTALPLAZAS":2151}},{"type":"Feature","id":"da_aparcamientosMovilidadReducida.fid--175d4967_1a0508ab86c_a23","geometry":{"type":"Point","coordinates":[-4.43686482,36.72583279,0]},"geometry_name":"SDOGEOMETRIA","properties":{"ID":66611,"NOMBRE":"APARCAPMR_1177","DESCRIPCION":"Esq. C/ Berrocal","DIRECCION":"CALLE DOMINGO LOZANO, 21 ","URL":null,"EMAIL":null,"CONTACTO":null,"HORARIOS":null,"PRECIOS":null,"TITULARIDAD":"MUNICIPAL","TARJETAJOVEN":"No","ACCESOPMR":"No","NROPLAZAS":"1","TOTALPLAZAS":2151}},{"type":"Feature","id":"da_aparcamientosMovilidadReducida.fid--175d4967_1a0508ab86c_a24","geometry":{"type":"Point","coordinates":[-4.4566787,36.70216346,0]},"geometry_name":"SDOGEOMETRIA","properties":{"ID":66892,"NOMBRE":"APARCAPMR_579","DESCRIPCION":"Esquina con c/ Oscar Esplá","DIRECCION":"CALLE RODOLFO HALFFTER, 11 ","URL":null,"EMAIL":null,"CONTACTO":null,"HORARIOS":null,"PRECIOS":null,"TITULARIDAD":"MUNICIPAL","TARJETAJOVEN":"No","ACCESOPMR":"No","NROPLAZAS":"1","TOTALPLAZAS":2151}},{"type":"Feature","id":"da_aparcamientosMovilidadReducida.fid--175d4967_1a0508ab86c_a25","geometry":{"type":"Point","coordinates":[-4.43500836,36.73263877,0]},"geometry_name":"SDOGEOMETRIA","properties":{"ID":81005,"NOMBRE":"APARCAPMR_1468","DESCRIPCION":null,"DIRECCION":"CALLE JOSEP PLA, 1 ","URL":null,"EMAIL":null,"CONTACTO":null,"HORARIOS":null,"PRECIOS":null,"TITULARIDAD":"MUNICIPAL","TARJETAJOVEN":"No","ACCESOPMR":"No","NROPLAZAS":"1","TOTALPLAZAS":2151}},{"type":"Feature","id":"da_aparcamientosMovilidadReducida.fid--175d4967_1a0508ab86c_a26","geometry":{"type":"Point","coordinates":[-4.43759747,36.72282508,0]},"geometry_name":"SDOGEOMETRIA","properties":{"ID":66384,"NOMBRE":"APARCAPMR_596","DESCRIPCION":"Esquina con Pasaje Aralar","DIRECCION":"PASAJE BEGOÑA, 4 ","URL":null,"EMAIL":null,"CONTACTO":null,"HORARIOS":null,"PRECIOS":null,"TITULARIDAD":"MUNICIPAL","TARJETAJOVEN":"No","ACCESOPMR":"No","NROPLAZAS":"2","TOTALPLAZAS":2151}},{"type":"Feature","id":"da_aparcamientosMovilidadReducida.fid--175d4967_1a0508ab86c_a27","geometry":{"type":"Point","coordinates":[-4.439758,36.72109104,0]},"geometry_name":"SDOGEOMETRIA","properties":{"ID":66275,"NOMBRE":"APARCAPMR_771","DESCRIPCION":null,"DIRECCION":"PLAZA APAREJADOR FEDERICO BERMÚDEZ, 2 ","URL":null,"EMAIL":null,"CONTACTO":null,"HORARIOS":null,"PRECIOS":null,"TITULARIDAD":"MUNICIPAL","TARJETAJOVEN":"No","ACCESOPMR":"No","NROPLAZAS":"2","TOTALPLAZAS":2151}},{"type":"Feature","id":"da_aparcamientosMovilidadReducida.fid--175d4967_1a0508ab86c_a28","geometry":{"type":"Point","coordinates":[-4.43831429,36.72376243,0]},"geometry_name":"SDOGEOMETRIA","properties":{"ID":67115,"NOMBRE":"APARCAPMR_290","DESCRIPCION":"Esquina con c/ José María Freuiller","DIRECCION":"CALLE JOSÉ MARÍA FREUILLER, 5 ","URL":null,"EMAIL":null,"CONTACTO":null,"HORARIOS":null,"PRECIOS":null,"TITULARIDAD":"MUNICIPAL","TARJETAJOVEN":"No","ACCESOPMR":"No","NROPLAZAS":"2","TOTALPLAZAS":2151}},{"type":"Feature","id":"da_aparcamientosMovilidadReducida.fid--175d4967_1a0508ab86c_a29","geometry":{"type":"Point","coordinates":[-4.43708517,36.72273532,0]},"geometry_name":"SDOGEOMETRIA","properties":{"ID":67113,"NOMBRE":"APARCAPMR_009","DESCRIPCION":"Esquina con Plaza de Basconia","DIRECCION":"PASAJE ARÁNZAZU, 3 ","URL":null,"EMAIL":null,"CONTACTO":null,"HORARIOS":null,"PRECIOS":null,"TITULARIDAD":"MUNICIPAL","TARJETAJOVEN":"No","ACCESOPMR":"No","NROPLAZAS":"2","TOTALPLAZAS":2151}},{"type":"Feature","id":"da_aparcamientosMovilidadReducida.fid--175d4967_1a0508ab86c_a2a","geometry":{"type":"Point","coordinates":[-4.43559319,36.7306879,0]},"geometry_name":"SDOGEOMETRIA","properties":{"ID":66630,"NOMBRE":"APARCAPMR_560","DESCRIPCION":"Esquina con c/ Cristino Martos","DIRECCION":"AVENIDA DEL ARROYO DE LOS ÁNGELES, 83 ","URL":null,"EMAIL":null,"CONTACTO":null,"HORARIOS":null,"PRECIOS":null,"TITULARIDAD":"MUNICIPAL","TARJETAJOVEN":"No","ACCESOPMR":"No","NROPLAZAS":"2","TOTALPLAZAS":2151}},{"type":"Feature","id":"da_aparcamientosMovilidadReducida.fid--175d4967_1a0508ab86c_a2b","geometry":{"type":"Point","coordinates":[-4.41962732,36.71892759,0]},"geometry_name":"SDOGEOMETRIA","properties":{"ID":66271,"NOMBRE":"APARCAPMR_1172","DESCRIPCION":"Esq. Molina Lario","DIRECCION":"CALLE CORTINA DEL MUELLE, 1 ","URL":null,"EMAIL":null,"CONTACTO":null,"HORARIOS":null,"PRECIOS":null,"TITULARIDAD":"MUNICIPAL","TARJETAJOVEN":"No","ACCESOPMR":"No","NROPLAZAS":"2","TOTALPLAZAS":2151}},{"type":"Feature","id":"da_aparcamientosMovilidadReducida.fid--175d4967_1a0508ab86c_a2c","geometry":{"type":"Point","coordinates":[-4.51126035,36.67328575,0]},"geometry_name":"SDOGEOMETRIA","properties":{"ID":81034,"NOMBRE":"APARCAPMR_1116","DESCRIPCION":null,"DIRECCION":"CALLE DECANO LÓPEZ ARJONA, 38 ","URL":null,"EMAIL":null,"CONTACTO":null,"HORARIOS":null,"PRECIOS":null,"TITULARIDAD":"MUNICIPAL","TARJETAJOVEN":"No","ACCESOPMR":"No","NROPLAZAS":"1","TOTALPLAZAS":2151}},{"type":"Feature","id":"da_aparcamientosMovilidadReducida.fid--175d4967_1a0508ab86c_a2d","geometry":{"type":"Point","coordinates":[-4.41845865,36.74834865,0]},"geometry_name":"SDOGEOMETRIA","properties":{"ID":76874,"NOMBRE":"APARCAPMR_1304_","DESCRIPCION":null,"DIRECCION":"CALLE HÉCTOR VILLA-LOBOS, 16 ","URL":null,"EMAIL":null,"CONTACTO":null,"HORARIOS":null,"PRECIOS":null,"TITULARIDAD":"MUNICIPAL","TARJETAJOVEN":"No","ACCESOPMR":"No","NROPLAZAS":"1","TOTALPLAZAS":2151}},{"type":"Feature","id":"da_aparcamientosMovilidadReducida.fid--175d4967_1a0508ab86c_a2e","geometry":{"type":"Point","coordinates":[-4.40665006,36.72076731,0]},"geometry_name":"SDOGEOMETRIA","properties":{"ID":66574,"NOMBRE":"APARCAPMR_1285","DESCRIPCION":"ESQ. C/ SANTA CRISTINA","DIRECCION":"CALLE NAVAS DE TOLOSA, 4 ","URL":null,"EMAIL":null,"CONTACTO":null,"HORARIOS":null,"PRECIOS":null,"TITULARIDAD":"MUNICIPAL","TARJETAJOVEN":"No","ACCESOPMR":"No","NROPLAZAS":"1","TOTALPLAZAS":2151}},{"type":"Feature","id":"da_aparcamientosMovilidadReducida.fid--175d4967_1a0508ab86c_a2f","geometry":{"type":"Point","coordinates":[-4.3717824,36.72771856,0]},"geometry_name":"SDOGEOMETRIA","properties":{"ID":66555,"NOMBRE":"APARCAPMR_1150","DESCRIPCION":null,"DIRECCION":"CALLE FERNÁNDEZ SHAW, 83 ","URL":null,"EMAIL":null,"CONTACTO":null,"HORARIOS":null,"PRECIOS":null,"TITULARIDAD":"MUNICIPAL","TARJETAJOVEN":"No","ACCESOPMR":"No","NROPLAZAS":"1","TOTALPLAZAS":2151}},{"type":"Feature","id":"da_aparcamientosMovilidadReducida.fid--175d4967_1a0508ab86c_a30","geometry":{"type":"Point","coordinates":[-4.373542,36.72359604,0]},"geometry_name":"SDOGEOMETRIA","properties":{"ID":66596,"NOMBRE":"APARCAPMR_976","DESCRIPCION":"A la altura del nº 15","DIRECCION":"CALLE FERNÁNDEZ SHAW, 15 ","URL":null,"EMAIL":null,"CONTACTO":null,"HORARIOS":null,"PRECIOS":null,"TITULARIDAD":"MUNICIPAL","TARJETAJOVEN":"No","ACCESOPMR":"No","NROPLAZAS":"1","TOTALPLAZAS":2151}},{"type":"Feature","id":"da_aparcamientosMovilidadReducida.fid--175d4967_1a0508ab86c_a31","geometry":{"type":"Point","coordinates":[-4.40339126,36.73295524,0]},"geometry_name":"SDOGEOMETRIA","properties":{"ID":66948,"NOMBRE":"APARCAPMR_311","DESCRIPCION":null,"DIRECCION":"CALLE LA ERA, 26 ","URL":null,"EMAIL":null,"CONTACTO":null,"HORARIOS":null,"PRECIOS":null,"TITULARIDAD":"MUNICIPAL","TARJETAJOVEN":"No","ACCESOPMR":"No","NROPLAZAS":"1","TOTALPLAZAS":2151}},{"type":"Feature","id":"da_aparcamientosMovilidadReducida.fid--175d4967_1a0508ab86c_a32","geometry":{"type":"Point","coordinates":[-4.417949,36.74968474,0]},"geometry_name":"SDOGEOMETRIA","properties":{"ID":66979,"NOMBRE":"APARCAPMR_396","DESCRIPCION":"A la altura del nº 5","DIRECCION":"CALLE PINTOR RAMOS ROSAS, 1 ","URL":null,"EMAIL":null,"CONTACTO":null,"HORARIOS":null,"PRECIOS":null,"TITULARIDAD":"MUNICIPAL","TARJETAJOVEN":"No","ACCESOPMR":"No","NROPLAZAS":"1","TOTALPLAZAS":2151}},{"type":"Feature","id":"da_aparcamientosMovilidadReducida.fid--175d4967_1a0508ab86c_a33","geometry":{"type":"Point","coordinates":[-4.36149662,36.72039017,0]},"geometry_name":"SDOGEOMETRIA","properties":{"ID":66468,"NOMBRE":"APARCAPMR_1265","DESCRIPCION":"esquina con Avda. Pío Baroja","DIRECCION":"AVENIDA DE LA ESTACIÓN DE EL PALO, 7 ","URL":null,"EMAIL":null,"CONTACTO":null,"HORARIOS":null,"PRECIOS":null,"TITULARIDAD":"MUNICIPAL","TARJETAJOVEN":"No","ACCESOPMR":"No","NROPLAZAS":"2","TOTALPLAZAS":2151}},{"type":"Feature","id":"da_aparcamientosMovilidadReducida.fid--175d4967_1a0508ab86c_a34","geometry":{"type":"Point","coordinates":[-4.36517018,36.72037775,0]},"geometry_name":"SDOGEOMETRIA","properties":{"ID":80968,"NOMBRE":"APARCAPMR_674_B","DESCRIPCION":null,"DIRECCION":"AVENIDA DE PÍO BAROJA, 2 ","URL":null,"EMAIL":null,"CONTACTO":null,"HORARIOS":null,"PRECIOS":null,"TITULARIDAD":"MUNICIPAL","TARJETAJOVEN":"No","ACCESOPMR":"No","NROPLAZAS":"1","TOTALPLAZAS":2151}},{"type":"Feature","id":"da_aparcamientosMovilidadReducida.fid--175d4967_1a0508ab86c_a35","geometry":{"type":"Point","coordinates":[-4.4996,36.66514604,0]},"geometry_name":"SDOGEOMETRIA","properties":{"ID":66738,"NOMBRE":"APARCAPMR_920","DESCRIPCION":null,"DIRECCION":"CALLE DEL MAESTRO VERT, 43 ","URL":null,"EMAIL":null,"CONTACTO":null,"HORARIOS":null,"PRECIOS":null,"TITULARIDAD":"MUNICIPAL","TARJETAJOVEN":"No","ACCESOPMR":"No","NROPLAZAS":"1","TOTALPLAZAS":2151}},{"type":"Feature","id":"da_aparcamientosMovilidadReducida.fid--175d4967_1a0508ab86c_a36","geometry":{"type":"Point","coordinates":[-4.35703331,36.72080876,0]},"geometry_name":"SDOGEOMETRIA","properties":{"ID":66489,"NOMBRE":"APARCAPMR_665","DESCRIPCION":"Esquina con c/ Aljofaina","DIRECCION":"CALLE ALMERÍA, 35 ","URL":null,"EMAIL":null,"CONTACTO":null,"HORARIOS":null,"PRECIOS":null,"TITULARIDAD":"MUNICIPAL","TARJETAJOVEN":"No","ACCESOPMR":"No","NROPLAZAS":"2","TOTALPLAZAS":2151}},{"type":"Feature","id":"da_aparcamientosMovilidadReducida.fid--175d4967_1a0508ab86c_a37","geometry":{"type":"Point","coordinates":[-4.36176538,36.72026774,0]},"geometry_name":"SDOGEOMETRIA","properties":{"ID":67045,"NOMBRE":"APARCAPMR_124","DESCRIPCION":"A la altura del nº 20","DIRECCION":"AVENIDA DE PÍO BAROJA, 27 ","URL":null,"EMAIL":null,"CONTACTO":null,"HORARIOS":null,"PRECIOS":null,"TITULARIDAD":"MUNICIPAL","TARJETAJOVEN":"No","ACCESOPMR":"No","NROPLAZAS":"2","TOTALPLAZAS":2151}},{"type":"Feature","id":"da_aparcamientosMovilidadReducida.fid--175d4967_1a0508ab86c_a38","geometry":{"type":"Point","coordinates":[-4.41075996,36.72729027,0]},"geometry_name":"SDOGEOMETRIA","properties":{"ID":67208,"NOMBRE":"APARCAPMR_238","DESCRIPCION":"A la altura nº 35","DIRECCION":"CALLE FERRÁNDIZ, 37 ","URL":null,"EMAIL":null,"CONTACTO":null,"HORARIOS":null,"PRECIOS":null,"TITULARIDAD":"MUNICIPAL","TARJETAJOVEN":"No","ACCESOPMR":"No","NROPLAZAS":"1","TOTALPLAZAS":2151}},{"type":"Feature","id":"da_aparcamientosMovilidadReducida.fid--175d4967_1a0508ab86c_a39","geometry":{"type":"Point","coordinates":[-4.41156117,36.72725337,0]},"geometry_name":"SDOGEOMETRIA","properties":{"ID":66258,"NOMBRE":"APARCAPMR_1163","DESCRIPCION":null,"DIRECCION":"CALLE FERRÁNDIZ, 32 ","URL":null,"EMAIL":null,"CONTACTO":null,"HORARIOS":null,"PRECIOS":null,"TITULARIDAD":"MUNICIPAL","TARJETAJOVEN":"No","ACCESOPMR":"No","NROPLAZAS":"1","TOTALPLAZAS":2151}},{"type":"Feature","id":"da_aparcamientosMovilidadReducida.fid--175d4967_1a0508ab86c_a3a","geometry":{"type":"Point","coordinates":[-4.410307,36.72702904,0]},"geometry_name":"SDOGEOMETRIA","properties":{"ID":66368,"NOMBRE":"APARCAPMR_891","DESCRIPCION":null,"DIRECCION":"CALLE FERRÁNDIZ, 48 ","URL":null,"EMAIL":null,"CONTACTO":null,"HORARIOS":null,"PRECIOS":null,"TITULARIDAD":"MUNICIPAL","TARJETAJOVEN":"No","ACCESOPMR":"No","NROPLAZAS":"2","TOTALPLAZAS":2151}},{"type":"Feature","id":"da_aparcamientosMovilidadReducida.fid--175d4967_1a0508ab86c_a3b","geometry":{"type":"Point","coordinates":[-4.41638321,36.73190837,0]},"geometry_name":"SDOGEOMETRIA","properties":{"ID":66664,"NOMBRE":"APARCAPMR_690","DESCRIPCION":"Esquina con c/ Cristo de la Epidemia","DIRECCION":"CALLE PACO MIRANDA, 26 ","URL":null,"EMAIL":null,"CONTACTO":null,"HORARIOS":null,"PRECIOS":null,"TITULARIDAD":"MUNICIPAL","TARJETAJOVEN":"No","ACCESOPMR":"No","NROPLAZAS":"2","TOTALPLAZAS":2151}},{"type":"Feature","id":"da_aparcamientosMovilidadReducida.fid--175d4967_1a0508ab86c_a3c","geometry":{"type":"Point","coordinates":[-4.41595137,36.72009574,0]},"geometry_name":"SDOGEOMETRIA","properties":{"ID":66882,"NOMBRE":"APARCAPMR_500","DESCRIPCION":"Esquina con Cl. Guillén Sotelo","DIRECCION":"CALLE ALCALDE PEDRO LUIS ALONSO, 2 ","URL":null,"EMAIL":null,"CONTACTO":null,"HORARIOS":null,"PRECIOS":null,"TITULARIDAD":"MUNICIPAL","TARJETAJOVEN":"No","ACCESOPMR":"No","NROPLAZAS":"1","TOTALPLAZAS":2151}},{"type":"Feature","id":"da_aparcamientosMovilidadReducida.fid--175d4967_1a0508ab86c_a3d","geometry":{"type":"Point","coordinates":[-4.41574618,36.73338892,0]},"geometry_name":"SDOGEOMETRIA","properties":{"ID":66485,"NOMBRE":"APARCAPMR_630","DESCRIPCION":"A la altura del nº 3","DIRECCION":"PLAZA DE OLLETAS, 7 ","URL":null,"EMAIL":null,"CONTACTO":null,"HORARIOS":null,"PRECIOS":null,"TITULARIDAD":"MUNICIPAL","TARJETAJOVEN":"No","ACCESOPMR":"No","NROPLAZAS":"1","TOTALPLAZAS":2151}},{"type":"Feature","id":"da_aparcamientosMovilidadReducida.fid--175d4967_1a0508ab86c_a3e","geometry":{"type":"Point","coordinates":[-4.362037,36.72673504,0]},"geometry_name":"SDOGEOMETRIA","properties":{"ID":66132,"NOMBRE":"APARCAPMR_798","DESCRIPCION":null,"DIRECCION":"CALLE FRANCISCO GUILLÓN, 1 ","URL":null,"EMAIL":null,"CONTACTO":null,"HORARIOS":null,"PRECIOS":null,"TITULARIDAD":"MUNICIPAL","TARJETAJOVEN":"No","ACCESOPMR":"No","NROPLAZAS":"1","TOTALPLAZAS":2151}},{"type":"Feature","id":"da_aparcamientosMovilidadReducida.fid--175d4967_1a0508ab86c_a3f","geometry":{"type":"Point","coordinates":[-4.41880534,36.72949964,0]},"geometry_name":"SDOGEOMETRIA","properties":{"ID":77963,"NOMBRE":"APARCAPMR_1331","DESCRIPCION":"C/ Miguel Bueno Lara esquina con la Plaza Maestro Artola","DIRECCION":"CALLE MIGUEL BUENO LARA, 8 ","URL":null,"EMAIL":null,"CONTACTO":null,"HORARIOS":null,"PRECIOS":null,"TITULARIDAD":"MUNICIPAL","TARJETAJOVEN":"No","ACCESOPMR":"No","NROPLAZAS":"1","TOTALPLAZAS":2151}},{"type":"Feature","id":"da_aparcamientosMovilidadReducida.fid--175d4967_1a0508ab86c_a40","geometry":{"type":"Point","coordinates":[-4.43114805,36.73991524,0]},"geometry_name":"SDOGEOMETRIA","properties":{"ID":81017,"NOMBRE":"APARCAPMR_1259","DESCRIPCION":null,"DIRECCION":"CALLE CABRIEL, 25 ","URL":null,"EMAIL":null,"CONTACTO":null,"HORARIOS":null,"PRECIOS":null,"TITULARIDAD":"MUNICIPAL","TARJETAJOVEN":"No","ACCESOPMR":"No","NROPLAZAS":"3","TOTALPLAZAS":2151}},{"type":"Feature","id":"da_aparcamientosMovilidadReducida.fid--175d4967_1a0508ab86c_a41","geometry":{"type":"Point","coordinates":[-4.420894,36.73860704,0]},"geometry_name":"SDOGEOMETRIA","properties":{"ID":66833,"NOMBRE":"APARCAPMR_1066","DESCRIPCION":"Esq. con Pasaje de Gaza","DIRECCION":"PLAZA DE NAZARET, 2 ","URL":null,"EMAIL":null,"CONTACTO":null,"HORARIOS":null,"PRECIOS":null,"TITULARIDAD":"MUNICIPAL","TARJETAJOVEN":"No","ACCESOPMR":"No","NROPLAZAS":"1","TOTALPLAZAS":2151}},{"type":"Feature","id":"da_aparcamientosMovilidadReducida.fid--175d4967_1a0508ab86c_a42","geometry":{"type":"Point","coordinates":[-4.42019194,36.73843493,0]},"geometry_name":"SDOGEOMETRIA","properties":{"ID":67273,"NOMBRE":"APARCAPMR_483","DESCRIPCION":"A la altura del nº 4","DIRECCION":"PLAZA DE NAZARET, 4 ","URL":null,"EMAIL":null,"CONTACTO":null,"HORARIOS":null,"PRECIOS":null,"TITULARIDAD":"MUNICIPAL","TARJETAJOVEN":"No","ACCESOPMR":"No","NROPLAZAS":"1","TOTALPLAZAS":2151}},{"type":"Feature","id":"da_aparcamientosMovilidadReducida.fid--175d4967_1a0508ab86c_a43","geometry":{"type":"Point","coordinates":[-4.420408,36.73895204,0]},"geometry_name":"SDOGEOMETRIA","properties":{"ID":66443,"NOMBRE":"APARCAPMR_959","DESCRIPCION":null,"DIRECCION":"AVENIDA DE LA CIBELES, 6 ","URL":null,"EMAIL":null,"CONTACTO":null,"HORARIOS":null,"PRECIOS":null,"TITULARIDAD":"MUNICIPAL","TARJETAJOVEN":"No","ACCESOPMR":"No","NROPLAZAS":"1","TOTALPLAZAS":2151}},{"type":"Feature","id":"da_aparcamientosMovilidadReducida.fid--175d4967_1a0508ab86c_a44","geometry":{"type":"Point","coordinates":[-4.420626,36.73906904,0]},"geometry_name":"SDOGEOMETRIA","properties":{"ID":66277,"NOMBRE":"APARCAPMR_795","DESCRIPCION":null,"DIRECCION":"AVENIDA DE LA CIBELES, 3 ","URL":null,"EMAIL":null,"CONTACTO":null,"HORARIOS":null,"PRECIOS":null,"TITULARIDAD":"MUNICIPAL","TARJETAJOVEN":"No","ACCESOPMR":"No","NROPLAZAS":"1","TOTALPLAZAS":2151}},{"type":"Feature","id":"da_aparcamientosMovilidadReducida.fid--175d4967_1a0508ab86c_a45","geometry":{"type":"Point","coordinates":[-4.367854,36.72456755,0]},"geometry_name":"SDOGEOMETRIA","properties":{"ID":66530,"NOMBRE":"APARCAPMR_632","DESCRIPCION":"Esquina con c/ Gabriel y Galán","DIRECCION":"CALLE OCTAVIO PICÓN, 24 ","URL":null,"EMAIL":null,"CONTACTO":null,"HORARIOS":null,"PRECIOS":null,"TITULARIDAD":"MUNICIPAL","TARJETAJOVEN":"No","ACCESOPMR":"No","NROPLAZAS":"2","TOTALPLAZAS":2151}},{"type":"Feature","id":"da_aparcamientosMovilidadReducida.fid--175d4967_1a0508ab86c_a46","geometry":{"type":"Point","coordinates":[-4.36443016,36.7213798,0]},"geometry_name":"SDOGEOMETRIA","properties":{"ID":67052,"NOMBRE":"APARCAPMR_239","DESCRIPCION":"Esquina con Pasaje Miramar del Palo","DIRECCION":"CALLE ESCULTOR MARÍN HIGUERO, 4 ","URL":null,"EMAIL":null,"CONTACTO":null,"HORARIOS":null,"PRECIOS":null,"TITULARIDAD":"MUNICIPAL","TARJETAJOVEN":"No","ACCESOPMR":"No","NROPLAZAS":"2","TOTALPLAZAS":2151}},{"type":"Feature","id":"da_aparcamientosMovilidadReducida.fid--175d4967_1a0508ab86c_a47","geometry":{"type":"Point","coordinates":[-4.42033993,36.73239846,0]},"geometry_name":"SDOGEOMETRIA","properties":{"ID":67219,"NOMBRE":"APARCAPMR_293","DESCRIPCION":"Esquina con c/ Marruecos","DIRECCION":"CALLE ROJAS, 33 ","URL":null,"EMAIL":null,"CONTACTO":null,"HORARIOS":null,"PRECIOS":null,"TITULARIDAD":"MUNICIPAL","TARJETAJOVEN":"No","ACCESOPMR":"No","NROPLAZAS":"1","TOTALPLAZAS":2151}},{"type":"Feature","id":"da_aparcamientosMovilidadReducida.fid--175d4967_1a0508ab86c_a48","geometry":{"type":"Point","coordinates":[-4.41615167,36.73331035,0]},"geometry_name":"SDOGEOMETRIA","properties":{"ID":66825,"NOMBRE":"APARCAPMR_1148","DESCRIPCION":"Esq. Plaza Olletas","DIRECCION":"PLAZA DE OLLETAS, 6 ","URL":null,"EMAIL":null,"CONTACTO":null,"HORARIOS":null,"PRECIOS":null,"TITULARIDAD":"MUNICIPAL","TARJETAJOVEN":"No","ACCESOPMR":"No","NROPLAZAS":"2","TOTALPLAZAS":2151}},{"type":"Feature","id":"da_aparcamientosMovilidadReducida.fid--175d4967_1a0508ab86c_a49","geometry":{"type":"Point","coordinates":[-4.36952636,36.72540168,0]},"geometry_name":"SDOGEOMETRIA","properties":{"ID":67054,"NOMBRE":"APARCAPMR_166","DESCRIPCION":"Esquina con c/ Amador de los Ríos","DIRECCION":"CALLE MANUEL DE PALACIO, 19 ","URL":null,"EMAIL":null,"CONTACTO":null,"HORARIOS":null,"PRECIOS":null,"TITULARIDAD":"MUNICIPAL","TARJETAJOVEN":"No","ACCESOPMR":"No","NROPLAZAS":"4","TOTALPLAZAS":2151}},{"type":"Feature","id":"da_aparcamientosMovilidadReducida.fid--175d4967_1a0508ab86c_a4a","geometry":{"type":"Point","coordinates":[-4.42050844,36.7329246,0]},"geometry_name":"SDOGEOMETRIA","properties":{"ID":66953,"NOMBRE":"APARCAPMR_362","DESCRIPCION":"Esquina con c/ Rojas","DIRECCION":"CALLE MOYA, 18 ","URL":null,"EMAIL":null,"CONTACTO":null,"HORARIOS":null,"PRECIOS":null,"TITULARIDAD":"MUNICIPAL","TARJETAJOVEN":"No","ACCESOPMR":"No","NROPLAZAS":"1","TOTALPLAZAS":2151}},{"type":"Feature","id":"da_aparcamientosMovilidadReducida.fid--175d4967_1a0508ab86c_a4b","geometry":{"type":"Point","coordinates":[-4.418188,36.74282204,0]},"geometry_name":"SDOGEOMETRIA","properties":{"ID":66251,"NOMBRE":"APARCAPMR_778","DESCRIPCION":"a la altura del nº 6","DIRECCION":"CALLE CHIRIMOYOS, 3 ","URL":null,"EMAIL":null,"CONTACTO":null,"HORARIOS":null,"PRECIOS":null,"TITULARIDAD":"MUNICIPAL","TARJETAJOVEN":"No","ACCESOPMR":"No","NROPLAZAS":"2","TOTALPLAZAS":2151}},{"type":"Feature","id":"da_aparcamientosMovilidadReducida.fid--175d4967_1a0508ab86c_a4c","geometry":{"type":"Point","coordinates":[-4.4212299,36.75022164,0]},"geometry_name":"SDOGEOMETRIA","properties":{"ID":67009,"NOMBRE":"APARCAPMR_445","DESCRIPCION":"A la altura del nº 6","DIRECCION":"CALLE BORDE ALEGRE, 8 ","URL":null,"EMAIL":null,"CONTACTO":null,"HORARIOS":null,"PRECIOS":null,"TITULARIDAD":"MUNICIPAL","TARJETAJOVEN":"No","ACCESOPMR":"No","NROPLAZAS":"2","TOTALPLAZAS":2151}},{"type":"Feature","id":"da_aparcamientosMovilidadReducida.fid--175d4967_1a0508ab86c_a4d","geometry":{"type":"Point","coordinates":[-4.352379,36.72121704,0]},"geometry_name":"SDOGEOMETRIA","properties":{"ID":66198,"NOMBRE":"APARCAPMR_761","DESCRIPCION":"A la altura del nº 18","DIRECCION":"CALLE PEDRO DE VALDIVIA, 18 ","URL":null,"EMAIL":null,"CONTACTO":null,"HORARIOS":null,"PRECIOS":null,"TITULARIDAD":"MUNICIPAL","TARJETAJOVEN":"No","ACCESOPMR":"No","NROPLAZAS":"1","TOTALPLAZAS":2151}},{"type":"Feature","id":"da_aparcamientosMovilidadReducida.fid--175d4967_1a0508ab86c_a4e","geometry":{"type":"Point","coordinates":[-4.41012564,36.71911855,0]},"geometry_name":"SDOGEOMETRIA","properties":{"ID":66904,"NOMBRE":"APARCAPMR_392","DESCRIPCION":"Esquina con c/ Cervantes","DIRECCION":"CALLE ARENAL, 5 ","URL":null,"EMAIL":null,"CONTACTO":null,"HORARIOS":null,"PRECIOS":null,"TITULARIDAD":"MUNICIPAL","TARJETAJOVEN":"No","ACCESOPMR":"No","NROPLAZAS":"1","TOTALPLAZAS":2151}},{"type":"Feature","id":"da_aparcamientosMovilidadReducida.fid--175d4967_1a0508ab86c_a4f","geometry":{"type":"Point","coordinates":[-4.43287544,36.74003625,0]},"geometry_name":"SDOGEOMETRIA","properties":{"ID":67120,"NOMBRE":"APARCAPMR_315","DESCRIPCION":"Esquina con c/ Deva","DIRECCION":"CALLE EBRO, 6 ","URL":null,"EMAIL":null,"CONTACTO":null,"HORARIOS":null,"PRECIOS":null,"TITULARIDAD":"MUNICIPAL","TARJETAJOVEN":"No","ACCESOPMR":"No","NROPLAZAS":"1","TOTALPLAZAS":2151}},{"type":"Feature","id":"da_aparcamientosMovilidadReducida.fid--175d4967_1a0508ab86c_a50","geometry":{"type":"Point","coordinates":[-4.43286896,36.74004749,0]},"geometry_name":"SDOGEOMETRIA","properties":{"ID":67122,"NOMBRE":"APARCAPMR_023","DESCRIPCION":"Aparcamientos","DIRECCION":"CALLE EBRO, 6 ","URL":null,"EMAIL":null,"CONTACTO":null,"HORARIOS":null,"PRECIOS":null,"TITULARIDAD":"MUNICIPAL","TARJETAJOVEN":"No","ACCESOPMR":"No","NROPLAZAS":"2","TOTALPLAZAS":2151}},{"type":"Feature","id":"da_aparcamientosMovilidadReducida.fid--175d4967_1a0508ab86c_a51","geometry":{"type":"Point","coordinates":[-4.43272579,36.74005194,0]},"geometry_name":"SDOGEOMETRIA","properties":{"ID":75827,"NOMBRE":"APARCAPMR_1306","DESCRIPCION":null,"DIRECCION":"CALLE EBRO, 10 ","URL":null,"EMAIL":null,"CONTACTO":null,"HORARIOS":null,"PRECIOS":null,"TITULARIDAD":"MUNICIPAL","TARJETAJOVEN":"No","ACCESOPMR":"No","NROPLAZAS":"1","TOTALPLAZAS":2151}},{"type":"Feature","id":"da_aparcamientosMovilidadReducida.fid--175d4967_1a0508ab86c_a52","geometry":{"type":"Point","coordinates":[-4.36814756,36.72544888,0]},"geometry_name":"SDOGEOMETRIA","properties":{"ID":77783,"NOMBRE":"APARCAPMR_1329","DESCRIPCION":"C/ Manuel de Palacio esquina con la C/ Octavio Picón","DIRECCION":"CALLE MANUEL DE PALACIO, 27 ","URL":null,"EMAIL":null,"CONTACTO":null,"HORARIOS":null,"PRECIOS":null,"TITULARIDAD":"MUNICIPAL","TARJETAJOVEN":"No","ACCESOPMR":"No","NROPLAZAS":"1","TOTALPLAZAS":2151}},{"type":"Feature","id":"da_aparcamientosMovilidadReducida.fid--175d4967_1a0508ab86c_a53","geometry":{"type":"Point","coordinates":[-4.50312075,36.66624172,0]},"geometry_name":"SDOGEOMETRIA","properties":{"ID":77787,"NOMBRE":"APARCAPMR_1333","DESCRIPCION":"C/ Maestro Vert esquina con C/ Los Gavilanes","DIRECCION":"CALLE DEL MAESTRO VERT, 2 ","URL":null,"EMAIL":null,"CONTACTO":null,"HORARIOS":null,"PRECIOS":null,"TITULARIDAD":"MUNICIPAL","TARJETAJOVEN":"No","ACCESOPMR":"No","NROPLAZAS":"1","TOTALPLAZAS":2151}},{"type":"Feature","id":"da_aparcamientosMovilidadReducida.fid--175d4967_1a0508ab86c_a54","geometry":{"type":"Point","coordinates":[-4.49868947,36.66491422,0]},"geometry_name":"SDOGEOMETRIA","properties":{"ID":66523,"NOMBRE":"APARCAPMR_535","DESCRIPCION":"Delante del Cento de Salud","DIRECCION":"CALLE ENRIQUE VAN DULKEN, 9 ","URL":null,"EMAIL":null,"CONTACTO":null,"HORARIOS":null,"PRECIOS":null,"TITULARIDAD":"MUNICIPAL","TARJETAJOVEN":"No","ACCESOPMR":"No","NROPLAZAS":"2","TOTALPLAZAS":2151}},{"type":"Feature","id":"da_aparcamientosMovilidadReducida.fid--175d4967_1a0508ab86c_a55","geometry":{"type":"Point","coordinates":[-4.37056035,36.72293365,0]},"geometry_name":"SDOGEOMETRIA","properties":{"ID":66532,"NOMBRE":"APARCAPMR_656","DESCRIPCION":"Esquina con Cl. San Mateo","DIRECCION":"CALLE PINTOR MARTÍNEZ CUBELLS, 10 ","URL":null,"EMAIL":null,"CONTACTO":null,"HORARIOS":null,"PRECIOS":null,"TITULARIDAD":"MUNICIPAL","TARJETAJOVEN":"No","ACCESOPMR":"No","NROPLAZAS":"1","TOTALPLAZAS":2151}},{"type":"Feature","id":"da_aparcamientosMovilidadReducida.fid--175d4967_1a0508ab86c_a56","geometry":{"type":"Point","coordinates":[-4.492051,36.74393204,0]},"geometry_name":"SDOGEOMETRIA","properties":{"ID":66420,"NOMBRE":"APARCAPMR_1044","DESCRIPCION":"Esq. con Cl. Bolina","DIRECCION":"CALLE RETAMA, 7 ","URL":null,"EMAIL":null,"CONTACTO":null,"HORARIOS":null,"PRECIOS":null,"TITULARIDAD":"MUNICIPAL","TARJETAJOVEN":"No","ACCESOPMR":"No","NROPLAZAS":"2","TOTALPLAZAS":2151}},{"type":"Feature","id":"da_aparcamientosMovilidadReducida.fid--175d4967_1a0508ab86c_a57","geometry":{"type":"Point","coordinates":[-4.468886,36.72535804,0]},"geometry_name":"SDOGEOMETRIA","properties":{"ID":66856,"NOMBRE":"APARCAPMR_951","DESCRIPCION":"Esquina calle Nestor Almendros","DIRECCION":"CALLE JUANA CASTRO, 4 ","URL":null,"EMAIL":null,"CONTACTO":null,"HORARIOS":null,"PRECIOS":null,"TITULARIDAD":"MUNICIPAL","TARJETAJOVEN":"No","ACCESOPMR":"No","NROPLAZAS":"1","TOTALPLAZAS":2151}},{"type":"Feature","id":"da_aparcamientosMovilidadReducida.fid--175d4967_1a0508ab86c_a58","geometry":{"type":"Point","coordinates":[-4.48164672,36.73777289,0]},"geometry_name":"SDOGEOMETRIA","properties":{"ID":66932,"NOMBRE":"APARCAPMR_081","DESCRIPCION":"Esquina con c/ Boccacio","DIRECCION":"AVENIDA DE ANDERSEN, 3 ","URL":null,"EMAIL":null,"CONTACTO":null,"HORARIOS":null,"PRECIOS":null,"TITULARIDAD":"MUNICIPAL","TARJETAJOVEN":"No","ACCESOPMR":"No","NROPLAZAS":"2","TOTALPLAZAS":2151}},{"type":"Feature","id":"da_aparcamientosMovilidadReducida.fid--175d4967_1a0508ab86c_a59","geometry":{"type":"Point","coordinates":[-4.48214877,36.7372487,0]},"geometry_name":"SDOGEOMETRIA","properties":{"ID":80991,"NOMBRE":"APARCAPMR__748","DESCRIPCION":null,"DIRECCION":"AVENIDA DE ANDERSEN, 21 ","URL":null,"EMAIL":null,"CONTACTO":null,"HORARIOS":null,"PRECIOS":null,"TITULARIDAD":"MUNICIPAL","TARJETAJOVEN":"No","ACCESOPMR":"No","NROPLAZAS":"2","TOTALPLAZAS":2151}},{"type":"Feature","id":"da_aparcamientosMovilidadReducida.fid--175d4967_1a0508ab86c_a5a","geometry":{"type":"Point","coordinates":[-4.48155117,36.72339634,0]},"geometry_name":"SDOGEOMETRIA","properties":{"ID":66784,"NOMBRE":"APARCAPMR_156","DESCRIPCION":"A la altura del nº 5","DIRECCION":"CALLE ESQUILO, 19 ","URL":null,"EMAIL":null,"CONTACTO":null,"HORARIOS":null,"PRECIOS":null,"TITULARIDAD":"MUNICIPAL","TARJETAJOVEN":"No","ACCESOPMR":"No","NROPLAZAS":"3","TOTALPLAZAS":2151}},{"type":"Feature","id":"da_aparcamientosMovilidadReducida.fid--175d4967_1a0508ab86c_a5b","geometry":{"type":"Point","coordinates":[-4.4853998,36.73989708,0]},"geometry_name":"SDOGEOMETRIA","properties":{"ID":66567,"NOMBRE":"APARCAPMR_712","DESCRIPCION":"Esquina con Cl. Oro","DIRECCION":"CALLE ORO, 2 ","URL":null,"EMAIL":null,"CONTACTO":null,"HORARIOS":null,"PRECIOS":null,"TITULARIDAD":"MUNICIPAL","TARJETAJOVEN":"No","ACCESOPMR":"No","NROPLAZAS":"1","TOTALPLAZAS":2151}},{"type":"Feature","id":"da_aparcamientosMovilidadReducida.fid--175d4967_1a0508ab86c_a5c","geometry":{"type":"Point","coordinates":[-4.47901014,36.73441156,0]},"geometry_name":"SDOGEOMETRIA","properties":{"ID":66455,"NOMBRE":"APARCAPMR_1274","DESCRIPCION":"esquina con Avda. Manuel Rodríguez","DIRECCION":"CALLE ABETOS, 2 ","URL":null,"EMAIL":null,"CONTACTO":null,"HORARIOS":null,"PRECIOS":null,"TITULARIDAD":"MUNICIPAL","TARJETAJOVEN":"No","ACCESOPMR":"No","NROPLAZAS":"1","TOTALPLAZAS":2151}},{"type":"Feature","id":"da_aparcamientosMovilidadReducida.fid--175d4967_1a0508ab86c_a5d","geometry":{"type":"Point","coordinates":[-4.48131245,36.72356165,0]},"geometry_name":"SDOGEOMETRIA","properties":{"ID":80622,"NOMBRE":"APARCAPMR_1450","DESCRIPCION":" C/ Esquilo, Nº 21","DIRECCION":"CALLE ESQUILO, 21 ","URL":null,"EMAIL":null,"CONTACTO":null,"HORARIOS":null,"PRECIOS":null,"TITULARIDAD":"MUNICIPAL","TARJETAJOVEN":"No","ACCESOPMR":"No","NROPLAZAS":"1","TOTALPLAZAS":2151}},{"type":"Feature","id":"da_aparcamientosMovilidadReducida.fid--175d4967_1a0508ab86c_a5e","geometry":{"type":"Point","coordinates":[-4.479599,36.73435104,0]},"geometry_name":"SDOGEOMETRIA","properties":{"ID":66814,"NOMBRE":"APARCAPMR_897","DESCRIPCION":"C/ Forja con Avda. Manuel Rodríguez","DIRECCION":"CALLE FORJA, 1 ","URL":null,"EMAIL":null,"CONTACTO":null,"HORARIOS":null,"PRECIOS":null,"TITULARIDAD":"MUNICIPAL","TARJETAJOVEN":"No","ACCESOPMR":"No","NROPLAZAS":"1","TOTALPLAZAS":2151}},{"type":"Feature","id":"da_aparcamientosMovilidadReducida.fid--175d4967_1a0508ab86c_a5f","geometry":{"type":"Point","coordinates":[-4.45262924,36.68779107,0]},"geometry_name":"SDOGEOMETRIA","properties":{"ID":67259,"NOMBRE":"APARCAPMR_241","DESCRIPCION":"Esquina con c/ Luis Armiñán Pérez","DIRECCION":"CAMINO DEL PATO, 40 ","URL":null,"EMAIL":null,"CONTACTO":null,"HORARIOS":null,"PRECIOS":null,"TITULARIDAD":"MUNICIPAL","TARJETAJOVEN":"No","ACCESOPMR":"No","NROPLAZAS":"1","TOTALPLAZAS":2151}},{"type":"Feature","id":"da_aparcamientosMovilidadReducida.fid--175d4967_1a0508ab86c_a60","geometry":{"type":"Point","coordinates":[-4.44203854,36.7121254,0]},"geometry_name":"SDOGEOMETRIA","properties":{"ID":67135,"NOMBRE":"APARCAPMR_146","DESCRIPCION":"A la altura del nº 3","DIRECCION":"AVENIDA DE JOSÉ ORTEGA Y GASSET, 6 ","URL":null,"EMAIL":null,"CONTACTO":null,"HORARIOS":null,"PRECIOS":null,"TITULARIDAD":"MUNICIPAL","TARJETAJOVEN":"No","ACCESOPMR":"No","NROPLAZAS":"1","TOTALPLAZAS":2151}},{"type":"Feature","id":"da_aparcamientosMovilidadReducida.fid--175d4967_1a0508ab86c_a61","geometry":{"type":"Point","coordinates":[-4.42412205,36.71392939,0]},"geometry_name":"SDOGEOMETRIA","properties":{"ID":67220,"NOMBRE":"APARCAPMR_22","DESCRIPCION":"Esquina con Alameda de Colón","DIRECCION":"ALAMEDA DE COLÓN, 19 ","URL":null,"EMAIL":null,"CONTACTO":null,"HORARIOS":null,"PRECIOS":null,"TITULARIDAD":"MUNICIPAL","TARJETAJOVEN":"No","ACCESOPMR":"No","NROPLAZAS":"2","TOTALPLAZAS":2151}},{"type":"Feature","id":"da_aparcamientosMovilidadReducida.fid--175d4967_1a0508ab86c_a62","geometry":{"type":"Point","coordinates":[-4.464939,36.66906804,0]},"geometry_name":"SDOGEOMETRIA","properties":{"ID":66184,"NOMBRE":"APARCAPMR_722","DESCRIPCION":"Frente al nº 2","DIRECCION":"CALLE GUADALHORCE, 2 ","URL":null,"EMAIL":null,"CONTACTO":null,"HORARIOS":null,"PRECIOS":null,"TITULARIDAD":"MUNICIPAL","TARJETAJOVEN":"No","ACCESOPMR":"No","NROPLAZAS":"2","TOTALPLAZAS":2151}},{"type":"Feature","id":"da_aparcamientosMovilidadReducida.fid--175d4967_1a0508ab86c_a63","geometry":{"type":"Point","coordinates":[-4.45727348,36.69779627,0]},"geometry_name":"SDOGEOMETRIA","properties":{"ID":66501,"NOMBRE":"APARCAPMR_250","DESCRIPCION":"Esquina con c/ Campitos","DIRECCION":"CALLE CALERITO, 3 ","URL":null,"EMAIL":null,"CONTACTO":null,"HORARIOS":null,"PRECIOS":null,"TITULARIDAD":"MUNICIPAL","TARJETAJOVEN":"No","ACCESOPMR":"No","NROPLAZAS":"2","TOTALPLAZAS":2151}},{"type":"Feature","id":"da_aparcamientosMovilidadReducida.fid--175d4967_1a0508ab86c_a64","geometry":{"type":"Point","coordinates":[-4.45776097,36.69844306,0]},"geometry_name":"SDOGEOMETRIA","properties":{"ID":66792,"NOMBRE":"APARCAPMR_423","DESCRIPCION":"Esquina con c/ Jerusalén","DIRECCION":"CALLE CALERITO, 13 ","URL":null,"EMAIL":null,"CONTACTO":null,"HORARIOS":null,"PRECIOS":null,"TITULARIDAD":"MUNICIPAL","TARJETAJOVEN":"No","ACCESOPMR":"No","NROPLAZAS":"1","TOTALPLAZAS":2151}},{"type":"Feature","id":"da_aparcamientosMovilidadReducida.fid--175d4967_1a0508ab86c_a65","geometry":{"type":"Point","coordinates":[-4.4869649,36.70787441,0]},"geometry_name":"SDOGEOMETRIA","properties":{"ID":66203,"NOMBRE":"APARCAPMR_1192","DESCRIPCION":null,"DIRECCION":"CALLE DANIEL BLANXART, 21 ","URL":null,"EMAIL":null,"CONTACTO":null,"HORARIOS":null,"PRECIOS":null,"TITULARIDAD":"MUNICIPAL","TARJETAJOVEN":"No","ACCESOPMR":"No","NROPLAZAS":"1","TOTALPLAZAS":2151}},{"type":"Feature","id":"da_aparcamientosMovilidadReducida.fid--175d4967_1a0508ab86c_a66","geometry":{"type":"Point","coordinates":[-4.48908481,36.70808228,0]},"geometry_name":"SDOGEOMETRIA","properties":{"ID":66575,"NOMBRE":"APARCAPMR_1290","DESCRIPCION":null,"DIRECCION":"CALLE DANIEL BLANXART, 4 ","URL":null,"EMAIL":null,"CONTACTO":null,"HORARIOS":null,"PRECIOS":null,"TITULARIDAD":"MUNICIPAL","TARJETAJOVEN":"No","ACCESOPMR":"No","NROPLAZAS":"1","TOTALPLAZAS":2151}},{"type":"Feature","id":"da_aparcamientosMovilidadReducida.fid--175d4967_1a0508ab86c_a67","geometry":{"type":"Point","coordinates":[-4.43909548,36.72509318,0]},"geometry_name":"SDOGEOMETRIA","properties":{"ID":67116,"NOMBRE":"APARCAPMR_049","DESCRIPCION":"Esquina con Cl. José María Copello","DIRECCION":"CALLE JOSÉ MARÍA COOPELLO, 30 ","URL":null,"EMAIL":null,"CONTACTO":null,"HORARIOS":null,"PRECIOS":null,"TITULARIDAD":"MUNICIPAL","TARJETAJOVEN":"No","ACCESOPMR":"No","NROPLAZAS":"2","TOTALPLAZAS":2151}},{"type":"Feature","id":"da_aparcamientosMovilidadReducida.fid--175d4967_1a0508ab86c_a68","geometry":{"type":"Point","coordinates":[-4.45666734,36.66579428,0]},"geometry_name":"SDOGEOMETRIA","properties":{"ID":77269,"NOMBRE":"APARCAPMR_1317","DESCRIPCION":"C/ Manuel Curros Enríquez esquina con C/ Guadalhorce","DIRECCION":"CALLE MANUEL CURROS ENRÍQUEZ, 1 ","URL":null,"EMAIL":null,"CONTACTO":null,"HORARIOS":null,"PRECIOS":null,"TITULARIDAD":"MUNICIPAL","TARJETAJOVEN":"No","ACCESOPMR":"No","NROPLAZAS":"1","TOTALPLAZAS":2151}},{"type":"Feature","id":"da_aparcamientosMovilidadReducida.fid--175d4967_1a0508ab86c_a69","geometry":{"type":"Point","coordinates":[-4.47663221,36.72135279,0]},"geometry_name":"SDOGEOMETRIA","properties":{"ID":66557,"NOMBRE":"APARCAPMR_685","DESCRIPCION":"Esquina con c/ Andromeda","DIRECCION":"AVENIDA DE PLUTARCO, 69 ","URL":null,"EMAIL":null,"CONTACTO":null,"HORARIOS":null,"PRECIOS":null,"TITULARIDAD":"MUNICIPAL","TARJETAJOVEN":"No","ACCESOPMR":"No","NROPLAZAS":"1","TOTALPLAZAS":2151}},{"type":"Feature","id":"da_aparcamientosMovilidadReducida.fid--175d4967_1a0508ab86c_a6a","geometry":{"type":"Point","coordinates":[-4.439079,36.70495204,0]},"geometry_name":"SDOGEOMETRIA","properties":{"ID":66326,"NOMBRE":"APARCAPMR_857","DESCRIPCION":null,"DIRECCION":"CALLE HÉROE DE SOSTOA, 95 ","URL":null,"EMAIL":null,"CONTACTO":null,"HORARIOS":null,"PRECIOS":null,"TITULARIDAD":"MUNICIPAL","TARJETAJOVEN":"No","ACCESOPMR":"No","NROPLAZAS":"1","TOTALPLAZAS":2151}},{"type":"Feature","id":"da_aparcamientosMovilidadReducida.fid--175d4967_1a0508ab86c_a6b","geometry":{"type":"Point","coordinates":[-4.460067,36.66826567,0]},"geometry_name":"SDOGEOMETRIA","properties":{"ID":66623,"NOMBRE":"APARCAPMR_644","DESCRIPCION":"A la altura del nº 30","DIRECCION":"CALLE CAMPANILLAS, 25 ","URL":null,"EMAIL":null,"CONTACTO":null,"HORARIOS":null,"PRECIOS":null,"TITULARIDAD":"MUNICIPAL","TARJETAJOVEN":"No","ACCESOPMR":"No","NROPLAZAS":"1","TOTALPLAZAS":2151}},{"type":"Feature","id":"da_aparcamientosMovilidadReducida.fid--175d4967_1a0508ab86c_a6c","geometry":{"type":"Point","coordinates":[-4.43673132,36.72587948,0]},"geometry_name":"SDOGEOMETRIA","properties":{"ID":66837,"NOMBRE":"APARCAPMR_1287","DESCRIPCION":"C/ Domingo Lozano esq. C/ Berrocal","DIRECCION":"CALLE DOMINGO LOZANO, 30 ","URL":null,"EMAIL":null,"CONTACTO":null,"HORARIOS":null,"PRECIOS":null,"TITULARIDAD":"MUNICIPAL","TARJETAJOVEN":"No","ACCESOPMR":"No","NROPLAZAS":"1","TOTALPLAZAS":2151}},{"type":"Feature","id":"da_aparcamientosMovilidadReducida.fid--175d4967_1a0508ab86c_a6d","geometry":{"type":"Point","coordinates":[-4.488804,36.74394504,0]},"geometry_name":"SDOGEOMETRIA","properties":{"ID":66752,"NOMBRE":"APARCAPMR_984","DESCRIPCION":"Esquina Plaza Donizetti","DIRECCION":"CALLE DE HELIO, 6 ","URL":null,"EMAIL":null,"CONTACTO":null,"HORARIOS":null,"PRECIOS":null,"TITULARIDAD":"MUNICIPAL","TARJETAJOVEN":"No","ACCESOPMR":"No","NROPLAZAS":"1","TOTALPLAZAS":2151}},{"type":"Feature","id":"da_aparcamientosMovilidadReducida.fid--175d4967_1a0508ab86c_a6e","geometry":{"type":"Point","coordinates":[-4.482234,36.73258804,0]},"geometry_name":"SDOGEOMETRIA","properties":{"ID":66812,"NOMBRE":"APARCAPMR_990","DESCRIPCION":"Intersección con la calle Águila","DIRECCION":"CALLE CRISTO DE LOS MILAGROS, 16 ","URL":null,"EMAIL":null,"CONTACTO":null,"HORARIOS":null,"PRECIOS":null,"TITULARIDAD":"MUNICIPAL","TARJETAJOVEN":"No","ACCESOPMR":"No","NROPLAZAS":"2","TOTALPLAZAS":2151}},{"type":"Feature","id":"da_aparcamientosMovilidadReducida.fid--175d4967_1a0508ab86c_a6f","geometry":{"type":"Point","coordinates":[-4.48074567,36.7342928,4066419.21942369]},"geometry_name":"SDOGEOMETRIA","properties":{"ID":76811,"NOMBRE":"APARCAPMR_1257","DESCRIPCION":null,"DIRECCION":"CALLE CANARIOS, 9 ","URL":null,"EMAIL":null,"CONTACTO":null,"HORARIOS":null,"PRECIOS":null,"TITULARIDAD":"MUNICIPAL","TARJETAJOVEN":"No","ACCESOPMR":"No","NROPLAZAS":"1","TOTALPLAZAS":2151}},{"type":"Feature","id":"da_aparcamientosMovilidadReducida.fid--175d4967_1a0508ab86c_a70","geometry":{"type":"Point","coordinates":[-4.4842146,36.73686901,0]},"geometry_name":"SDOGEOMETRIA","properties":{"ID":76812,"NOMBRE":"APARCAPMR_666","DESCRIPCION":null,"DIRECCION":"CALLE PLAUTO, 3 ","URL":null,"EMAIL":null,"CONTACTO":null,"HORARIOS":null,"PRECIOS":null,"TITULARIDAD":"MUNICIPAL","TARJETAJOVEN":"No","ACCESOPMR":"No","NROPLAZAS":"1","TOTALPLAZAS":2151}},{"type":"Feature","id":"da_aparcamientosMovilidadReducida.fid--175d4967_1a0508ab86c_a71","geometry":{"type":"Point","coordinates":[-4.48590477,36.73478537,0]},"geometry_name":"SDOGEOMETRIA","properties":{"ID":66219,"NOMBRE":"APARCAPMR_1151","DESCRIPCION":"Esq. Cl. Petunia.","DIRECCION":"CALLE PLAUTO, 20 ","URL":null,"EMAIL":null,"CONTACTO":null,"HORARIOS":null,"PRECIOS":null,"TITULARIDAD":"MUNICIPAL","TARJETAJOVEN":"No","ACCESOPMR":"No","NROPLAZAS":"1","TOTALPLAZAS":2151}},{"type":"Feature","id":"da_aparcamientosMovilidadReducida.fid--175d4967_1a0508ab86c_a72","geometry":{"type":"Point","coordinates":[-4.48575238,36.73508521,0]},"geometry_name":"SDOGEOMETRIA","properties":{"ID":81060,"NOMBRE":"APARCAPMR_1321","DESCRIPCION":null,"DIRECCION":"CALLE PLAUTO, 18 ","URL":null,"EMAIL":null,"CONTACTO":null,"HORARIOS":null,"PRECIOS":null,"TITULARIDAD":"MUNICIPAL","TARJETAJOVEN":"No","ACCESOPMR":"No","NROPLAZAS":"1","TOTALPLAZAS":2151}},{"type":"Feature","id":"da_aparcamientosMovilidadReducida.fid--175d4967_1a0508ab86c_a73","geometry":{"type":"Point","coordinates":[-4.48081255,36.72621861,0]},"geometry_name":"SDOGEOMETRIA","properties":{"ID":66678,"NOMBRE":"APARCAPMR_570","DESCRIPCION":"Esquina Mercedes Llopart. Frente al colegio Féliz Revollo de Toro","DIRECCION":"AVENIDA MARÍA VICTORIA ATENCIA, 1 ","URL":null,"EMAIL":null,"CONTACTO":null,"HORARIOS":null,"PRECIOS":null,"TITULARIDAD":"MUNICIPAL","TARJETAJOVEN":"No","ACCESOPMR":"No","NROPLAZAS":"2","TOTALPLAZAS":2151}},{"type":"Feature","id":"da_aparcamientosMovilidadReducida.fid--175d4967_1a0508ab86c_a74","geometry":{"type":"Point","coordinates":[-4.56832632,36.73144888,0]},"geometry_name":"SDOGEOMETRIA","properties":{"ID":66694,"NOMBRE":"APARCAPMR_581","DESCRIPCION":"Junto a la biblioteca. Frente al nº 2","DIRECCION":"PLAZA DE EL SALVADOR, 4 ","URL":null,"EMAIL":null,"CONTACTO":null,"HORARIOS":null,"PRECIOS":null,"TITULARIDAD":"MUNICIPAL","TARJETAJOVEN":"No","ACCESOPMR":"No","NROPLAZAS":"2","TOTALPLAZAS":2151}},{"type":"Feature","id":"da_aparcamientosMovilidadReducida.fid--175d4967_1a0508ab86c_a75","geometry":{"type":"Point","coordinates":[-4.45046604,36.69101623,0]},"geometry_name":"SDOGEOMETRIA","properties":{"ID":66925,"NOMBRE":"APARCAPMR_478","DESCRIPCION":"Puerta del Instituto Victoria Kent","DIRECCION":"CAMINO DEL PATO, 8 ","URL":null,"EMAIL":null,"CONTACTO":null,"HORARIOS":null,"PRECIOS":null,"TITULARIDAD":"MUNICIPAL","TARJETAJOVEN":"No","ACCESOPMR":"No","NROPLAZAS":"2","TOTALPLAZAS":2151}},{"type":"Feature","id":"da_aparcamientosMovilidadReducida.fid--175d4967_1a0508ab86c_a76","geometry":{"type":"Point","coordinates":[-4.543997,36.72601204,0]},"geometry_name":"SDOGEOMETRIA","properties":{"ID":66698,"NOMBRE":"APARCAPMR_979","DESCRIPCION":"Esquina calle Montazgo","DIRECCION":"CARRIL DE SEGOVIA, 26 ","URL":null,"EMAIL":null,"CONTACTO":null,"HORARIOS":null,"PRECIOS":null,"TITULARIDAD":"MUNICIPAL","TARJETAJOVEN":"No","ACCESOPMR":"No","NROPLAZAS":"1","TOTALPLAZAS":2151}},{"type":"Feature","id":"da_aparcamientosMovilidadReducida.fid--175d4967_1a0508ab86c_a77","geometry":{"type":"Point","coordinates":[-4.54973996,36.72790027,0]},"geometry_name":"SDOGEOMETRIA","properties":{"ID":67280,"NOMBRE":"APARCAPMR_494","DESCRIPCION":"Esquina con c/ Mateo Flecha","DIRECCION":"CALLE DE PENÉLOPE, 48 ","URL":null,"EMAIL":null,"CONTACTO":null,"HORARIOS":null,"PRECIOS":null,"TITULARIDAD":"MUNICIPAL","TARJETAJOVEN":"No","ACCESOPMR":"No","NROPLAZAS":"2","TOTALPLAZAS":2151}},{"type":"Feature","id":"da_aparcamientosMovilidadReducida.fid--175d4967_1a0508ab86c_a78","geometry":{"type":"Point","coordinates":[-4.48102994,36.73753231,0]},"geometry_name":"SDOGEOMETRIA","properties":{"ID":66165,"NOMBRE":"APARCAPMR_1179","DESCRIPCION":"Esq. C/Boccacio","DIRECCION":"CALLE ESCRITORA ANA MARÍA MATUTE, 5 ","URL":null,"EMAIL":null,"CONTACTO":null,"HORARIOS":null,"PRECIOS":null,"TITULARIDAD":"MUNICIPAL","TARJETAJOVEN":"No","ACCESOPMR":"No","NROPLAZAS":"1","TOTALPLAZAS":2151}},{"type":"Feature","id":"da_aparcamientosMovilidadReducida.fid--175d4967_1a0508ab86c_a79","geometry":{"type":"Point","coordinates":[-4.4390273,36.70059638,0]},"geometry_name":"SDOGEOMETRIA","properties":{"ID":77993,"NOMBRE":"APARCAPMR_1369","DESCRIPCION":"Esquina Av. Sor Teresa Prat","DIRECCION":"CALLE CARLOS REIN, 2 ","URL":null,"EMAIL":null,"CONTACTO":null,"HORARIOS":null,"PRECIOS":null,"TITULARIDAD":"MUNICIPAL","TARJETAJOVEN":"No","ACCESOPMR":"No","NROPLAZAS":"1","TOTALPLAZAS":2151}},{"type":"Feature","id":"da_aparcamientosMovilidadReducida.fid--175d4967_1a0508ab86c_a7a","geometry":{"type":"Point","coordinates":[-4.43926414,36.72719196,0]},"geometry_name":"SDOGEOMETRIA","properties":{"ID":66835,"NOMBRE":"APARCAPMR_1286","DESCRIPCION":null,"DIRECCION":"CALLE JAMAICA, 8 ","URL":null,"EMAIL":null,"CONTACTO":null,"HORARIOS":null,"PRECIOS":null,"TITULARIDAD":"MUNICIPAL","TARJETAJOVEN":"No","ACCESOPMR":"No","NROPLAZAS":"1","TOTALPLAZAS":2151}},{"type":"Feature","id":"da_aparcamientosMovilidadReducida.fid--175d4967_1a0508ab86c_a7b","geometry":{"type":"Point","coordinates":[-4.47490096,36.74322591,0]},"geometry_name":"SDOGEOMETRIA","properties":{"ID":67171,"NOMBRE":"APARCAPMR_747","DESCRIPCION":null,"DIRECCION":"CALLE DEL TROMBÓN, 56 ","URL":null,"EMAIL":null,"CONTACTO":null,"HORARIOS":null,"PRECIOS":null,"TITULARIDAD":"MUNICIPAL","TARJETAJOVEN":"No","ACCESOPMR":"No","NROPLAZAS":"1","TOTALPLAZAS":2151}},{"type":"Feature","id":"da_aparcamientosMovilidadReducida.fid--175d4967_1a0508ab86c_a7c","geometry":{"type":"Point","coordinates":[-4.46901731,36.71131529,0]},"geometry_name":"SDOGEOMETRIA","properties":{"ID":66432,"NOMBRE":"APARCAPMR_1193","DESCRIPCION":"Esq. C/ Sigfrido","DIRECCION":"CALLE MAREA BAJA, 9 ","URL":null,"EMAIL":null,"CONTACTO":null,"HORARIOS":null,"PRECIOS":null,"TITULARIDAD":"MUNICIPAL","TARJETAJOVEN":"No","ACCESOPMR":"No","NROPLAZAS":"1","TOTALPLAZAS":2151}},{"type":"Feature","id":"da_aparcamientosMovilidadReducida.fid--175d4967_1a0508ab86c_a7d","geometry":{"type":"Point","coordinates":[-4.470106,36.71139204,0]},"geometry_name":"SDOGEOMETRIA","properties":{"ID":66584,"NOMBRE":"APARCAPMR_898","DESCRIPCION":null,"DIRECCION":"CALLE MAREA BAJA, 21 ","URL":null,"EMAIL":null,"CONTACTO":null,"HORARIOS":null,"PRECIOS":null,"TITULARIDAD":"MUNICIPAL","TARJETAJOVEN":"No","ACCESOPMR":"No","NROPLAZAS":"1","TOTALPLAZAS":2151}},{"type":"Feature","id":"da_aparcamientosMovilidadReducida.fid--175d4967_1a0508ab86c_a7e","geometry":{"type":"Point","coordinates":[-4.4430162,36.72085253,0]},"geometry_name":"SDOGEOMETRIA","properties":{"ID":67153,"NOMBRE":"APARCAPMR_245","DESCRIPCION":"Esquina con c/ Virgen de las Flores","DIRECCION":"CALLE ARGÉNTEA, 1 ","URL":null,"EMAIL":null,"CONTACTO":null,"HORARIOS":null,"PRECIOS":null,"TITULARIDAD":"MUNICIPAL","TARJETAJOVEN":"No","ACCESOPMR":"No","NROPLAZAS":"1","TOTALPLAZAS":2151}},{"type":"Feature","id":"da_aparcamientosMovilidadReducida.fid--175d4967_1a0508ab86c_a7f","geometry":{"type":"Point","coordinates":[-4.43357483,36.73556858,0]},"geometry_name":"SDOGEOMETRIA","properties":{"ID":66867,"NOMBRE":"APARCAPMR_586","DESCRIPCION":"Esquina con Av. Simón Bolívar","DIRECCION":"CALLE DE MÁXIMO GORKY, 2 ","URL":null,"EMAIL":null,"CONTACTO":null,"HORARIOS":null,"PRECIOS":null,"TITULARIDAD":"MUNICIPAL","TARJETAJOVEN":"No","ACCESOPMR":"No","NROPLAZAS":"2","TOTALPLAZAS":2151}},{"type":"Feature","id":"da_aparcamientosMovilidadReducida.fid--175d4967_1a0508ab86c_a80","geometry":{"type":"Point","coordinates":[-4.441175,36.72953804,0]},"geometry_name":"SDOGEOMETRIA","properties":{"ID":66838,"NOMBRE":"APARCAPMR_1048","DESCRIPCION":"Esq. con Cl. Miragladiolos","DIRECCION":"CALLE JUAN ANTONIO TERCERO, 8 ","URL":null,"EMAIL":null,"CONTACTO":null,"HORARIOS":null,"PRECIOS":null,"TITULARIDAD":"MUNICIPAL","TARJETAJOVEN":"No","ACCESOPMR":"No","NROPLAZAS":"2","TOTALPLAZAS":2151}},{"type":"Feature","id":"da_aparcamientosMovilidadReducida.fid--175d4967_1a0508ab86c_a81","geometry":{"type":"Point","coordinates":[-4.43464391,36.70856868,0]},"geometry_name":"SDOGEOMETRIA","properties":{"ID":78795,"NOMBRE":"APARCAPMR_1402","DESCRIPCION":"C/ Héroe de Sostoa esquina con C/ Pulgar","DIRECCION":"CALLE HÉROE DE SOSTOA, 42 ","URL":null,"EMAIL":null,"CONTACTO":null,"HORARIOS":null,"PRECIOS":null,"TITULARIDAD":"MUNICIPAL","TARJETAJOVEN":"No","ACCESOPMR":"No","NROPLAZAS":"1","TOTALPLAZAS":2151}},{"type":"Feature","id":"da_aparcamientosMovilidadReducida.fid--175d4967_1a0508ab86c_a82","geometry":{"type":"Point","coordinates":[-4.4384104,36.70543074,0]},"geometry_name":"SDOGEOMETRIA","properties":{"ID":80737,"NOMBRE":"APARCAPMR_1459","DESCRIPCION":"C/ Héroe de Sostoa, Nº 85","DIRECCION":"CALLE HÉROE DE SOSTOA, 85 ","URL":null,"EMAIL":null,"CONTACTO":null,"HORARIOS":null,"PRECIOS":null,"TITULARIDAD":"MUNICIPAL","TARJETAJOVEN":"No","ACCESOPMR":"No","NROPLAZAS":"1","TOTALPLAZAS":2151}},{"type":"Feature","id":"da_aparcamientosMovilidadReducida.fid--175d4967_1a0508ab86c_a83","geometry":{"type":"Point","coordinates":[-4.46674034,36.72572792,0]},"geometry_name":"SDOGEOMETRIA","properties":{"ID":66663,"NOMBRE":"APARCAPMR_568","DESCRIPCION":"Esquina con c/ Tamayo y Baus","DIRECCION":"CALLE TAMAYO Y BAUS, 8 ","URL":null,"EMAIL":null,"CONTACTO":null,"HORARIOS":null,"PRECIOS":null,"TITULARIDAD":"MUNICIPAL","TARJETAJOVEN":"No","ACCESOPMR":"No","NROPLAZAS":"1","TOTALPLAZAS":2151}},{"type":"Feature","id":"da_aparcamientosMovilidadReducida.fid--175d4967_1a0508ab86c_a84","geometry":{"type":"Point","coordinates":[-4.46295868,36.69114439,0]},"geometry_name":"SDOGEOMETRIA","properties":{"ID":66717,"NOMBRE":"APARCAPMR_1232","DESCRIPCION":"C/ Licurgo esq. Pje. Amantillo","DIRECCION":"CALLE LICURGO, 28 ","URL":null,"EMAIL":null,"CONTACTO":null,"HORARIOS":null,"PRECIOS":null,"TITULARIDAD":"MUNICIPAL","TARJETAJOVEN":"No","ACCESOPMR":"No","NROPLAZAS":"1","TOTALPLAZAS":2151}},{"type":"Feature","id":"da_aparcamientosMovilidadReducida.fid--175d4967_1a0508ab86c_a85","geometry":{"type":"Point","coordinates":[-4.41520353,36.72497462,0]},"geometry_name":"SDOGEOMETRIA","properties":{"ID":66430,"NOMBRE":"APARCAPMR_1185","DESCRIPCION":null,"DIRECCION":"CALLE VICTORIA, 62 ","URL":null,"EMAIL":null,"CONTACTO":null,"HORARIOS":null,"PRECIOS":null,"TITULARIDAD":"MUNICIPAL","TARJETAJOVEN":"No","ACCESOPMR":"No","NROPLAZAS":"1","TOTALPLAZAS":2151}},{"type":"Feature","id":"da_aparcamientosMovilidadReducida.fid--175d4967_1a0508ab86c_a86","geometry":{"type":"Point","coordinates":[-4.46097024,36.72415693,0]},"geometry_name":"SDOGEOMETRIA","properties":{"ID":66886,"NOMBRE":"APARCAPMR_534","DESCRIPCION":"Esquina con c/ Flaubert","DIRECCION":"CALLE FLAUBERT, 2 ","URL":null,"EMAIL":null,"CONTACTO":null,"HORARIOS":null,"PRECIOS":null,"TITULARIDAD":"MUNICIPAL","TARJETAJOVEN":"No","ACCESOPMR":"No","NROPLAZAS":"1","TOTALPLAZAS":2151}},{"type":"Feature","id":"da_aparcamientosMovilidadReducida.fid--175d4967_1a0508ab86c_a87","geometry":{"type":"Point","coordinates":[-4.44836184,36.72233275,0]},"geometry_name":"SDOGEOMETRIA","properties":{"ID":67134,"NOMBRE":"APARCAPMR_303","DESCRIPCION":"Esquina con Avda. Santa Rosa de Lima","DIRECCION":"AVENIDA CARLOS DE HAYA, 67 ","URL":null,"EMAIL":null,"CONTACTO":null,"HORARIOS":null,"PRECIOS":null,"TITULARIDAD":"MUNICIPAL","TARJETAJOVEN":"No","ACCESOPMR":"No","NROPLAZAS":"1","TOTALPLAZAS":2151}},{"type":"Feature","id":"da_aparcamientosMovilidadReducida.fid--175d4967_1a0508ab86c_a88","geometry":{"type":"Point","coordinates":[-4.4752616,36.7406849,0]},"geometry_name":"SDOGEOMETRIA","properties":{"ID":74964,"NOMBRE":"APARCAPMR_1293","DESCRIPCION":null,"DIRECCION":"CALLE DEL TROMBÓN, 12 ","URL":null,"EMAIL":null,"CONTACTO":null,"HORARIOS":null,"PRECIOS":null,"TITULARIDAD":"MUNICIPAL","TARJETAJOVEN":"No","ACCESOPMR":"No","NROPLAZAS":"1","TOTALPLAZAS":2151}},{"type":"Feature","id":"da_aparcamientosMovilidadReducida.fid--175d4967_1a0508ab86c_a89","geometry":{"type":"Point","coordinates":[-4.44067817,36.70937212,0]},"geometry_name":"SDOGEOMETRIA","properties":{"ID":66541,"NOMBRE":"APARCAPMR_1175","DESCRIPCION":"esq. Gabriel de la Encina","DIRECCION":"CALLE REBOUL, 29 ","URL":null,"EMAIL":null,"CONTACTO":null,"HORARIOS":null,"PRECIOS":null,"TITULARIDAD":"MUNICIPAL","TARJETAJOVEN":"No","ACCESOPMR":"No","NROPLAZAS":"1","TOTALPLAZAS":2151}},{"type":"Feature","id":"da_aparcamientosMovilidadReducida.fid--175d4967_1a0508ab86c_a8a","geometry":{"type":"Point","coordinates":[-4.45513107,36.7090339,0]},"geometry_name":"SDOGEOMETRIA","properties":{"ID":67178,"NOMBRE":"APARCAPMR_347","DESCRIPCION":"Esquina con Cl. Alfarnate","DIRECCION":"CALLE ALFARNATE, 2 ","URL":null,"EMAIL":null,"CONTACTO":null,"HORARIOS":null,"PRECIOS":null,"TITULARIDAD":"MUNICIPAL","TARJETAJOVEN":"No","ACCESOPMR":"No","NROPLAZAS":"1","TOTALPLAZAS":2151}},{"type":"Feature","id":"da_aparcamientosMovilidadReducida.fid--175d4967_1a0508ab86c_a8b","geometry":{"type":"Point","coordinates":[-4.4536753,36.70975693,0]},"geometry_name":"SDOGEOMETRIA","properties":{"ID":67147,"NOMBRE":"APARCAPMR_215","DESCRIPCION":"Esquina con Cl. Ubrique","DIRECCION":"AVENIDA DE JOSÉ ORTEGA Y GASSET, 149 ","URL":null,"EMAIL":null,"CONTACTO":null,"HORARIOS":null,"PRECIOS":null,"TITULARIDAD":"MUNICIPAL","TARJETAJOVEN":"No","ACCESOPMR":"No","NROPLAZAS":"1","TOTALPLAZAS":2151}},{"type":"Feature","id":"da_aparcamientosMovilidadReducida.fid--175d4967_1a0508ab86c_a8c","geometry":{"type":"Point","coordinates":[-4.46515985,36.71108847,0]},"geometry_name":"SDOGEOMETRIA","properties":{"ID":66894,"NOMBRE":"APARCAPMR_601","DESCRIPCION":"Esquina con c/ Calixto y Melibea","DIRECCION":"CALLE DE QUASIMODO, 18 ","URL":null,"EMAIL":null,"CONTACTO":null,"HORARIOS":null,"PRECIOS":null,"TITULARIDAD":"MUNICIPAL","TARJETAJOVEN":"No","ACCESOPMR":"No","NROPLAZAS":"2","TOTALPLAZAS":2151}},{"type":"Feature","id":"da_aparcamientosMovilidadReducida.fid--175d4967_1a0508ab86c_a8d","geometry":{"type":"Point","coordinates":[-4.4672261,36.72277764,0]},"geometry_name":"SDOGEOMETRIA","properties":{"ID":66127,"NOMBRE":"APARCAPMR_808","DESCRIPCION":null,"DIRECCION":"CALLE MANUEL AMARO, 14 ","URL":null,"EMAIL":null,"CONTACTO":null,"HORARIOS":null,"PRECIOS":null,"TITULARIDAD":"MUNICIPAL","TARJETAJOVEN":"No","ACCESOPMR":"No","NROPLAZAS":"1","TOTALPLAZAS":2151}},{"type":"Feature","id":"da_aparcamientosMovilidadReducida.fid--175d4967_1a0508ab86c_a8e","geometry":{"type":"Point","coordinates":[-4.46708232,36.72888216,0]},"geometry_name":"SDOGEOMETRIA","properties":{"ID":66938,"NOMBRE":"APARCAPMR_285","DESCRIPCION":"Puerta del colegio.","DIRECCION":"CALLE TAMAYO Y BAUS, 43 ","URL":null,"EMAIL":null,"CONTACTO":null,"HORARIOS":null,"PRECIOS":null,"TITULARIDAD":"MUNICIPAL","TARJETAJOVEN":"No","ACCESOPMR":"No","NROPLAZAS":"2","TOTALPLAZAS":2151}},{"type":"Feature","id":"da_aparcamientosMovilidadReducida.fid--175d4967_1a0508ab86c_a8f","geometry":{"type":"Point","coordinates":[-4.44975391,36.71450724,0]},"geometry_name":"SDOGEOMETRIA","properties":{"ID":67161,"NOMBRE":"APARCAPMR_016","DESCRIPCION":"Junto a Dirección General de Policía","DIRECCION":"CALLE DE CONAN DOYLE, 7 ","URL":null,"EMAIL":null,"CONTACTO":null,"HORARIOS":null,"PRECIOS":null,"TITULARIDAD":"MUNICIPAL","TARJETAJOVEN":"No","ACCESOPMR":"No","NROPLAZAS":"2","TOTALPLAZAS":2151}},{"type":"Feature","id":"da_aparcamientosMovilidadReducida.fid--175d4967_1a0508ab86c_a90","geometry":{"type":"Point","coordinates":[-4.44981194,36.71728138,0]},"geometry_name":"SDOGEOMETRIA","properties":{"ID":66708,"NOMBRE":"APARCAPMR_122","DESCRIPCION":"A la altura del nº 2","DIRECCION":"CALLE CORREGIDOR JOSÉ VICIANA, 4 ","URL":null,"EMAIL":null,"CONTACTO":null,"HORARIOS":null,"PRECIOS":null,"TITULARIDAD":"MUNICIPAL","TARJETAJOVEN":"No","ACCESOPMR":"No","NROPLAZAS":"3","TOTALPLAZAS":2151}},{"type":"Feature","id":"da_aparcamientosMovilidadReducida.fid--175d4967_1a0508ab86c_a91","geometry":{"type":"Point","coordinates":[-4.46636228,36.7232154,0]},"geometry_name":"SDOGEOMETRIA","properties":{"ID":81011,"NOMBRE":"APARCAPMR__1432","DESCRIPCION":null,"DIRECCION":"CALLE PABLO BRUNA, 1 ","URL":null,"EMAIL":null,"CONTACTO":null,"HORARIOS":null,"PRECIOS":null,"TITULARIDAD":"MUNICIPAL","TARJETAJOVEN":"No","ACCESOPMR":"No","NROPLAZAS":"1","TOTALPLAZAS":2151}},{"type":"Feature","id":"da_aparcamientosMovilidadReducida.fid--175d4967_1a0508ab86c_a92","geometry":{"type":"Point","coordinates":[-4.4356318,36.70754224,0]},"geometry_name":"SDOGEOMETRIA","properties":{"ID":66279,"NOMBRE":"APARCAPMR_806","DESCRIPCION":"Frente a Cl. Río Guadajira.","DIRECCION":"CALLE HÉROE DE SOSTOA, 59 ","URL":null,"EMAIL":null,"CONTACTO":null,"HORARIOS":null,"PRECIOS":null,"TITULARIDAD":"MUNICIPAL","TARJETAJOVEN":"No","ACCESOPMR":"No","NROPLAZAS":"1","TOTALPLAZAS":2151}},{"type":"Feature","id":"da_aparcamientosMovilidadReducida.fid--175d4967_1a0508ab86c_a93","geometry":{"type":"Point","coordinates":[-4.45692748,36.69481334,0]},"geometry_name":"SDOGEOMETRIA","properties":{"ID":66565,"NOMBRE":"APARCAPMR_710","DESCRIPCION":"Avda.Virgen de Belén","DIRECCION":"AVENIDA DE ISAAC PERAL, 22 ","URL":null,"EMAIL":null,"CONTACTO":null,"HORARIOS":null,"PRECIOS":null,"TITULARIDAD":"MUNICIPAL","TARJETAJOVEN":"No","ACCESOPMR":"No","NROPLAZAS":"1","TOTALPLAZAS":2151}},{"type":"Feature","id":"da_aparcamientosMovilidadReducida.fid--175d4967_1a0508ab86c_a94","geometry":{"type":"Point","coordinates":[-4.44945887,36.72628149,0]},"geometry_name":"SDOGEOMETRIA","properties":{"ID":66966,"NOMBRE":"APARCAPMR_378","DESCRIPCION":"A la altura de c/ San Martín","DIRECCION":"CALLE NÚÑEZ VELA, 29 ","URL":null,"EMAIL":null,"CONTACTO":null,"HORARIOS":null,"PRECIOS":null,"TITULARIDAD":"MUNICIPAL","TARJETAJOVEN":"No","ACCESOPMR":"No","NROPLAZAS":"4","TOTALPLAZAS":2151}},{"type":"Feature","id":"da_aparcamientosMovilidadReducida.fid--175d4967_1a0508ab86c_a95","geometry":{"type":"Point","coordinates":[-4.4652457,36.71133208,0]},"geometry_name":"SDOGEOMETRIA","properties":{"ID":76803,"NOMBRE":"APARCAPMR_1025","DESCRIPCION":null,"DIRECCION":"CALLE DE QUASIMODO, 23 ","URL":null,"EMAIL":null,"CONTACTO":null,"HORARIOS":null,"PRECIOS":null,"TITULARIDAD":"MUNICIPAL","TARJETAJOVEN":"No","ACCESOPMR":"No","NROPLAZAS":"3","TOTALPLAZAS":2151}},{"type":"Feature","id":"da_aparcamientosMovilidadReducida.fid--175d4967_1a0508ab86c_a96","geometry":{"type":"Point","coordinates":[-4.46531,36.70829104,0]},"geometry_name":"SDOGEOMETRIA","properties":{"ID":66583,"NOMBRE":"APARCAPMR_1090","DESCRIPCION":"Esq. con Av. María Zambrano","DIRECCION":"CALLE DE QUASIMODO, 7 ","URL":null,"EMAIL":null,"CONTACTO":null,"HORARIOS":null,"PRECIOS":null,"TITULARIDAD":"MUNICIPAL","TARJETAJOVEN":"No","ACCESOPMR":"No","NROPLAZAS":"2","TOTALPLAZAS":2151}},{"type":"Feature","id":"da_aparcamientosMovilidadReducida.fid--175d4967_1a0508ab86c_a97","geometry":{"type":"Point","coordinates":[-4.46190834,36.72536728,0]},"geometry_name":"SDOGEOMETRIA","properties":{"ID":66660,"NOMBRE":"APARCAPMR_658","DESCRIPCION":"Esquina con Cl. Carril del Capitán","DIRECCION":"CARRIL DEL CAPITÁN, 3 ","URL":null,"EMAIL":null,"CONTACTO":null,"HORARIOS":null,"PRECIOS":null,"TITULARIDAD":"MUNICIPAL","TARJETAJOVEN":"No","ACCESOPMR":"No","NROPLAZAS":"1","TOTALPLAZAS":2151}},{"type":"Feature","id":"da_aparcamientosMovilidadReducida.fid--175d4967_1a0508ab86c_a98","geometry":{"type":"Point","coordinates":[-4.4519769,36.71286114,0]},"geometry_name":"SDOGEOMETRIA","properties":{"ID":66687,"NOMBRE":"APARCAPMR_552","DESCRIPCION":null,"DIRECCION":"CALLE CORREGIDOR FRANCISCO DE MOLINA, 18 ","URL":null,"EMAIL":null,"CONTACTO":null,"HORARIOS":null,"PRECIOS":null,"TITULARIDAD":"MUNICIPAL","TARJETAJOVEN":"No","ACCESOPMR":"No","NROPLAZAS":"2","TOTALPLAZAS":2151}},{"type":"Feature","id":"da_aparcamientosMovilidadReducida.fid--175d4967_1a0508ab86c_a99","geometry":{"type":"Point","coordinates":[-4.4666934,36.72629551,0]},"geometry_name":"SDOGEOMETRIA","properties":{"ID":66785,"NOMBRE":"APARCAPMR_283","DESCRIPCION":"Esquina con c/ Juan de Rihuerga","DIRECCION":"CALLE TAMAYO Y BAUS, 14 ","URL":null,"EMAIL":null,"CONTACTO":null,"HORARIOS":null,"PRECIOS":null,"TITULARIDAD":"MUNICIPAL","TARJETAJOVEN":"No","ACCESOPMR":"No","NROPLAZAS":"1","TOTALPLAZAS":2151}},{"type":"Feature","id":"da_aparcamientosMovilidadReducida.fid--175d4967_1a0508ab86c_a9a","geometry":{"type":"Point","coordinates":[-4.45495605,36.71893475,0]},"geometry_name":"SDOGEOMETRIA","properties":{"ID":66945,"NOMBRE":"APARCAPMR_182","DESCRIPCION":"A la altura del nº 4","DIRECCION":"PLAZA JOSÉ BERGAMÍN, 4 ","URL":null,"EMAIL":null,"CONTACTO":null,"HORARIOS":null,"PRECIOS":null,"TITULARIDAD":"MUNICIPAL","TARJETAJOVEN":"No","ACCESOPMR":"No","NROPLAZAS":"1","TOTALPLAZAS":2151}},{"type":"Feature","id":"da_aparcamientosMovilidadReducida.fid--175d4967_1a0508ab86c_a9b","geometry":{"type":"Point","coordinates":[-4.45629448,36.72461054,0]},"geometry_name":"SDOGEOMETRIA","properties":{"ID":67086,"NOMBRE":"APARCAPMR_152","DESCRIPCION":"A la altura del nº 188","DIRECCION":"AVENIDA CARLOS DE HAYA, 190 ","URL":null,"EMAIL":null,"CONTACTO":null,"HORARIOS":null,"PRECIOS":null,"TITULARIDAD":"MUNICIPAL","TARJETAJOVEN":"No","ACCESOPMR":"No","NROPLAZAS":"1","TOTALPLAZAS":2151}},{"type":"Feature","id":"da_aparcamientosMovilidadReducida.fid--175d4967_1a0508ab86c_a9c","geometry":{"type":"Point","coordinates":[-4.45052972,36.68219972,0]},"geometry_name":"SDOGEOMETRIA","properties":{"ID":80959,"NOMBRE":"APARCAPMR_110_B","DESCRIPCION":null,"DIRECCION":"CALLE PILAR LORENGAR, 15 ","URL":null,"EMAIL":null,"CONTACTO":null,"HORARIOS":null,"PRECIOS":null,"TITULARIDAD":"MUNICIPAL","TARJETAJOVEN":"No","ACCESOPMR":"No","NROPLAZAS":"1","TOTALPLAZAS":2151}},{"type":"Feature","id":"da_aparcamientosMovilidadReducida.fid--175d4967_1a0508ab86c_a9d","geometry":{"type":"Point","coordinates":[-4.45755,36.69422904,0]},"geometry_name":"SDOGEOMETRIA","properties":{"ID":66416,"NOMBRE":"APARCAPMR_1100","DESCRIPCION":"Esq. con Cl. Alejandro Dumas","DIRECCION":"AVENIDA DE ISAAC PERAL, 27 ","URL":null,"EMAIL":null,"CONTACTO":null,"HORARIOS":null,"PRECIOS":null,"TITULARIDAD":"MUNICIPAL","TARJETAJOVEN":"No","ACCESOPMR":"No","NROPLAZAS":"1","TOTALPLAZAS":2151}},{"type":"Feature","id":"da_aparcamientosMovilidadReducida.fid--175d4967_1a0508ab86c_a9e","geometry":{"type":"Point","coordinates":[-4.45590173,36.69622102,0]},"geometry_name":"SDOGEOMETRIA","properties":{"ID":66951,"NOMBRE":"APARCAPMR_359","DESCRIPCION":"Esquina con c/ Torres Quevedo","DIRECCION":"AVENIDA DE ISAAC PERAL, 14 ","URL":null,"EMAIL":null,"CONTACTO":null,"HORARIOS":null,"PRECIOS":null,"TITULARIDAD":"MUNICIPAL","TARJETAJOVEN":"No","ACCESOPMR":"No","NROPLAZAS":"1","TOTALPLAZAS":2151}},{"type":"Feature","id":"da_aparcamientosMovilidadReducida.fid--175d4967_1a0508ab86c_a9f","geometry":{"type":"Point","coordinates":[-4.451687,36.72514704,0]},"geometry_name":"SDOGEOMETRIA","properties":{"ID":66457,"NOMBRE":"APARCAPMR_1061","DESCRIPCION":"Esq. con Pasaje Mexía Dávila","DIRECCION":"CALLE NÚÑEZ VELA, 22 ","URL":null,"EMAIL":null,"CONTACTO":null,"HORARIOS":null,"PRECIOS":null,"TITULARIDAD":"MUNICIPAL","TARJETAJOVEN":"No","ACCESOPMR":"No","NROPLAZAS":"1","TOTALPLAZAS":2151}},{"type":"Feature","id":"da_aparcamientosMovilidadReducida.fid--175d4967_1a0508ab86c_aa0","geometry":{"type":"Point","coordinates":[-4.45210218,36.71198658,0]},"geometry_name":"SDOGEOMETRIA","properties":{"ID":67164,"NOMBRE":"APARCAPMR_018","DESCRIPCION":"Esquina con c/ Corregidor Francisco Molina","DIRECCION":"CALLE CORREGIDOR PEDRO ZAPATA, 2 ","URL":null,"EMAIL":null,"CONTACTO":null,"HORARIOS":null,"PRECIOS":null,"TITULARIDAD":"MUNICIPAL","TARJETAJOVEN":"No","ACCESOPMR":"No","NROPLAZAS":"2","TOTALPLAZAS":2151}},{"type":"Feature","id":"da_aparcamientosMovilidadReducida.fid--175d4967_1a0508ab86c_aa1","geometry":{"type":"Point","coordinates":[-4.4664367,36.72216953,0]},"geometry_name":"SDOGEOMETRIA","properties":{"ID":66356,"NOMBRE":"APARCAPMR_879","DESCRIPCION":"C/ Andrés Bernáldez N.º 13, esquina con Carril las Morillas","DIRECCION":"CALLE ANDRÉS BERNÁLDEZ, 13 ","URL":null,"EMAIL":null,"CONTACTO":null,"HORARIOS":null,"PRECIOS":null,"TITULARIDAD":"MUNICIPAL","TARJETAJOVEN":"No","ACCESOPMR":"No","NROPLAZAS":"2","TOTALPLAZAS":2151}},{"type":"Feature","id":"da_aparcamientosMovilidadReducida.fid--175d4967_1a0508ab86c_aa2","geometry":{"type":"Point","coordinates":[-4.45328973,36.72011724,0]},"geometry_name":"SDOGEOMETRIA","properties":{"ID":66960,"NOMBRE":"APARCAPMR_372","DESCRIPCION":"Esquina con c/ Rafael Alberti","DIRECCION":"CALLE SOLIVA, 30 ","URL":null,"EMAIL":null,"CONTACTO":null,"HORARIOS":null,"PRECIOS":null,"TITULARIDAD":"MUNICIPAL","TARJETAJOVEN":"No","ACCESOPMR":"No","NROPLAZAS":"1","TOTALPLAZAS":2151}},{"type":"Feature","id":"da_aparcamientosMovilidadReducida.fid--175d4967_1a0508ab86c_aa3","geometry":{"type":"Point","coordinates":[-4.43898067,36.72093167,0]},"geometry_name":"SDOGEOMETRIA","properties":{"ID":80739,"NOMBRE":"APARCAPMR_1455","DESCRIPCION":"C/ Francisco Rueda Pérez esquina con Pasaje Turia","DIRECCION":"CALLE FRANCISCO RUEDA PÉREZ, 3 ","URL":null,"EMAIL":null,"CONTACTO":null,"HORARIOS":null,"PRECIOS":null,"TITULARIDAD":"MUNICIPAL","TARJETAJOVEN":"No","ACCESOPMR":"No","NROPLAZAS":"1","TOTALPLAZAS":2151}},{"type":"Feature","id":"da_aparcamientosMovilidadReducida.fid--175d4967_1a0508ab86c_aa4","geometry":{"type":"Point","coordinates":[-4.4396098,36.7231051,0]},"geometry_name":"SDOGEOMETRIA","properties":{"ID":67096,"NOMBRE":"APARCAPMR_259","DESCRIPCION":"Delante de la puerta del colegio de La Purísima","DIRECCION":"CALLE DOCTOR ESCASSI, 12 ","URL":null,"EMAIL":null,"CONTACTO":null,"HORARIOS":null,"PRECIOS":null,"TITULARIDAD":"MUNICIPAL","TARJETAJOVEN":"No","ACCESOPMR":"No","NROPLAZAS":"4","TOTALPLAZAS":2151}},{"type":"Feature","id":"da_aparcamientosMovilidadReducida.fid--175d4967_1a0508ab86c_aa5","geometry":{"type":"Point","coordinates":[-4.4503849,36.7284721,0]},"geometry_name":"SDOGEOMETRIA","properties":{"ID":66641,"NOMBRE":"APARCAPMR_171","DESCRIPCION":"Esquina con Pasaje del Cartero","DIRECCION":"CALLE PADRE MARTÍN, 11 ","URL":null,"EMAIL":null,"CONTACTO":null,"HORARIOS":null,"PRECIOS":null,"TITULARIDAD":"MUNICIPAL","TARJETAJOVEN":"No","ACCESOPMR":"No","NROPLAZAS":"1","TOTALPLAZAS":2151}},{"type":"Feature","id":"da_aparcamientosMovilidadReducida.fid--175d4967_1a0508ab86c_aa6","geometry":{"type":"Point","coordinates":[-4.45087527,36.71299583,0]},"geometry_name":"SDOGEOMETRIA","properties":{"ID":80625,"NOMBRE":"APARCAPMR_1447","DESCRIPCION":"C/ Corregidor Francisco de Molina, Nº 13","DIRECCION":"CALLE CORREGIDOR FRANCISCO DE MOLINA, 13 ","URL":null,"EMAIL":null,"CONTACTO":null,"HORARIOS":null,"PRECIOS":null,"TITULARIDAD":"MUNICIPAL","TARJETAJOVEN":"No","ACCESOPMR":"No","NROPLAZAS":"1","TOTALPLAZAS":2151}},{"type":"Feature","id":"da_aparcamientosMovilidadReducida.fid--175d4967_1a0508ab86c_aa7","geometry":{"type":"Point","coordinates":[-4.450591,36.71315004,0]},"geometry_name":"SDOGEOMETRIA","properties":{"ID":66377,"NOMBRE":"APARCAPMR_1006","DESCRIPCION":"Esq. Cl. Río Guadiana","DIRECCION":"CALLE CORREGIDOR FRANCISCO DE MOLINA, 10 ","URL":null,"EMAIL":null,"CONTACTO":null,"HORARIOS":null,"PRECIOS":null,"TITULARIDAD":"MUNICIPAL","TARJETAJOVEN":"No","ACCESOPMR":"No","NROPLAZAS":"1","TOTALPLAZAS":2151}},{"type":"Feature","id":"da_aparcamientosMovilidadReducida.fid--175d4967_1a0508ab86c_aa8","geometry":{"type":"Point","coordinates":[-4.40813273,36.72015702,0]},"geometry_name":"SDOGEOMETRIA","properties":{"ID":67058,"NOMBRE":"APARCAPMR_062","DESCRIPCION":"Esquina con c/  Keromnes","DIRECCION":"CALLE PUERTO, 15 ","URL":null,"EMAIL":null,"CONTACTO":null,"HORARIOS":null,"PRECIOS":null,"TITULARIDAD":"MUNICIPAL","TARJETAJOVEN":"No","ACCESOPMR":"No","NROPLAZAS":"2","TOTALPLAZAS":2151}},{"type":"Feature","id":"da_aparcamientosMovilidadReducida.fid--175d4967_1a0508ab86c_aa9","geometry":{"type":"Point","coordinates":[-4.43755803,36.70608035,0]},"geometry_name":"SDOGEOMETRIA","properties":{"ID":80989,"NOMBRE":"APARCAPMR_360","DESCRIPCION":null,"DIRECCION":"CALLE HÉROE DE SOSTOA, 116 ","URL":null,"EMAIL":null,"CONTACTO":null,"HORARIOS":null,"PRECIOS":null,"TITULARIDAD":"MUNICIPAL","TARJETAJOVEN":"No","ACCESOPMR":"No","NROPLAZAS":"1","TOTALPLAZAS":2151}},{"type":"Feature","id":"da_aparcamientosMovilidadReducida.fid--175d4967_1a0508ab86c_aaa","geometry":{"type":"Point","coordinates":[-4.43200573,36.73231626,0]},"geometry_name":"SDOGEOMETRIA","properties":{"ID":67127,"NOMBRE":"APARCAPMR_138","DESCRIPCION":"Esquina con c/ Poeta Agustín Ruano","DIRECCION":"CALLE POETISA JUANA LUNA, 4 ","URL":null,"EMAIL":null,"CONTACTO":null,"HORARIOS":null,"PRECIOS":null,"TITULARIDAD":"MUNICIPAL","TARJETAJOVEN":"No","ACCESOPMR":"No","NROPLAZAS":"1","TOTALPLAZAS":2151}},{"type":"Feature","id":"da_aparcamientosMovilidadReducida.fid--175d4967_1a0508ab86c_aab","geometry":{"type":"Point","coordinates":[-4.432093,36.73199304,0]},"geometry_name":"SDOGEOMETRIA","properties":{"ID":66586,"NOMBRE":"APARCAPMR_955","DESCRIPCION":null,"DIRECCION":"CALLE POETISA JUANA LUNA, 1 ","URL":null,"EMAIL":null,"CONTACTO":null,"HORARIOS":null,"PRECIOS":null,"TITULARIDAD":"MUNICIPAL","TARJETAJOVEN":"No","ACCESOPMR":"No","NROPLAZAS":"1","TOTALPLAZAS":2151}},{"type":"Feature","id":"da_aparcamientosMovilidadReducida.fid--175d4967_1a0508ab86c_aac","geometry":{"type":"Point","coordinates":[-4.361599,36.71953204,0]},"geometry_name":"SDOGEOMETRIA","properties":{"ID":66403,"NOMBRE":"APARCAPMR_1017","DESCRIPCION":"Esq. con Cl. Mario Moreno","DIRECCION":"AVENIDA DE SALVADOR ALLENDE, 34 ","URL":null,"EMAIL":null,"CONTACTO":null,"HORARIOS":null,"PRECIOS":null,"TITULARIDAD":"MUNICIPAL","TARJETAJOVEN":"No","ACCESOPMR":"No","NROPLAZAS":"2","TOTALPLAZAS":2151}},{"type":"Feature","id":"da_aparcamientosMovilidadReducida.fid--175d4967_1a0508ab86c_aad","geometry":{"type":"Point","coordinates":[-4.44259658,36.70328759,0]},"geometry_name":"SDOGEOMETRIA","properties":{"ID":78940,"NOMBRE":"APARCAPMR_1412","DESCRIPCION":null,"DIRECCION":"AVENIDA DE EUROPA, 21 ","URL":null,"EMAIL":null,"CONTACTO":null,"HORARIOS":null,"PRECIOS":null,"TITULARIDAD":"MUNICIPAL","TARJETAJOVEN":"No","ACCESOPMR":"No","NROPLAZAS":"1","TOTALPLAZAS":2151}},{"type":"Feature","id":"da_aparcamientosMovilidadReducida.fid--175d4967_1a0508ab86c_aae","geometry":{"type":"Point","coordinates":[-4.44109373,36.7039408,0]},"geometry_name":"SDOGEOMETRIA","properties":{"ID":66344,"NOMBRE":"APARCAPMR_185","DESCRIPCION":"Esquina con Av. Juan XXIII","DIRECCION":"AVENIDA DE EUROPA, 1 ","URL":null,"EMAIL":null,"CONTACTO":null,"HORARIOS":null,"PRECIOS":null,"TITULARIDAD":"MUNICIPAL","TARJETAJOVEN":"No","ACCESOPMR":"No","NROPLAZAS":"2","TOTALPLAZAS":2151}},{"type":"Feature","id":"da_aparcamientosMovilidadReducida.fid--175d4967_1a0508ab86c_aaf","geometry":{"type":"Point","coordinates":[-4.43884403,36.7200377,0]},"geometry_name":"SDOGEOMETRIA","properties":{"ID":67177,"NOMBRE":"APARCAPMR_219","DESCRIPCION":"Esquina con Cl. Siméon Giménez Reyna. Delante de la Tesorería General de la Seguridad Socialo","DIRECCION":"CALLE INGENIERO DE LA TORRE ACOSTA, 5 ","URL":null,"EMAIL":null,"CONTACTO":null,"HORARIOS":null,"PRECIOS":null,"TITULARIDAD":"MUNICIPAL","TARJETAJOVEN":"No","ACCESOPMR":"No","NROPLAZAS":"2","TOTALPLAZAS":2151}},{"type":"Feature","id":"da_aparcamientosMovilidadReducida.fid--175d4967_1a0508ab86c_ab0","geometry":{"type":"Point","coordinates":[-4.42431182,36.73225822,0]},"geometry_name":"SDOGEOMETRIA","properties":{"ID":66175,"NOMBRE":"APARCAPMR_708","DESCRIPCION":"Esquina con Cl. Actriz Rosario Pino","DIRECCION":"CALLE ACTRIZ ROSARIO PINO, 15 ","URL":null,"EMAIL":null,"CONTACTO":null,"HORARIOS":null,"PRECIOS":null,"TITULARIDAD":"MUNICIPAL","TARJETAJOVEN":"No","ACCESOPMR":"No","NROPLAZAS":"1","TOTALPLAZAS":2151}},{"type":"Feature","id":"da_aparcamientosMovilidadReducida.fid--175d4967_1a0508ab86c_ab1","geometry":{"type":"Point","coordinates":[-4.41740446,36.73586736,0]},"geometry_name":"SDOGEOMETRIA","properties":{"ID":67215,"NOMBRE":"APARCAPMR_180","DESCRIPCION":"A la altura del nº 10","DIRECCION":"CALLE MARMOLISTA, 10 ","URL":null,"EMAIL":null,"CONTACTO":null,"HORARIOS":null,"PRECIOS":null,"TITULARIDAD":"MUNICIPAL","TARJETAJOVEN":"No","ACCESOPMR":"No","NROPLAZAS":"3","TOTALPLAZAS":2151}},{"type":"Feature","id":"da_aparcamientosMovilidadReducida.fid--175d4967_1a0508ab86c_ab2","geometry":{"type":"Point","coordinates":[-4.35914889,36.72439341,0]},"geometry_name":"SDOGEOMETRIA","properties":{"ID":66533,"NOMBRE":"APARCAPMR_609","DESCRIPCION":"Esquina con c/ Cid Campeador","DIRECCION":"CALLE VILLAFUERTE, 45 ","URL":null,"EMAIL":null,"CONTACTO":null,"HORARIOS":null,"PRECIOS":null,"TITULARIDAD":"MUNICIPAL","TARJETAJOVEN":"No","ACCESOPMR":"No","NROPLAZAS":"2","TOTALPLAZAS":2151}},{"type":"Feature","id":"da_aparcamientosMovilidadReducida.fid--175d4967_1a0508ab86c_ab3","geometry":{"type":"Point","coordinates":[-4.43193734,36.7330079,0]},"geometry_name":"SDOGEOMETRIA","properties":{"ID":67125,"NOMBRE":"APARCAPMR_137","DESCRIPCION":"Esquina con c/ Poetisa Juana Luna","DIRECCION":"CALLE POETISA JUANA LUNA, 8 ","URL":null,"EMAIL":null,"CONTACTO":null,"HORARIOS":null,"PRECIOS":null,"TITULARIDAD":"MUNICIPAL","TARJETAJOVEN":"No","ACCESOPMR":"No","NROPLAZAS":"1","TOTALPLAZAS":2151}},{"type":"Feature","id":"da_aparcamientosMovilidadReducida.fid--175d4967_1a0508ab86c_ab4","geometry":{"type":"Point","coordinates":[-4.35587928,36.71877942,0]},"geometry_name":"SDOGEOMETRIA","properties":{"ID":67046,"NOMBRE":"APARCAPMR_187","DESCRIPCION":"Esquina con Cl. Padre Lerchundi","DIRECCION":"AVENIDA DE SALVADOR ALLENDE, 138 ","URL":null,"EMAIL":null,"CONTACTO":null,"HORARIOS":null,"PRECIOS":null,"TITULARIDAD":"MUNICIPAL","TARJETAJOVEN":"No","ACCESOPMR":"No","NROPLAZAS":"2","TOTALPLAZAS":2151}},{"type":"Feature","id":"da_aparcamientosMovilidadReducida.fid--175d4967_1a0508ab86c_ab5","geometry":{"type":"Point","coordinates":[-4.57341586,36.73187861,0]},"geometry_name":"SDOGEOMETRIA","properties":{"ID":81046,"NOMBRE":"APARCAPMR_1212","DESCRIPCION":null,"DIRECCION":"CALLE RONDA DEL PONIENTE, 20 ","URL":null,"EMAIL":null,"CONTACTO":null,"HORARIOS":null,"PRECIOS":null,"TITULARIDAD":"MUNICIPAL","TARJETAJOVEN":"No","ACCESOPMR":"No","NROPLAZAS":"1","TOTALPLAZAS":2151}},{"type":"Feature","id":"da_aparcamientosMovilidadReducida.fid--175d4967_1a0508ab86c_ab6","geometry":{"type":"Point","coordinates":[-4.45343777,36.73200381,0]},"geometry_name":"SDOGEOMETRIA","properties":{"ID":80932,"NOMBRE":"APARCAPMR_741","DESCRIPCION":null,"DIRECCION":"CALLE DEL PISUERGA, 13 ","URL":null,"EMAIL":null,"CONTACTO":null,"HORARIOS":null,"PRECIOS":null,"TITULARIDAD":"MUNICIPAL","TARJETAJOVEN":"No","ACCESOPMR":"No","NROPLAZAS":"1","TOTALPLAZAS":2151}},{"type":"Feature","id":"da_aparcamientosMovilidadReducida.fid--175d4967_1a0508ab86c_ab7","geometry":{"type":"Point","coordinates":[-4.35059667,36.71763614,0]},"geometry_name":"SDOGEOMETRIA","properties":{"ID":67047,"NOMBRE":"APARCAPMR_210","DESCRIPCION":"Esquina con Playa Virginia. Frente al nº 278.","DIRECCION":"AVENIDA DE SALVADOR ALLENDE, 292 ","URL":null,"EMAIL":null,"CONTACTO":null,"HORARIOS":null,"PRECIOS":null,"TITULARIDAD":"MUNICIPAL","TARJETAJOVEN":"No","ACCESOPMR":"No","NROPLAZAS":"2","TOTALPLAZAS":2151}},{"type":"Feature","id":"da_aparcamientosMovilidadReducida.fid--175d4967_1a0508ab86c_ab8","geometry":{"type":"Point","coordinates":[-4.45768,36.68492104,0]},"geometry_name":"SDOGEOMETRIA","properties":{"ID":66294,"NOMBRE":"APARCAPMR_819","DESCRIPCION":null,"DIRECCION":"CALLE PILAR LORENGAR, 1 ","URL":null,"EMAIL":null,"CONTACTO":null,"HORARIOS":null,"PRECIOS":null,"TITULARIDAD":"MUNICIPAL","TARJETAJOVEN":"No","ACCESOPMR":"No","NROPLAZAS":"1","TOTALPLAZAS":2151}},{"type":"Feature","id":"da_aparcamientosMovilidadReducida.fid--175d4967_1a0508ab86c_ab9","geometry":{"type":"Point","coordinates":[-4.41918524,36.74357725,0]},"geometry_name":"SDOGEOMETRIA","properties":{"ID":66716,"NOMBRE":"APARCAPMR_1202","DESCRIPCION":"C/ Los Ficus esq. C/ Los Aguacates","DIRECCION":"CALLE LOS FICUS, 18 ","URL":null,"EMAIL":null,"CONTACTO":null,"HORARIOS":null,"PRECIOS":null,"TITULARIDAD":"MUNICIPAL","TARJETAJOVEN":"No","ACCESOPMR":"No","NROPLAZAS":"1","TOTALPLAZAS":2151}},{"type":"Feature","id":"da_aparcamientosMovilidadReducida.fid--175d4967_1a0508ab86c_aba","geometry":{"type":"Point","coordinates":[-4.45022799,36.7226547,0]},"geometry_name":"SDOGEOMETRIA","properties":{"ID":66905,"NOMBRE":"APARCAPMR_399","DESCRIPCION":"Esquina con Av. Carlos Haya","DIRECCION":"CALLE PEDRO ESPINOSA, 1 ","URL":null,"EMAIL":null,"CONTACTO":null,"HORARIOS":null,"PRECIOS":null,"TITULARIDAD":"MUNICIPAL","TARJETAJOVEN":"No","ACCESOPMR":"No","NROPLAZAS":"3","TOTALPLAZAS":2151}},{"type":"Feature","id":"da_aparcamientosMovilidadReducida.fid--175d4967_1a0508ab86c_abb","geometry":{"type":"Point","coordinates":[-4.3648392,36.71981302,0]},"geometry_name":"SDOGEOMETRIA","properties":{"ID":67284,"NOMBRE":"APARCAPMR_508","DESCRIPCION":"Esquina con Cl. Escultor Marín Higuero","DIRECCION":"AVENIDA DE SALVADOR ALLENDE, 10 ","URL":null,"EMAIL":null,"CONTACTO":null,"HORARIOS":null,"PRECIOS":null,"TITULARIDAD":"MUNICIPAL","TARJETAJOVEN":"No","ACCESOPMR":"No","NROPLAZAS":"1","TOTALPLAZAS":2151}},{"type":"Feature","id":"da_aparcamientosMovilidadReducida.fid--175d4967_1a0508ab86c_abc","geometry":{"type":"Point","coordinates":[-4.41426963,36.73372318,0]},"geometry_name":"SDOGEOMETRIA","properties":{"ID":67035,"NOMBRE":"APARCAPMR_292","DESCRIPCION":"A la altura del nº 18","DIRECCION":"CALLE TOQUERO, 23 ","URL":null,"EMAIL":null,"CONTACTO":null,"HORARIOS":null,"PRECIOS":null,"TITULARIDAD":"MUNICIPAL","TARJETAJOVEN":"No","ACCESOPMR":"No","NROPLAZAS":"1","TOTALPLAZAS":2151}},{"type":"Feature","id":"da_aparcamientosMovilidadReducida.fid--175d4967_1a0508ab86c_abd","geometry":{"type":"Point","coordinates":[-4.39671524,36.72330612,0]},"geometry_name":"SDOGEOMETRIA","properties":{"ID":67283,"NOMBRE":"APARCAPMR_507","DESCRIPCION":"Esquina con Avenida Pintor Joaquín Sorolla","DIRECCION":"CALLE IDRIS, 2 ","URL":null,"EMAIL":null,"CONTACTO":null,"HORARIOS":null,"PRECIOS":null,"TITULARIDAD":"MUNICIPAL","TARJETAJOVEN":"No","ACCESOPMR":"No","NROPLAZAS":"1","TOTALPLAZAS":2151}},{"type":"Feature","id":"da_aparcamientosMovilidadReducida.fid--175d4967_1a0508ab86c_abe","geometry":{"type":"Point","coordinates":[-4.44249357,36.71830514,0]},"geometry_name":"SDOGEOMETRIA","properties":{"ID":81020,"NOMBRE":"APARCAPMR_1262","DESCRIPCION":null,"DIRECCION":"CALLE VIRGEN INMACULADA, 2 ","URL":null,"EMAIL":null,"CONTACTO":null,"HORARIOS":null,"PRECIOS":null,"TITULARIDAD":"MUNICIPAL","TARJETAJOVEN":"No","ACCESOPMR":"No","NROPLAZAS":"2","TOTALPLAZAS":2151}},{"type":"Feature","id":"da_aparcamientosMovilidadReducida.fid--175d4967_1a0508ab86c_abf","geometry":{"type":"Point","coordinates":[-4.41978157,36.74796125,0]},"geometry_name":"SDOGEOMETRIA","properties":{"ID":66884,"NOMBRE":"APARCAPMR_516","DESCRIPCION":"Frente al Centro de Salud","DIRECCION":"CALLE SANCHO MIRANDA, 11 ","URL":null,"EMAIL":null,"CONTACTO":null,"HORARIOS":null,"PRECIOS":null,"TITULARIDAD":"MUNICIPAL","TARJETAJOVEN":"No","ACCESOPMR":"No","NROPLAZAS":"2","TOTALPLAZAS":2151}},{"type":"Feature","id":"da_aparcamientosMovilidadReducida.fid--175d4967_1a0508ab86c_ac0","geometry":{"type":"Point","coordinates":[-4.41849947,36.74124851,0]},"geometry_name":"SDOGEOMETRIA","properties":{"ID":66980,"NOMBRE":"APARCAPMR_401","DESCRIPCION":"A la altura del nº 10","DIRECCION":"CALLE ARMIJO, 11 ","URL":null,"EMAIL":null,"CONTACTO":null,"HORARIOS":null,"PRECIOS":null,"TITULARIDAD":"MUNICIPAL","TARJETAJOVEN":"No","ACCESOPMR":"No","NROPLAZAS":"1","TOTALPLAZAS":2151}},{"type":"Feature","id":"da_aparcamientosMovilidadReducida.fid--175d4967_1a0508ab86c_ac1","geometry":{"type":"Point","coordinates":[-4.44566488,36.69445525,0]},"geometry_name":"SDOGEOMETRIA","properties":{"ID":66961,"NOMBRE":"APARCAPMR_373","DESCRIPCION":"A la altura del nº 9","DIRECCION":"CALLE FRANCISCO JIMÉNEZ LOMAS, 9 ","URL":null,"EMAIL":null,"CONTACTO":null,"HORARIOS":null,"PRECIOS":null,"TITULARIDAD":"MUNICIPAL","TARJETAJOVEN":"No","ACCESOPMR":"No","NROPLAZAS":"2","TOTALPLAZAS":2151}},{"type":"Feature","id":"da_aparcamientosMovilidadReducida.fid--175d4967_1a0508ab86c_ac2","geometry":{"type":"Point","coordinates":[-4.42110083,36.73452929,0]},"geometry_name":"SDOGEOMETRIA","properties":{"ID":78718,"NOMBRE":"APARCAPMR_1393","DESCRIPCION":"C/ Rojas esquina con C/ Maestre de Calatrava","DIRECCION":"CALLE ROJAS, 67 ","URL":null,"EMAIL":null,"CONTACTO":null,"HORARIOS":null,"PRECIOS":null,"TITULARIDAD":"MUNICIPAL","TARJETAJOVEN":"No","ACCESOPMR":"No","NROPLAZAS":"1","TOTALPLAZAS":2151}},{"type":"Feature","id":"da_aparcamientosMovilidadReducida.fid--175d4967_1a0508ab86c_ac3","geometry":{"type":"Point","coordinates":[-4.39945527,36.72621691,0]},"geometry_name":"SDOGEOMETRIA","properties":{"ID":74586,"NOMBRE":"APARCAPMR_1097","DESCRIPCION":null,"DIRECCION":"CALLE REPÚBLICA ARGENTINA, 4 ","URL":null,"EMAIL":null,"CONTACTO":null,"HORARIOS":null,"PRECIOS":null,"TITULARIDAD":"MUNICIPAL","TARJETAJOVEN":"No","ACCESOPMR":"No","NROPLAZAS":"1","TOTALPLAZAS":2151}},{"type":"Feature","id":"da_aparcamientosMovilidadReducida.fid--175d4967_1a0508ab86c_ac4","geometry":{"type":"Point","coordinates":[-4.43081307,36.73281046,0]},"geometry_name":"SDOGEOMETRIA","properties":{"ID":66579,"NOMBRE":"APARCAPMR_1240","DESCRIPCION":"Cl. Poeta salvador Ibarra esq Poeta Narciso Franquelo Martinez","DIRECCION":"CALLE POETA SALVADOR IBARRA ESPAÑA, 10 ","URL":null,"EMAIL":null,"CONTACTO":null,"HORARIOS":null,"PRECIOS":null,"TITULARIDAD":"MUNICIPAL","TARJETAJOVEN":"No","ACCESOPMR":"No","NROPLAZAS":"1","TOTALPLAZAS":2151}},{"type":"Feature","id":"da_aparcamientosMovilidadReducida.fid--175d4967_1a0508ab86c_ac5","geometry":{"type":"Point","coordinates":[-4.44545031,36.70262205,0]},"geometry_name":"SDOGEOMETRIA","properties":{"ID":66681,"NOMBRE":"APARCAPMR_564","DESCRIPCION":"Esquina Av. la Paloma","DIRECCION":"AVENIDA DE EUROPA, 53 ","URL":null,"EMAIL":null,"CONTACTO":null,"HORARIOS":null,"PRECIOS":null,"TITULARIDAD":"MUNICIPAL","TARJETAJOVEN":"No","ACCESOPMR":"No","NROPLAZAS":"2","TOTALPLAZAS":2151}},{"type":"Feature","id":"da_aparcamientosMovilidadReducida.fid--175d4967_1a0508ab86c_ac6","geometry":{"type":"Point","coordinates":[-4.49820081,36.66257328,0]},"geometry_name":"SDOGEOMETRIA","properties":{"ID":81041,"NOMBRE":"APARCAPMR_1209","DESCRIPCION":null,"DIRECCION":"CALLE DECANO MANUEL DOMÍNGUEZ, 16 ","URL":null,"EMAIL":null,"CONTACTO":null,"HORARIOS":null,"PRECIOS":null,"TITULARIDAD":"MUNICIPAL","TARJETAJOVEN":"No","ACCESOPMR":"No","NROPLAZAS":"1","TOTALPLAZAS":2151}},{"type":"Feature","id":"da_aparcamientosMovilidadReducida.fid--175d4967_1a0508ab86c_ac7","geometry":{"type":"Point","coordinates":[-4.49223273,36.72200274,0]},"geometry_name":"SDOGEOMETRIA","properties":{"ID":66566,"NOMBRE":"APARCAPMR_711","DESCRIPCION":"Esquina con Cl. Félix Gancedo","DIRECCION":"CALLE FÉLIX GANCEDO, 14 ","URL":null,"EMAIL":null,"CONTACTO":null,"HORARIOS":null,"PRECIOS":null,"TITULARIDAD":"MUNICIPAL","TARJETAJOVEN":"No","ACCESOPMR":"No","NROPLAZAS":"1","TOTALPLAZAS":2151}},{"type":"Feature","id":"da_aparcamientosMovilidadReducida.fid--175d4967_1a0508ab86c_ac8","geometry":{"type":"Point","coordinates":[-4.5064119,36.70437884,0]},"geometry_name":"SDOGEOMETRIA","properties":{"ID":66911,"NOMBRE":"APARCAPMR_434","DESCRIPCION":"A la altura del nº 34","DIRECCION":"CALLE NEMOROSO, 36 ","URL":null,"EMAIL":null,"CONTACTO":null,"HORARIOS":null,"PRECIOS":null,"TITULARIDAD":"MUNICIPAL","TARJETAJOVEN":"No","ACCESOPMR":"No","NROPLAZAS":"1","TOTALPLAZAS":2151}},{"type":"Feature","id":"da_aparcamientosMovilidadReducida.fid--175d4967_1a0508ab86c_ac9","geometry":{"type":"Point","coordinates":[-4.50619232,36.70470311,0]},"geometry_name":"SDOGEOMETRIA","properties":{"ID":66723,"NOMBRE":"APARCAPMR_1244","DESCRIPCION":null,"DIRECCION":"CALLE NEMOROSO, 26 ","URL":null,"EMAIL":null,"CONTACTO":null,"HORARIOS":null,"PRECIOS":null,"TITULARIDAD":"MUNICIPAL","TARJETAJOVEN":"No","ACCESOPMR":"No","NROPLAZAS":"2","TOTALPLAZAS":2151}},{"type":"Feature","id":"da_aparcamientosMovilidadReducida.fid--175d4967_1a0508ab86c_aca","geometry":{"type":"Point","coordinates":[-4.44326854,36.68849443,0]},"geometry_name":"SDOGEOMETRIA","properties":{"ID":80953,"NOMBRE":"APARCAPMR_314_B","DESCRIPCION":null,"DIRECCION":"PASEO MARÍTIMO ANTONIO BANDERAS, 15 ","URL":null,"EMAIL":null,"CONTACTO":null,"HORARIOS":null,"PRECIOS":null,"TITULARIDAD":"MUNICIPAL","TARJETAJOVEN":"No","ACCESOPMR":"No","NROPLAZAS":"2","TOTALPLAZAS":2151}},{"type":"Feature","id":"da_aparcamientosMovilidadReducida.fid--175d4967_1a0508ab86c_acb","geometry":{"type":"Point","coordinates":[-4.46269892,36.69386059,0]},"geometry_name":"SDOGEOMETRIA","properties":{"ID":66650,"NOMBRE":"APARCAPMR_620","DESCRIPCION":"Esquina con Cl. Hermanos Lumiere","DIRECCION":"CALLE LUIS RECUERDA MONTILLA, 1 ","URL":null,"EMAIL":null,"CONTACTO":null,"HORARIOS":null,"PRECIOS":null,"TITULARIDAD":"MUNICIPAL","TARJETAJOVEN":"No","ACCESOPMR":"No","NROPLAZAS":"1","TOTALPLAZAS":2151}},{"type":"Feature","id":"da_aparcamientosMovilidadReducida.fid--175d4967_1a0508ab86c_acc","geometry":{"type":"Point","coordinates":[-4.51347216,36.67328606,4059696.88096302]},"geometry_name":"SDOGEOMETRIA","properties":{"ID":78801,"NOMBRE":"APARCAPMR_1403","DESCRIPCION":"C/ Gonzalo de Ayora, N.º 17","DIRECCION":"CALLE DE GONZALO DE AYORA, 17 ","URL":null,"EMAIL":null,"CONTACTO":null,"HORARIOS":null,"PRECIOS":null,"TITULARIDAD":"MUNICIPAL","TARJETAJOVEN":"No","ACCESOPMR":"No","NROPLAZAS":"1","TOTALPLAZAS":2151}},{"type":"Feature","id":"da_aparcamientosMovilidadReducida.fid--175d4967_1a0508ab86c_acd","geometry":{"type":"Point","coordinates":[-4.41169202,36.72489432,0]},"geometry_name":"SDOGEOMETRIA","properties":{"ID":66194,"NOMBRE":"APARCAPMR_737","DESCRIPCION":null,"DIRECCION":"CALLE PINOSOL, 40 ","URL":null,"EMAIL":null,"CONTACTO":null,"HORARIOS":null,"PRECIOS":null,"TITULARIDAD":"MUNICIPAL","TARJETAJOVEN":"No","ACCESOPMR":"No","NROPLAZAS":"1","TOTALPLAZAS":2151}},{"type":"Feature","id":"da_aparcamientosMovilidadReducida.fid--175d4967_1a0508ab86c_ace","geometry":{"type":"Point","coordinates":[-4.5078861,36.70580197,0]},"geometry_name":"SDOGEOMETRIA","properties":{"ID":66563,"NOMBRE":"APARCAPMR_695","DESCRIPCION":"Esquina con c/ Chaparral","DIRECCION":"CALLE GENERACIÓN, 5 ","URL":null,"EMAIL":null,"CONTACTO":null,"HORARIOS":null,"PRECIOS":null,"TITULARIDAD":"MUNICIPAL","TARJETAJOVEN":"No","ACCESOPMR":"No","NROPLAZAS":"2","TOTALPLAZAS":2151}},{"type":"Feature","id":"da_aparcamientosMovilidadReducida.fid--175d4967_1a0508ab86c_acf","geometry":{"type":"Point","coordinates":[-4.43876289,36.70529125,0]},"geometry_name":"SDOGEOMETRIA","properties":{"ID":67237,"NOMBRE":"APARCAPMR_294","DESCRIPCION":"Esquina con Cl. Genil","DIRECCION":"CALLE HÉROE DE SOSTOA, 89 ","URL":null,"EMAIL":null,"CONTACTO":null,"HORARIOS":null,"PRECIOS":null,"TITULARIDAD":"MUNICIPAL","TARJETAJOVEN":"No","ACCESOPMR":"No","NROPLAZAS":"1","TOTALPLAZAS":2151}},{"type":"Feature","id":"da_aparcamientosMovilidadReducida.fid--175d4967_1a0508ab86c_ad0","geometry":{"type":"Point","coordinates":[-4.44127142,36.728923,0]},"geometry_name":"SDOGEOMETRIA","properties":{"ID":66977,"NOMBRE":"APARCAPMR_394","DESCRIPCION":"Centro de Salud Miraflores","DIRECCION":"CALLE ENRIQUE DE EGAS, 31 ","URL":null,"EMAIL":null,"CONTACTO":null,"HORARIOS":null,"PRECIOS":null,"TITULARIDAD":"MUNICIPAL","TARJETAJOVEN":"No","ACCESOPMR":"No","NROPLAZAS":"3","TOTALPLAZAS":2151}},{"type":"Feature","id":"da_aparcamientosMovilidadReducida.fid--175d4967_1a0508ab86c_ad1","geometry":{"type":"Point","coordinates":[-4.42100734,36.75254695,0]},"geometry_name":"SDOGEOMETRIA","properties":{"ID":66506,"NOMBRE":"APARCAPMR_515","DESCRIPCION":"Esquina con c/ Badajoz","DIRECCION":"CALLE MARÍA DE ZAYAS Y SOTOMAYOR, 6 ","URL":null,"EMAIL":null,"CONTACTO":null,"HORARIOS":null,"PRECIOS":null,"TITULARIDAD":"MUNICIPAL","TARJETAJOVEN":"No","ACCESOPMR":"No","NROPLAZAS":"2","TOTALPLAZAS":2151}},{"type":"Feature","id":"da_aparcamientosMovilidadReducida.fid--175d4967_1a0508ab86c_ad2","geometry":{"type":"Point","coordinates":[-4.45524788,36.71117023,0]},"geometry_name":"SDOGEOMETRIA","properties":{"ID":67152,"NOMBRE":"APARCAPMR_179","DESCRIPCION":"A la altura del nº 9","DIRECCION":"CALLE PEÑARRUBIA, 40 ","URL":null,"EMAIL":null,"CONTACTO":null,"HORARIOS":null,"PRECIOS":null,"TITULARIDAD":"MUNICIPAL","TARJETAJOVEN":"No","ACCESOPMR":"No","NROPLAZAS":"1","TOTALPLAZAS":2151}},{"type":"Feature","id":"da_aparcamientosMovilidadReducida.fid--175d4967_1a0508ab86c_ad3","geometry":{"type":"Point","coordinates":[-4.45527457,36.71109492,0]},"geometry_name":"SDOGEOMETRIA","properties":{"ID":66898,"NOMBRE":"APARCAPMR_726","DESCRIPCION":"Esq. Peñarrubia","DIRECCION":"CALLE PEÑARRUBIA, 40 ","URL":null,"EMAIL":null,"CONTACTO":null,"HORARIOS":null,"PRECIOS":null,"TITULARIDAD":"MUNICIPAL","TARJETAJOVEN":"No","ACCESOPMR":"No","NROPLAZAS":"1","TOTALPLAZAS":2151}},{"type":"Feature","id":"da_aparcamientosMovilidadReducida.fid--175d4967_1a0508ab86c_ad4","geometry":{"type":"Point","coordinates":[-4.45925474,36.6639403,0]},"geometry_name":"SDOGEOMETRIA","properties":{"ID":66715,"NOMBRE":"APARCAPMR_1194","DESCRIPCION":null,"DIRECCION":"PASAJE BERNARDA ALBA, 11 ","URL":null,"EMAIL":null,"CONTACTO":null,"HORARIOS":null,"PRECIOS":null,"TITULARIDAD":"MUNICIPAL","TARJETAJOVEN":"No","ACCESOPMR":"No","NROPLAZAS":"1","TOTALPLAZAS":2151}},{"type":"Feature","id":"da_aparcamientosMovilidadReducida.fid--175d4967_1a0508ab86c_ad5","geometry":{"type":"Point","coordinates":[-4.50834969,36.67436397,0]},"geometry_name":"SDOGEOMETRIA","properties":{"ID":80988,"NOMBRE":"APARCAPMR__281","DESCRIPCION":null,"DIRECCION":"CALLE LINARES, 6 ","URL":null,"EMAIL":null,"CONTACTO":null,"HORARIOS":null,"PRECIOS":null,"TITULARIDAD":"MUNICIPAL","TARJETAJOVEN":"No","ACCESOPMR":"No","NROPLAZAS":"2","TOTALPLAZAS":2151}},{"type":"Feature","id":"da_aparcamientosMovilidadReducida.fid--175d4967_1a0508ab86c_ad6","geometry":{"type":"Point","coordinates":[-4.51191715,36.67380094,0]},"geometry_name":"SDOGEOMETRIA","properties":{"ID":66578,"NOMBRE":"APARCAPMR_1115","DESCRIPCION":"Esq. con Cl. Decano Salvador Barroso","DIRECCION":"CALLE DECANO LÓPEZ ARJONA, 43 ","URL":null,"EMAIL":null,"CONTACTO":null,"HORARIOS":null,"PRECIOS":null,"TITULARIDAD":"MUNICIPAL","TARJETAJOVEN":"No","ACCESOPMR":"No","NROPLAZAS":"1","TOTALPLAZAS":2151}},{"type":"Feature","id":"da_aparcamientosMovilidadReducida.fid--175d4967_1a0508ab86c_ad7","geometry":{"type":"Point","coordinates":[-4.5099848,36.67229401,4059581.91290615]},"geometry_name":"SDOGEOMETRIA","properties":{"ID":75486,"NOMBRE":"APARCAPMR_1302","DESCRIPCION":null,"DIRECCION":"CALLE DECANO LÓPEZ ARJONA, 9 ","URL":null,"EMAIL":null,"CONTACTO":null,"HORARIOS":null,"PRECIOS":null,"TITULARIDAD":"MUNICIPAL","TARJETAJOVEN":"No","ACCESOPMR":"No","NROPLAZAS":"1","TOTALPLAZAS":2151}},{"type":"Feature","id":"da_aparcamientosMovilidadReducida.fid--175d4967_1a0508ab86c_ad8","geometry":{"type":"Point","coordinates":[-4.472287,36.69820604,0]},"geometry_name":"SDOGEOMETRIA","properties":{"ID":66239,"NOMBRE":"APARCAPMR_767","DESCRIPCION":"Esquina con Botavara","DIRECCION":"CALLE GEA, 15 ","URL":null,"EMAIL":null,"CONTACTO":null,"HORARIOS":null,"PRECIOS":null,"TITULARIDAD":"MUNICIPAL","TARJETAJOVEN":"No","ACCESOPMR":"No","NROPLAZAS":"1","TOTALPLAZAS":2151}},{"type":"Feature","id":"da_aparcamientosMovilidadReducida.fid--175d4967_1a0508ab86c_ad9","geometry":{"type":"Point","coordinates":[-4.50143,36.66271304,0]},"geometry_name":"SDOGEOMETRIA","properties":{"ID":66376,"NOMBRE":"APARCAPMR_999","DESCRIPCION":"Esq. con Pasaje Maestro Soutullo","DIRECCION":"CALLE ÁNGELES RUBIO-ARGÜELLES, 55 ","URL":null,"EMAIL":null,"CONTACTO":null,"HORARIOS":null,"PRECIOS":null,"TITULARIDAD":"MUNICIPAL","TARJETAJOVEN":"No","ACCESOPMR":"No","NROPLAZAS":"1","TOTALPLAZAS":2151}},{"type":"Feature","id":"da_aparcamientosMovilidadReducida.fid--175d4967_1a0508ab86c_ada","geometry":{"type":"Point","coordinates":[-4.44081454,36.70644896,0]},"geometry_name":"SDOGEOMETRIA","properties":{"ID":77987,"NOMBRE":"APARCAPMR_1363","DESCRIPCION":"Esquina C/ San Lucas","DIRECCION":"CALLE SANTA JUSTA, 7 ","URL":null,"EMAIL":null,"CONTACTO":null,"HORARIOS":null,"PRECIOS":null,"TITULARIDAD":"MUNICIPAL","TARJETAJOVEN":"No","ACCESOPMR":"No","NROPLAZAS":"2","TOTALPLAZAS":2151}},{"type":"Feature","id":"da_aparcamientosMovilidadReducida.fid--175d4967_1a0508ab86c_adb","geometry":{"type":"Point","coordinates":[-4.41998005,36.74350102,0]},"geometry_name":"SDOGEOMETRIA","properties":{"ID":66188,"NOMBRE":"APARCAPMR_730","DESCRIPCION":"A la altura del nº 10","DIRECCION":"CALLE LOS FICUS, 12B","URL":null,"EMAIL":null,"CONTACTO":null,"HORARIOS":null,"PRECIOS":null,"TITULARIDAD":"MUNICIPAL","TARJETAJOVEN":"No","ACCESOPMR":"No","NROPLAZAS":"1","TOTALPLAZAS":2151}},{"type":"Feature","id":"da_aparcamientosMovilidadReducida.fid--175d4967_1a0508ab86c_adc","geometry":{"type":"Point","coordinates":[-4.47320859,36.69683934,0]},"geometry_name":"SDOGEOMETRIA","properties":{"ID":66869,"NOMBRE":"APARCAPMR_600","DESCRIPCION":"Esquina con c/ Mastil","DIRECCION":"CALLE BACHILLER PALMA, 4 ","URL":null,"EMAIL":null,"CONTACTO":null,"HORARIOS":null,"PRECIOS":null,"TITULARIDAD":"MUNICIPAL","TARJETAJOVEN":"No","ACCESOPMR":"No","NROPLAZAS":"2","TOTALPLAZAS":2151}},{"type":"Feature","id":"da_aparcamientosMovilidadReducida.fid--175d4967_1a0508ab86c_add","geometry":{"type":"Point","coordinates":[-4.4473179,36.70158994,0]},"geometry_name":"SDOGEOMETRIA","properties":{"ID":66691,"NOMBRE":"APARCAPMR_576","DESCRIPCION":"A la altura del nº18","DIRECCION":"PASAJE DE LA ALBORADA, 2 ","URL":null,"EMAIL":null,"CONTACTO":null,"HORARIOS":null,"PRECIOS":null,"TITULARIDAD":"MUNICIPAL","TARJETAJOVEN":"No","ACCESOPMR":"No","NROPLAZAS":"1","TOTALPLAZAS":2151}},{"type":"Feature","id":"da_aparcamientosMovilidadReducida.fid--175d4967_1a0508ab86c_ade","geometry":{"type":"Point","coordinates":[-4.5392,36.72260004,0]},"geometry_name":"SDOGEOMETRIA","properties":{"ID":66417,"NOMBRE":"APARCAPMR_1120","DESCRIPCION":null,"DIRECCION":"CALLE VERONÉS, 23 ","URL":null,"EMAIL":null,"CONTACTO":null,"HORARIOS":null,"PRECIOS":null,"TITULARIDAD":"MUNICIPAL","TARJETAJOVEN":"No","ACCESOPMR":"No","NROPLAZAS":"1","TOTALPLAZAS":2151}},{"type":"Feature","id":"da_aparcamientosMovilidadReducida.fid--175d4967_1a0508ab86c_adf","geometry":{"type":"Point","coordinates":[-4.35512289,36.71886488,0]},"geometry_name":"SDOGEOMETRIA","properties":{"ID":66572,"NOMBRE":"APARCAPMR_717","DESCRIPCION":"Esquina con Plza. Ntra. Sra. del Rosario","DIRECCION":"CALLE PINTOR DÁMASO RUANO, 10 ","URL":null,"EMAIL":null,"CONTACTO":null,"HORARIOS":null,"PRECIOS":null,"TITULARIDAD":"MUNICIPAL","TARJETAJOVEN":"No","ACCESOPMR":"No","NROPLAZAS":"2","TOTALPLAZAS":2151}},{"type":"Feature","id":"da_aparcamientosMovilidadReducida.fid--175d4967_1a0508ab86c_ae0","geometry":{"type":"Point","coordinates":[-4.471239,36.66807104,0]},"geometry_name":"SDOGEOMETRIA","properties":{"ID":66747,"NOMBRE":"APARCAPMR_952","DESCRIPCION":"Esquina Camino Guadalmar a la Loma","DIRECCION":"CALLE BOGOTÁ, 2 ","URL":null,"EMAIL":null,"CONTACTO":null,"HORARIOS":null,"PRECIOS":null,"TITULARIDAD":"MUNICIPAL","TARJETAJOVEN":"No","ACCESOPMR":"No","NROPLAZAS":"2","TOTALPLAZAS":2151}},{"type":"Feature","id":"da_aparcamientosMovilidadReducida.fid--175d4967_1a0508ab86c_ae1","geometry":{"type":"Point","coordinates":[-4.50418377,36.66262058,0]},"geometry_name":"SDOGEOMETRIA","properties":{"ID":67267,"NOMBRE":"APARCAPMR_321","DESCRIPCION":"Esquina con Cl. Maestro Tomás Bretón","DIRECCION":"CALLE MAESTRO SERRANO, 13 ","URL":null,"EMAIL":null,"CONTACTO":null,"HORARIOS":null,"PRECIOS":null,"TITULARIDAD":"MUNICIPAL","TARJETAJOVEN":"No","ACCESOPMR":"No","NROPLAZAS":"1","TOTALPLAZAS":2151}},{"type":"Feature","id":"da_aparcamientosMovilidadReducida.fid--175d4967_1a0508ab86c_ae2","geometry":{"type":"Point","coordinates":[-4.46203968,36.7274455,0]},"geometry_name":"SDOGEOMETRIA","properties":{"ID":77972,"NOMBRE":"APARCAPMR_1348","DESCRIPCION":null,"DIRECCION":"CALLE CÉSAR MANRIQUE, 1 ","URL":null,"EMAIL":null,"CONTACTO":null,"HORARIOS":null,"PRECIOS":null,"TITULARIDAD":"MUNICIPAL","TARJETAJOVEN":"No","ACCESOPMR":"No","NROPLAZAS":"1","TOTALPLAZAS":2151}},{"type":"Feature","id":"da_aparcamientosMovilidadReducida.fid--175d4967_1a0508ab86c_ae3","geometry":{"type":"Point","coordinates":[-4.46195164,36.72752308,4065642.41594201]},"geometry_name":"SDOGEOMETRIA","properties":{"ID":77973,"NOMBRE":"APARCAPMR_1349","DESCRIPCION":null,"DIRECCION":"CALLE CÉSAR MANRIQUE, 4 ","URL":null,"EMAIL":null,"CONTACTO":null,"HORARIOS":null,"PRECIOS":null,"TITULARIDAD":"MUNICIPAL","TARJETAJOVEN":"No","ACCESOPMR":"No","NROPLAZAS":"1","TOTALPLAZAS":2151}},{"type":"Feature","id":"da_aparcamientosMovilidadReducida.fid--175d4967_1a0508ab86c_ae4","geometry":{"type":"Point","coordinates":[-4.569996,36.73121704,0]},"geometry_name":"SDOGEOMETRIA","properties":{"ID":66325,"NOMBRE":"APARCAPMR_869","DESCRIPCION":null,"DIRECCION":"CALLE DEL DÍA, 6 ","URL":null,"EMAIL":null,"CONTACTO":null,"HORARIOS":null,"PRECIOS":null,"TITULARIDAD":"MUNICIPAL","TARJETAJOVEN":"No","ACCESOPMR":"No","NROPLAZAS":"1","TOTALPLAZAS":2151}},{"type":"Feature","id":"da_aparcamientosMovilidadReducida.fid--175d4967_1a0508ab86c_ae5","geometry":{"type":"Point","coordinates":[-4.5016643,36.66219712,0]},"geometry_name":"SDOGEOMETRIA","properties":{"ID":76025,"NOMBRE":"APARCAPMR_1296","DESCRIPCION":"esquina con con el Pasaje Maestro Soutullo","DIRECCION":"CALLE MAESTRO SERRANO, 63 ","URL":null,"EMAIL":null,"CONTACTO":null,"HORARIOS":null,"PRECIOS":null,"TITULARIDAD":"MUNICIPAL","TARJETAJOVEN":"No","ACCESOPMR":"No","NROPLAZAS":"1","TOTALPLAZAS":2151}},{"type":"Feature","id":"da_aparcamientosMovilidadReducida.fid--175d4967_1a0508ab86c_ae6","geometry":{"type":"Point","coordinates":[-4.42275412,36.73496993,0]},"geometry_name":"SDOGEOMETRIA","properties":{"ID":67080,"NOMBRE":"APARCAPMR_352","DESCRIPCION":"Esquina con c/ San Juan Bosco","DIRECCION":"CALLE SALESIANOS, 5 ","URL":null,"EMAIL":null,"CONTACTO":null,"HORARIOS":null,"PRECIOS":null,"TITULARIDAD":"MUNICIPAL","TARJETAJOVEN":"No","ACCESOPMR":"No","NROPLAZAS":"2","TOTALPLAZAS":2151}},{"type":"Feature","id":"da_aparcamientosMovilidadReducida.fid--175d4967_1a0508ab86c_ae7","geometry":{"type":"Point","coordinates":[-4.5643817,36.73192364,0]},"geometry_name":"SDOGEOMETRIA","properties":{"ID":66441,"NOMBRE":"APARCAPMR_893","DESCRIPCION":"Esquina calle Cantaro","DIRECCION":"CALLE VASIJA, 23 ","URL":null,"EMAIL":null,"CONTACTO":null,"HORARIOS":null,"PRECIOS":null,"TITULARIDAD":"MUNICIPAL","TARJETAJOVEN":"No","ACCESOPMR":"No","NROPLAZAS":"1","TOTALPLAZAS":2151}},{"type":"Feature","id":"da_aparcamientosMovilidadReducida.fid--175d4967_1a0508ab86c_ae8","geometry":{"type":"Point","coordinates":[-4.50485379,36.66352672,0]},"geometry_name":"SDOGEOMETRIA","properties":{"ID":80992,"NOMBRE":"APARCAPMR_870","DESCRIPCION":null,"DIRECCION":"CALLE ÁNGELES RUBIO-ARGÜELLES, 2 ","URL":null,"EMAIL":null,"CONTACTO":null,"HORARIOS":null,"PRECIOS":null,"TITULARIDAD":"MUNICIPAL","TARJETAJOVEN":"No","ACCESOPMR":"No","NROPLAZAS":"1","TOTALPLAZAS":2151}},{"type":"Feature","id":"da_aparcamientosMovilidadReducida.fid--175d4967_1a0508ab86c_ae9","geometry":{"type":"Point","coordinates":[-4.4524995,-4.4524995,0]},"geometry_name":"SDOGEOMETRIA","properties":{"ID":66296,"NOMBRE":"APARCAPMR_836","DESCRIPCION":"Esquina con c/ Torrox.","DIRECCION":"CALLE HUNGRÍA, 52B","URL":null,"EMAIL":null,"CONTACTO":null,"HORARIOS":null,"PRECIOS":null,"TITULARIDAD":"MUNICIPAL","TARJETAJOVEN":"No","ACCESOPMR":"No","NROPLAZAS":"1","TOTALPLAZAS":2151}},{"type":"Feature","id":"da_aparcamientosMovilidadReducida.fid--175d4967_1a0508ab86c_aea","geometry":{"type":"Point","coordinates":[-4.46191206,36.72864136,0]},"geometry_name":"SDOGEOMETRIA","properties":{"ID":77969,"NOMBRE":"APARCAPMR_1345","DESCRIPCION":"Esquina Pintor Murillo Bracho","DIRECCION":"CALLE CÉSAR MANRIQUE, 6 ","URL":null,"EMAIL":null,"CONTACTO":null,"HORARIOS":null,"PRECIOS":null,"TITULARIDAD":"MUNICIPAL","TARJETAJOVEN":"No","ACCESOPMR":"No","NROPLAZAS":"1","TOTALPLAZAS":2151}},{"type":"Feature","id":"da_aparcamientosMovilidadReducida.fid--175d4967_1a0508ab86c_aeb","geometry":{"type":"Point","coordinates":[-4.46090955,36.731408,0]},"geometry_name":"SDOGEOMETRIA","properties":{"ID":77978,"NOMBRE":"APARCAPMR_1354","DESCRIPCION":"Esquina c/ Manet","DIRECCION":"CALLE CÉSAR MANRIQUE, 9 ","URL":null,"EMAIL":null,"CONTACTO":null,"HORARIOS":null,"PRECIOS":null,"TITULARIDAD":"MUNICIPAL","TARJETAJOVEN":"No","ACCESOPMR":"No","NROPLAZAS":"1","TOTALPLAZAS":2151}},{"type":"Feature","id":"da_aparcamientosMovilidadReducida.fid--175d4967_1a0508ab86c_aec","geometry":{"type":"Point","coordinates":[-4.46137484,36.73006298,0]},"geometry_name":"SDOGEOMETRIA","properties":{"ID":77974,"NOMBRE":"APARCAPMR_1350","DESCRIPCION":"Esquina Max Bruch","DIRECCION":"CALLE CÉSAR MANRIQUE, 10 ","URL":null,"EMAIL":null,"CONTACTO":null,"HORARIOS":null,"PRECIOS":null,"TITULARIDAD":"MUNICIPAL","TARJETAJOVEN":"No","ACCESOPMR":"No","NROPLAZAS":"1","TOTALPLAZAS":2151}},{"type":"Feature","id":"da_aparcamientosMovilidadReducida.fid--175d4967_1a0508ab86c_aed","geometry":{"type":"Point","coordinates":[-4.492935,36.72108504,0]},"geometry_name":"SDOGEOMETRIA","properties":{"ID":66278,"NOMBRE":"APARCAPMR_757","DESCRIPCION":null,"DIRECCION":"CALLE NAVARRO LEDESMA, 196 ","URL":null,"EMAIL":null,"CONTACTO":null,"HORARIOS":null,"PRECIOS":null,"TITULARIDAD":"MUNICIPAL","TARJETAJOVEN":"No","ACCESOPMR":"No","NROPLAZAS":"2","TOTALPLAZAS":2151}},{"type":"Feature","id":"da_aparcamientosMovilidadReducida.fid--175d4967_1a0508ab86c_aee","geometry":{"type":"Point","coordinates":[-4.50122038,36.66202145,0]},"geometry_name":"SDOGEOMETRIA","properties":{"ID":66725,"NOMBRE":"APARCAPMR_1253","DESCRIPCION":null,"DIRECCION":"CALLE RICARDO LÓPEZ BARROSO, 1 ","URL":null,"EMAIL":null,"CONTACTO":null,"HORARIOS":null,"PRECIOS":null,"TITULARIDAD":"MUNICIPAL","TARJETAJOVEN":"No","ACCESOPMR":"No","NROPLAZAS":"1","TOTALPLAZAS":2151}},{"type":"Feature","id":"da_aparcamientosMovilidadReducida.fid--175d4967_1a0508ab86c_aef","geometry":{"type":"Point","coordinates":[-4.44756591,36.70216557,0]},"geometry_name":"SDOGEOMETRIA","properties":{"ID":77790,"NOMBRE":"APARCAPMR_1332","DESCRIPCION":"Avenida Europa esquina con C/ Cortijuelo","DIRECCION":"AVENIDA DE EUROPA, 73 ","URL":null,"EMAIL":null,"CONTACTO":null,"HORARIOS":null,"PRECIOS":null,"TITULARIDAD":"MUNICIPAL","TARJETAJOVEN":"No","ACCESOPMR":"No","NROPLAZAS":"1","TOTALPLAZAS":2151}},{"type":"Feature","id":"da_aparcamientosMovilidadReducida.fid--175d4967_1a0508ab86c_af0","geometry":{"type":"Point","coordinates":[-4.447502,36.70198804,0]},"geometry_name":"SDOGEOMETRIA","properties":{"ID":66409,"NOMBRE":"APARCAPMR_1016","DESCRIPCION":"Esq. Pasaje Alborada","DIRECCION":"AVENIDA DE EUROPA, 65 ","URL":null,"EMAIL":null,"CONTACTO":null,"HORARIOS":null,"PRECIOS":null,"TITULARIDAD":"MUNICIPAL","TARJETAJOVEN":"No","ACCESOPMR":"No","NROPLAZAS":"1","TOTALPLAZAS":2151}},{"type":"Feature","id":"da_aparcamientosMovilidadReducida.fid--175d4967_1a0508ab86c_af1","geometry":{"type":"Point","coordinates":[-4.437768,36.71144604,0]},"geometry_name":"SDOGEOMETRIA","properties":{"ID":66230,"NOMBRE":"APARCAPMR_770","DESCRIPCION":null,"DIRECCION":"CALLE LA UNIÓN, 28 ","URL":null,"EMAIL":null,"CONTACTO":null,"HORARIOS":null,"PRECIOS":null,"TITULARIDAD":"MUNICIPAL","TARJETAJOVEN":"No","ACCESOPMR":"No","NROPLAZAS":"1","TOTALPLAZAS":2151}},{"type":"Feature","id":"da_aparcamientosMovilidadReducida.fid--175d4967_1a0508ab86c_af2","geometry":{"type":"Point","coordinates":[-4.47293758,36.72398279,0]},"geometry_name":"SDOGEOMETRIA","properties":{"ID":66761,"NOMBRE":"APARCAPMR_585","DESCRIPCION":"Esquina con Cl. Navarro Ledesma","DIRECCION":"CALLE NAVARRO LEDESMA, 221 ","URL":null,"EMAIL":null,"CONTACTO":null,"HORARIOS":null,"PRECIOS":null,"TITULARIDAD":"MUNICIPAL","TARJETAJOVEN":"No","ACCESOPMR":"No","NROPLAZAS":"1","TOTALPLAZAS":2151}},{"type":"Feature","id":"da_aparcamientosMovilidadReducida.fid--175d4967_1a0508ab86c_af3","geometry":{"type":"Point","coordinates":[-4.46956326,36.72476738,0]},"geometry_name":"SDOGEOMETRIA","properties":{"ID":79698,"NOMBRE":"APARCAPMR_1427","DESCRIPCION":"C/ Navarro Ledesma, Nº 122","DIRECCION":"CALLE NAVARRO LEDESMA, 122 ","URL":null,"EMAIL":null,"CONTACTO":null,"HORARIOS":null,"PRECIOS":null,"TITULARIDAD":"MUNICIPAL","TARJETAJOVEN":"No","ACCESOPMR":"No","NROPLAZAS":"1","TOTALPLAZAS":2151}},{"type":"Feature","id":"da_aparcamientosMovilidadReducida.fid--175d4967_1a0508ab86c_af4","geometry":{"type":"Point","coordinates":[-4.47581838,36.72201195,0]},"geometry_name":"SDOGEOMETRIA","properties":{"ID":80623,"NOMBRE":"APARCAPMR_1452","DESCRIPCION":" C/ Hermes esquina con C/ Antigona, a la altura del Nº 5","DIRECCION":"CALLE HERMES, 12 ","URL":null,"EMAIL":null,"CONTACTO":null,"HORARIOS":null,"PRECIOS":null,"TITULARIDAD":"MUNICIPAL","TARJETAJOVEN":"No","ACCESOPMR":"No","NROPLAZAS":"1","TOTALPLAZAS":2151}},{"type":"Feature","id":"da_aparcamientosMovilidadReducida.fid--175d4967_1a0508ab86c_af5","geometry":{"type":"Point","coordinates":[-4.409318,36.71851704,0]},"geometry_name":"SDOGEOMETRIA","properties":{"ID":66422,"NOMBRE":"APARCAPMR_1031","DESCRIPCION":"Esq. Paseo Marítimo Pablo Ruiz Picasso","DIRECCION":"CALLE FERNANDO CAMINO, 22 ","URL":null,"EMAIL":null,"CONTACTO":null,"HORARIOS":null,"PRECIOS":null,"TITULARIDAD":"MUNICIPAL","TARJETAJOVEN":"No","ACCESOPMR":"No","NROPLAZAS":"1","TOTALPLAZAS":2151}},{"type":"Feature","id":"da_aparcamientosMovilidadReducida.fid--175d4967_1a0508ab86c_af6","geometry":{"type":"Point","coordinates":[-4.45668209,36.68687066,0]},"geometry_name":"SDOGEOMETRIA","properties":{"ID":77268,"NOMBRE":"APARCAPMR_1311","DESCRIPCION":null,"DIRECCION":"CALLE VILLANUEVA DE ALGAIDAS, 3 ","URL":null,"EMAIL":null,"CONTACTO":null,"HORARIOS":null,"PRECIOS":null,"TITULARIDAD":"MUNICIPAL","TARJETAJOVEN":"No","ACCESOPMR":"No","NROPLAZAS":"1","TOTALPLAZAS":2151}},{"type":"Feature","id":"da_aparcamientosMovilidadReducida.fid--175d4967_1a0508ab86c_af7","geometry":{"type":"Point","coordinates":[-4.447249,36.67978204,0]},"geometry_name":"SDOGEOMETRIA","properties":{"ID":66242,"NOMBRE":"APARCAPMR_791","DESCRIPCION":null,"DIRECCION":"PASEO TANIMA, 2 ","URL":null,"EMAIL":null,"CONTACTO":null,"HORARIOS":null,"PRECIOS":null,"TITULARIDAD":"MUNICIPAL","TARJETAJOVEN":"No","ACCESOPMR":"No","NROPLAZAS":"1","TOTALPLAZAS":2151}},{"type":"Feature","id":"da_aparcamientosMovilidadReducida.fid--175d4967_1a0508ab86c_af8","geometry":{"type":"Point","coordinates":[-4.452577,36.71516804,0]},"geometry_name":"SDOGEOMETRIA","properties":{"ID":66824,"NOMBRE":"APARCAPMR_1027","DESCRIPCION":"Esq. con Cl. Corregidor Jerónimo Valenzuela","DIRECCION":"CALLE CORREGIDOR NICOLÁS ISIDRO, 14 ","URL":null,"EMAIL":null,"CONTACTO":null,"HORARIOS":null,"PRECIOS":null,"TITULARIDAD":"MUNICIPAL","TARJETAJOVEN":"No","ACCESOPMR":"No","NROPLAZAS":"2","TOTALPLAZAS":2151}},{"type":"Feature","id":"da_aparcamientosMovilidadReducida.fid--175d4967_1a0508ab86c_af9","geometry":{"type":"Point","coordinates":[-4.45261717,36.7149765,0]},"geometry_name":"SDOGEOMETRIA","properties":{"ID":67017,"NOMBRE":"APARCAPMR_457","DESCRIPCION":"Plaza bloque 23","DIRECCION":"CALLE CORREGIDOR NICOLÁS ISIDRO, 14 ","URL":null,"EMAIL":null,"CONTACTO":null,"HORARIOS":null,"PRECIOS":null,"TITULARIDAD":"MUNICIPAL","TARJETAJOVEN":"No","ACCESOPMR":"No","NROPLAZAS":"2","TOTALPLAZAS":2151}},{"type":"Feature","id":"da_aparcamientosMovilidadReducida.fid--175d4967_1a0508ab86c_afa","geometry":{"type":"Point","coordinates":[-4.45353314,36.71493834,0]},"geometry_name":"SDOGEOMETRIA","properties":{"ID":66909,"NOMBRE":"APARCAPMR_418","DESCRIPCION":"Esquina con c/ Almogía","DIRECCION":"CALLE CORREGIDOR NICOLÁS ISIDRO, 16 ","URL":null,"EMAIL":null,"CONTACTO":null,"HORARIOS":null,"PRECIOS":null,"TITULARIDAD":"MUNICIPAL","TARJETAJOVEN":"No","ACCESOPMR":"No","NROPLAZAS":"2","TOTALPLAZAS":2151}},{"type":"Feature","id":"da_aparcamientosMovilidadReducida.fid--175d4967_1a0508ab86c_afb","geometry":{"type":"Point","coordinates":[-4.43016507,36.71950558,0]},"geometry_name":"SDOGEOMETRIA","properties":{"ID":67217,"NOMBRE":"APARCAPMR_164","DESCRIPCION":"Esquina con c/ Don Cristian","DIRECCION":"CALLE MONTES DE OCA, 21 ","URL":null,"EMAIL":null,"CONTACTO":null,"HORARIOS":null,"PRECIOS":null,"TITULARIDAD":"MUNICIPAL","TARJETAJOVEN":"No","ACCESOPMR":"No","NROPLAZAS":"2","TOTALPLAZAS":2151}},{"type":"Feature","id":"da_aparcamientosMovilidadReducida.fid--175d4967_1a0508ab86c_afc","geometry":{"type":"Point","coordinates":[-4.47489758,36.72198725,0]},"geometry_name":"SDOGEOMETRIA","properties":{"ID":66202,"NOMBRE":"APARCAPMR_1190","DESCRIPCION":"Esq. C/ Eolo","DIRECCION":"CALLE HERMES, 1 ","URL":null,"EMAIL":null,"CONTACTO":null,"HORARIOS":null,"PRECIOS":null,"TITULARIDAD":"MUNICIPAL","TARJETAJOVEN":"No","ACCESOPMR":"No","NROPLAZAS":"1","TOTALPLAZAS":2151}},{"type":"Feature","id":"da_aparcamientosMovilidadReducida.fid--175d4967_1a0508ab86c_afd","geometry":{"type":"Point","coordinates":[-4.41239007,36.7272763,0]},"geometry_name":"SDOGEOMETRIA","properties":{"ID":66695,"NOMBRE":"APARCAPMR_563","DESCRIPCION":"Esquina con c/ Ferrándiz","DIRECCION":"CALLE HURTADO DE MENDOZA, 1 ","URL":null,"EMAIL":null,"CONTACTO":null,"HORARIOS":null,"PRECIOS":null,"TITULARIDAD":"MUNICIPAL","TARJETAJOVEN":"No","ACCESOPMR":"No","NROPLAZAS":"2","TOTALPLAZAS":2151}},{"type":"Feature","id":"da_aparcamientosMovilidadReducida.fid--175d4967_1a0508ab86c_afe","geometry":{"type":"Point","coordinates":[-4.436256,36.73009904,0]},"geometry_name":"SDOGEOMETRIA","properties":{"ID":66809,"NOMBRE":"APARCAPMR_923","DESCRIPCION":"Esquina con Cl. Cristino Martos","DIRECCION":"CALLE CRISTINO MARTOS, 5 ","URL":null,"EMAIL":null,"CONTACTO":null,"HORARIOS":null,"PRECIOS":null,"TITULARIDAD":"MUNICIPAL","TARJETAJOVEN":"No","ACCESOPMR":"No","NROPLAZAS":"1","TOTALPLAZAS":2151}},{"type":"Feature","id":"da_aparcamientosMovilidadReducida.fid--175d4967_1a0508ab86c_aff","geometry":{"type":"Point","coordinates":[-4.447238,36.71399704,0]},"geometry_name":"SDOGEOMETRIA","properties":{"ID":66301,"NOMBRE":"APARCAPMR_876","DESCRIPCION":null,"DIRECCION":"CALLE VIRGEN DE LA FUENSANTA, 50 ","URL":null,"EMAIL":null,"CONTACTO":null,"HORARIOS":null,"PRECIOS":null,"TITULARIDAD":"MUNICIPAL","TARJETAJOVEN":"No","ACCESOPMR":"No","NROPLAZAS":"1","TOTALPLAZAS":2151}},{"type":"Feature","id":"da_aparcamientosMovilidadReducida.fid--175d4967_1a0508ab86c_b00","geometry":{"type":"Point","coordinates":[-4.47291,36.72102804,0]},"geometry_name":"SDOGEOMETRIA","properties":{"ID":66672,"NOMBRE":"APARCAPMR_1062","DESCRIPCION":"Esq. con Av. Plutarco","DIRECCION":"CALLE FRANCISCO BARBÍN, 19 ","URL":null,"EMAIL":null,"CONTACTO":null,"HORARIOS":null,"PRECIOS":null,"TITULARIDAD":"MUNICIPAL","TARJETAJOVEN":"No","ACCESOPMR":"No","NROPLAZAS":"1","TOTALPLAZAS":2151}},{"type":"Feature","id":"da_aparcamientosMovilidadReducida.fid--175d4967_1a0508ab86c_b01","geometry":{"type":"Point","coordinates":[-4.48074382,36.73324499,0]},"geometry_name":"SDOGEOMETRIA","properties":{"ID":76810,"NOMBRE":"APARCAPMR_1230","DESCRIPCION":null,"DIRECCION":"CALLE CRISTO DEL PUERTO, 21 ","URL":null,"EMAIL":null,"CONTACTO":null,"HORARIOS":null,"PRECIOS":null,"TITULARIDAD":"MUNICIPAL","TARJETAJOVEN":"No","ACCESOPMR":"No","NROPLAZAS":"1","TOTALPLAZAS":2151}},{"type":"Feature","id":"da_aparcamientosMovilidadReducida.fid--175d4967_1a0508ab86c_b02","geometry":{"type":"Point","coordinates":[-4.48079632,36.73334798,0]},"geometry_name":"SDOGEOMETRIA","properties":{"ID":80963,"NOMBRE":"APARCAPMR_1230_B","DESCRIPCION":null,"DIRECCION":"CALLE CRISTO DEL PUERTO, 25 ","URL":null,"EMAIL":null,"CONTACTO":null,"HORARIOS":null,"PRECIOS":null,"TITULARIDAD":"MUNICIPAL","TARJETAJOVEN":"No","ACCESOPMR":"No","NROPLAZAS":"1","TOTALPLAZAS":2151}},{"type":"Feature","id":"da_aparcamientosMovilidadReducida.fid--175d4967_1a0508ab86c_b03","geometry":{"type":"Point","coordinates":[-4.423212,36.74514504,0]},"geometry_name":"SDOGEOMETRIA","properties":{"ID":66749,"NOMBRE":"APARCAPMR_1019","DESCRIPCION":"Esquina con Cl. Cronista Madrid Muñoz","DIRECCION":"CALLE CRONISTA MADRID MUÑOZ, 5 ","URL":null,"EMAIL":null,"CONTACTO":null,"HORARIOS":null,"PRECIOS":null,"TITULARIDAD":"MUNICIPAL","TARJETAJOVEN":"No","ACCESOPMR":"No","NROPLAZAS":"1","TOTALPLAZAS":2151}},{"type":"Feature","id":"da_aparcamientosMovilidadReducida.fid--175d4967_1a0508ab86c_b04","geometry":{"type":"Point","coordinates":[-4.45039161,36.70087809,0]},"geometry_name":"SDOGEOMETRIA","properties":{"ID":81033,"NOMBRE":"APARCAPMR_1112","DESCRIPCION":null,"DIRECCION":"AVENIDA DE EUROPA, 85 ","URL":null,"EMAIL":null,"CONTACTO":null,"HORARIOS":null,"PRECIOS":null,"TITULARIDAD":"MUNICIPAL","TARJETAJOVEN":"No","ACCESOPMR":"No","NROPLAZAS":"1","TOTALPLAZAS":2151}},{"type":"Feature","id":"da_aparcamientosMovilidadReducida.fid--175d4967_1a0508ab86c_b05","geometry":{"type":"Point","coordinates":[-4.48028653,36.72448031,0]},"geometry_name":"SDOGEOMETRIA","properties":{"ID":66458,"NOMBRE":"APARCAPMR_1127","DESCRIPCION":"Esq. con Cl. Mercedes Llopart","DIRECCION":"CALLE NAVARRO LEDESMA, 245 ","URL":null,"EMAIL":null,"CONTACTO":null,"HORARIOS":null,"PRECIOS":null,"TITULARIDAD":"MUNICIPAL","TARJETAJOVEN":"No","ACCESOPMR":"No","NROPLAZAS":"2","TOTALPLAZAS":2151}},{"type":"Feature","id":"da_aparcamientosMovilidadReducida.fid--175d4967_1a0508ab86c_b06","geometry":{"type":"Point","coordinates":[-4.43205267,36.71282529,0]},"geometry_name":"SDOGEOMETRIA","properties":{"ID":67275,"NOMBRE":"APARCAPMR_486","DESCRIPCION":"Esquina con Explanada de la Estación","DIRECCION":"CALLE MENDÍVIL, 6 ","URL":null,"EMAIL":null,"CONTACTO":null,"HORARIOS":null,"PRECIOS":null,"TITULARIDAD":"MUNICIPAL","TARJETAJOVEN":"No","ACCESOPMR":"No","NROPLAZAS":"2","TOTALPLAZAS":2151}},{"type":"Feature","id":"da_aparcamientosMovilidadReducida.fid--175d4967_1a0508ab86c_b07","geometry":{"type":"Point","coordinates":[-4.4476528,36.69634404,0]},"geometry_name":"SDOGEOMETRIA","properties":{"ID":66358,"NOMBRE":"APARCAPMR_852","DESCRIPCION":null,"DIRECCION":"CALLE MONTAÑA BLANCA, 20 ","URL":null,"EMAIL":null,"CONTACTO":null,"HORARIOS":null,"PRECIOS":null,"TITULARIDAD":"MUNICIPAL","TARJETAJOVEN":"No","ACCESOPMR":"No","NROPLAZAS":"2","TOTALPLAZAS":2151}},{"type":"Feature","id":"da_aparcamientosMovilidadReducida.fid--175d4967_1a0508ab86c_b08","geometry":{"type":"Point","coordinates":[-4.436015,36.72811904,0]},"geometry_name":"SDOGEOMETRIA","properties":{"ID":66172,"NOMBRE":"APARCAPMR_1073","DESCRIPCION":null,"DIRECCION":"CALLE SEBASTIÁN DE ESLAVA, 14 ","URL":null,"EMAIL":null,"CONTACTO":null,"HORARIOS":null,"PRECIOS":null,"TITULARIDAD":"MUNICIPAL","TARJETAJOVEN":"No","ACCESOPMR":"No","NROPLAZAS":"1","TOTALPLAZAS":2151}},{"type":"Feature","id":"da_aparcamientosMovilidadReducida.fid--175d4967_1a0508ab86c_b09","geometry":{"type":"Point","coordinates":[-4.45986986,36.68168773,0]},"geometry_name":"SDOGEOMETRIA","properties":{"ID":67258,"NOMBRE":"APARCAPMR_132","DESCRIPCION":"Palacio de Deportes Martín Carpena","DIRECCION":"CALLE MIGUEL DE MÉRIDA NICOLICH, 2 ","URL":null,"EMAIL":null,"CONTACTO":null,"HORARIOS":null,"PRECIOS":null,"TITULARIDAD":"MUNICIPAL","TARJETAJOVEN":"No","ACCESOPMR":"No","NROPLAZAS":"13","TOTALPLAZAS":2151}},{"type":"Feature","id":"da_aparcamientosMovilidadReducida.fid--175d4967_1a0508ab86c_b0a","geometry":{"type":"Point","coordinates":[-4.43881137,36.71464807,0]},"geometry_name":"SDOGEOMETRIA","properties":{"ID":81047,"NOMBRE":"APARCAPMR_1213","DESCRIPCION":null,"DIRECCION":"CALLE SANTA TERESA, 6 ","URL":null,"EMAIL":null,"CONTACTO":null,"HORARIOS":null,"PRECIOS":null,"TITULARIDAD":"MUNICIPAL","TARJETAJOVEN":"No","ACCESOPMR":"No","NROPLAZAS":"1","TOTALPLAZAS":2151}},{"type":"Feature","id":"da_aparcamientosMovilidadReducida.fid--175d4967_1a0508ab86c_b0b","geometry":{"type":"Point","coordinates":[-4.45266545,36.73148758,0]},"geometry_name":"SDOGEOMETRIA","properties":{"ID":66688,"NOMBRE":"APARCAPMR_558","DESCRIPCION":"A la altura del nº 15","DIRECCION":"CALLE INDUSTRIAL, 18 ","URL":null,"EMAIL":null,"CONTACTO":null,"HORARIOS":null,"PRECIOS":null,"TITULARIDAD":"MUNICIPAL","TARJETAJOVEN":"No","ACCESOPMR":"No","NROPLAZAS":"1","TOTALPLAZAS":2151}},{"type":"Feature","id":"da_aparcamientosMovilidadReducida.fid--175d4967_1a0508ab86c_b0c","geometry":{"type":"Point","coordinates":[-4.4532778,36.71292104,0]},"geometry_name":"SDOGEOMETRIA","properties":{"ID":66143,"NOMBRE":"APARCAPMR_802","DESCRIPCION":null,"DIRECCION":"CALLE VIÑUELA, 8 ","URL":null,"EMAIL":null,"CONTACTO":null,"HORARIOS":null,"PRECIOS":null,"TITULARIDAD":"MUNICIPAL","TARJETAJOVEN":"No","ACCESOPMR":"No","NROPLAZAS":"1","TOTALPLAZAS":2151}},{"type":"Feature","id":"da_aparcamientosMovilidadReducida.fid--175d4967_1a0508ab86c_b0d","geometry":{"type":"Point","coordinates":[-4.44441,36.71752604,0]},"geometry_name":"SDOGEOMETRIA","properties":{"ID":66754,"NOMBRE":"APARCAPMR_1071","DESCRIPCION":"Esq. con Cl. Virgen de la Paloma","DIRECCION":"CALLE VIRGEN DEL ROSARIO, 14 ","URL":null,"EMAIL":null,"CONTACTO":null,"HORARIOS":null,"PRECIOS":null,"TITULARIDAD":"MUNICIPAL","TARJETAJOVEN":"No","ACCESOPMR":"No","NROPLAZAS":"1","TOTALPLAZAS":2151}},{"type":"Feature","id":"da_aparcamientosMovilidadReducida.fid--175d4967_1a0508ab86c_b0e","geometry":{"type":"Point","coordinates":[-4.42466319,36.7310125,0]},"geometry_name":"SDOGEOMETRIA","properties":{"ID":67194,"NOMBRE":"APARCAPMR_198","DESCRIPCION":"Esquina con c/ Peinado","DIRECCION":"CALLE ACTRIZ ROSARIO PINO, 10 ","URL":null,"EMAIL":null,"CONTACTO":null,"HORARIOS":null,"PRECIOS":null,"TITULARIDAD":"MUNICIPAL","TARJETAJOVEN":"No","ACCESOPMR":"No","NROPLAZAS":"2","TOTALPLAZAS":2151}},{"type":"Feature","id":"da_aparcamientosMovilidadReducida.fid--175d4967_1a0508ab86c_b0f","geometry":{"type":"Point","coordinates":[-4.44450684,36.71796187,0]},"geometry_name":"SDOGEOMETRIA","properties":{"ID":66337,"NOMBRE":"APARCAPMR_130","DESCRIPCION":"Esquina con c/ Virgen de los Dolores","DIRECCION":"CALLE VIRGEN DEL ROSARIO, 7 ","URL":null,"EMAIL":null,"CONTACTO":null,"HORARIOS":null,"PRECIOS":null,"TITULARIDAD":"MUNICIPAL","TARJETAJOVEN":"No","ACCESOPMR":"No","NROPLAZAS":"2","TOTALPLAZAS":2151}},{"type":"Feature","id":"da_aparcamientosMovilidadReducida.fid--175d4967_1a0508ab86c_b10","geometry":{"type":"Point","coordinates":[-4.42746677,36.71249093,0]},"geometry_name":"SDOGEOMETRIA","properties":{"ID":67202,"NOMBRE":"APARCAPMR_297","DESCRIPCION":"Esquina con Plaza de Toros Vieja","DIRECCION":"CALLE PLAZA DE TOROS VIEJA, 9 ","URL":null,"EMAIL":null,"CONTACTO":null,"HORARIOS":null,"PRECIOS":null,"TITULARIDAD":"MUNICIPAL","TARJETAJOVEN":"No","ACCESOPMR":"No","NROPLAZAS":"2","TOTALPLAZAS":2151}},{"type":"Feature","id":"da_aparcamientosMovilidadReducida.fid--175d4967_1a0508ab86c_b11","geometry":{"type":"Point","coordinates":[-4.56630059,36.73179874,0]},"geometry_name":"SDOGEOMETRIA","properties":{"ID":66928,"NOMBRE":"APARCAPMR_489","DESCRIPCION":"Esquina con Camino de Rojas. Frente al nº 1","DIRECCION":"CALLE DE ÍTACA, 1 ","URL":null,"EMAIL":null,"CONTACTO":null,"HORARIOS":null,"PRECIOS":null,"TITULARIDAD":"MUNICIPAL","TARJETAJOVEN":"No","ACCESOPMR":"No","NROPLAZAS":"2","TOTALPLAZAS":2151}},{"type":"Feature","id":"da_aparcamientosMovilidadReducida.fid--175d4967_1a0508ab86c_b12","geometry":{"type":"Point","coordinates":[-4.43872131,36.72888485,0]},"geometry_name":"SDOGEOMETRIA","properties":{"ID":66677,"NOMBRE":"APARCAPMR_559","DESCRIPCION":"Esquina con Cl. Segismundo Moret. ","DIRECCION":"CALLE SEGISMUNDO MORET, 60 ","URL":null,"EMAIL":null,"CONTACTO":null,"HORARIOS":null,"PRECIOS":null,"TITULARIDAD":"MUNICIPAL","TARJETAJOVEN":"No","ACCESOPMR":"No","NROPLAZAS":"3","TOTALPLAZAS":2151}},{"type":"Feature","id":"da_aparcamientosMovilidadReducida.fid--175d4967_1a0508ab86c_b13","geometry":{"type":"Point","coordinates":[-4.45147589,36.71534686,0]},"geometry_name":"SDOGEOMETRIA","properties":{"ID":67163,"NOMBRE":"APARCAPMR_301","DESCRIPCION":"A la altura del nº 12","DIRECCION":"CALLE CORREGIDOR NICOLÁS ISIDRO, 17 ","URL":null,"EMAIL":null,"CONTACTO":null,"HORARIOS":null,"PRECIOS":null,"TITULARIDAD":"MUNICIPAL","TARJETAJOVEN":"No","ACCESOPMR":"No","NROPLAZAS":"2","TOTALPLAZAS":2151}},{"type":"Feature","id":"da_aparcamientosMovilidadReducida.fid--175d4967_1a0508ab86c_b14","geometry":{"type":"Point","coordinates":[-4.46027788,36.66912095,0]},"geometry_name":"SDOGEOMETRIA","properties":{"ID":78796,"NOMBRE":"APARCAPMR_1407","DESCRIPCION":"C/ Wilkinson esquina con C/ Conde Lucanor","DIRECCION":"CALLE WILKINSON, 50 ","URL":null,"EMAIL":null,"CONTACTO":null,"HORARIOS":null,"PRECIOS":null,"TITULARIDAD":"MUNICIPAL","TARJETAJOVEN":"No","ACCESOPMR":"No","NROPLAZAS":"1","TOTALPLAZAS":2151}},{"type":"Feature","id":"da_aparcamientosMovilidadReducida.fid--175d4967_1a0508ab86c_b15","geometry":{"type":"Point","coordinates":[-4.44283314,36.70930054,0]},"geometry_name":"SDOGEOMETRIA","properties":{"ID":67008,"NOMBRE":"APARCAPMR_444","DESCRIPCION":"Esquina con c/ Andarax","DIRECCION":"CALLE LA UNIÓN, 77 ","URL":null,"EMAIL":null,"CONTACTO":null,"HORARIOS":null,"PRECIOS":null,"TITULARIDAD":"MUNICIPAL","TARJETAJOVEN":"No","ACCESOPMR":"No","NROPLAZAS":"1","TOTALPLAZAS":2151}},{"type":"Feature","id":"da_aparcamientosMovilidadReducida.fid--175d4967_1a0508ab86c_b16","geometry":{"type":"Point","coordinates":[-4.43707243,36.72373448,0]},"geometry_name":"SDOGEOMETRIA","properties":{"ID":67112,"NOMBRE":"APARCAPMR_195","DESCRIPCION":"A la altura del nº 8","DIRECCION":"CALLE EDUARDO SAN MARTÍN, 14 ","URL":null,"EMAIL":null,"CONTACTO":null,"HORARIOS":null,"PRECIOS":null,"TITULARIDAD":"MUNICIPAL","TARJETAJOVEN":"No","ACCESOPMR":"No","NROPLAZAS":"2","TOTALPLAZAS":2151}},{"type":"Feature","id":"da_aparcamientosMovilidadReducida.fid--175d4967_1a0508ab86c_b17","geometry":{"type":"Point","coordinates":[-4.43613553,36.707483,0]},"geometry_name":"SDOGEOMETRIA","properties":{"ID":66182,"NOMBRE":"APARCAPMR_728","DESCRIPCION":"A la altura del nº 2","DIRECCION":"CALLE RAFAEL SALINAS, 2 ","URL":null,"EMAIL":null,"CONTACTO":null,"HORARIOS":null,"PRECIOS":null,"TITULARIDAD":"MUNICIPAL","TARJETAJOVEN":"No","ACCESOPMR":"No","NROPLAZAS":"1","TOTALPLAZAS":2151}},{"type":"Feature","id":"da_aparcamientosMovilidadReducida.fid--175d4967_1a0508ab86c_b18","geometry":{"type":"Point","coordinates":[-4.4503953,36.71007486,0]},"geometry_name":"SDOGEOMETRIA","properties":{"ID":80935,"NOMBRE":"APARCAPMR_775","DESCRIPCION":null,"DIRECCION":"CALLE RÍO TERA, 4 ","URL":null,"EMAIL":null,"CONTACTO":null,"HORARIOS":null,"PRECIOS":null,"TITULARIDAD":"MUNICIPAL","TARJETAJOVEN":"No","ACCESOPMR":"No","NROPLAZAS":"1","TOTALPLAZAS":2151}},{"type":"Feature","id":"da_aparcamientosMovilidadReducida.fid--175d4967_1a0508ab86c_b19","geometry":{"type":"Point","coordinates":[-4.41448286,36.72909498,0]},"geometry_name":"SDOGEOMETRIA","properties":{"ID":66191,"NOMBRE":"APARCAPMR_738","DESCRIPCION":"A la altura del nº1","DIRECCION":"CALLE MITJANA, 2 ","URL":null,"EMAIL":null,"CONTACTO":null,"HORARIOS":null,"PRECIOS":null,"TITULARIDAD":"MUNICIPAL","TARJETAJOVEN":"No","ACCESOPMR":"No","NROPLAZAS":"1","TOTALPLAZAS":2151}},{"type":"Feature","id":"da_aparcamientosMovilidadReducida.fid--175d4967_1a0508ab86c_b1a","geometry":{"type":"Point","coordinates":[-4.45133775,36.70049737,0]},"geometry_name":"SDOGEOMETRIA","properties":{"ID":67287,"NOMBRE":"APARCAPMR_521","DESCRIPCION":"A la altura del nº 89","DIRECCION":"AVENIDA DE EUROPA, 91 ","URL":null,"EMAIL":null,"CONTACTO":null,"HORARIOS":null,"PRECIOS":null,"TITULARIDAD":"MUNICIPAL","TARJETAJOVEN":"No","ACCESOPMR":"No","NROPLAZAS":"1","TOTALPLAZAS":2151}},{"type":"Feature","id":"da_aparcamientosMovilidadReducida.fid--175d4967_1a0508ab86c_b1b","geometry":{"type":"Point","coordinates":[-4.450622,36.70078504,0]},"geometry_name":"SDOGEOMETRIA","properties":{"ID":66582,"NOMBRE":"APARCAPMR_1083","DESCRIPCION":null,"DIRECCION":"AVENIDA DE EUROPA, 87 ","URL":null,"EMAIL":null,"CONTACTO":null,"HORARIOS":null,"PRECIOS":null,"TITULARIDAD":"MUNICIPAL","TARJETAJOVEN":"No","ACCESOPMR":"No","NROPLAZAS":"1","TOTALPLAZAS":2151}},{"type":"Feature","id":"da_aparcamientosMovilidadReducida.fid--175d4967_1a0508ab86c_b1c","geometry":{"type":"Point","coordinates":[-4.45017004,36.70103458,0]},"geometry_name":"SDOGEOMETRIA","properties":{"ID":66343,"NOMBRE":"APARCAPMR_106","DESCRIPCION":"Esquina con Cl. Jerónimo Bobadilla.","DIRECCION":"AVENIDA DE EUROPA, 83 ","URL":null,"EMAIL":null,"CONTACTO":null,"HORARIOS":null,"PRECIOS":null,"TITULARIDAD":"MUNICIPAL","TARJETAJOVEN":"No","ACCESOPMR":"No","NROPLAZAS":"2","TOTALPLAZAS":2151}},{"type":"Feature","id":"da_aparcamientosMovilidadReducida.fid--175d4967_1a0508ab86c_b1d","geometry":{"type":"Point","coordinates":[-4.48187139,36.7389874,0]},"geometry_name":"SDOGEOMETRIA","properties":{"ID":80961,"NOMBRE":"APARCAPMR_227_B","DESCRIPCION":null,"DIRECCION":"CALLE PIRITA, 10 ","URL":null,"EMAIL":null,"CONTACTO":null,"HORARIOS":null,"PRECIOS":null,"TITULARIDAD":"MUNICIPAL","TARJETAJOVEN":"No","ACCESOPMR":"No","NROPLAZAS":"1","TOTALPLAZAS":2151}},{"type":"Feature","id":"da_aparcamientosMovilidadReducida.fid--175d4967_1a0508ab86c_b1e","geometry":{"type":"Point","coordinates":[-4.468884,36.72478504,0]},"geometry_name":"SDOGEOMETRIA","properties":{"ID":66846,"NOMBRE":"APARCAPMR_1023","DESCRIPCION":"Esq. Cl. Diego López de Zuñiga","DIRECCION":"CALLE NAVARRO LEDESMA, 165 ","URL":null,"EMAIL":null,"CONTACTO":null,"HORARIOS":null,"PRECIOS":null,"TITULARIDAD":"MUNICIPAL","TARJETAJOVEN":"No","ACCESOPMR":"No","NROPLAZAS":"1","TOTALPLAZAS":2151}},{"type":"Feature","id":"da_aparcamientosMovilidadReducida.fid--175d4967_1a0508ab86c_b1f","geometry":{"type":"Point","coordinates":[-4.448472,36.69621004,0]},"geometry_name":"SDOGEOMETRIA","properties":{"ID":66839,"NOMBRE":"APARCAPMR_1064","DESCRIPCION":"Esq. con Cl. Niño Jesús de Praga","DIRECCION":"CALLE PRINCESA POLIXENA, 4 ","URL":null,"EMAIL":null,"CONTACTO":null,"HORARIOS":null,"PRECIOS":null,"TITULARIDAD":"MUNICIPAL","TARJETAJOVEN":"No","ACCESOPMR":"No","NROPLAZAS":"1","TOTALPLAZAS":2151}},{"type":"Feature","id":"da_aparcamientosMovilidadReducida.fid--175d4967_1a0508ab86c_b20","geometry":{"type":"Point","coordinates":[-4.4369819,36.71163999,0]},"geometry_name":"SDOGEOMETRIA","properties":{"ID":67029,"NOMBRE":"APARCAPMR_479","DESCRIPCION":"Esquina con c/ Antonio Luis Carrión","DIRECCION":"CALLE LA UNIÓN, 27 ","URL":null,"EMAIL":null,"CONTACTO":null,"HORARIOS":null,"PRECIOS":null,"TITULARIDAD":"MUNICIPAL","TARJETAJOVEN":"No","ACCESOPMR":"No","NROPLAZAS":"1","TOTALPLAZAS":2151}},{"type":"Feature","id":"da_aparcamientosMovilidadReducida.fid--175d4967_1a0508ab86c_b21","geometry":{"type":"Point","coordinates":[-4.44347754,36.70898068,0]},"geometry_name":"SDOGEOMETRIA","properties":{"ID":66330,"NOMBRE":"APARCAPMR_075","DESCRIPCION":"A la altura de c/ Pedro de Paz","DIRECCION":"CALLE LA UNIÓN, 72 ","URL":null,"EMAIL":null,"CONTACTO":null,"HORARIOS":null,"PRECIOS":null,"TITULARIDAD":"MUNICIPAL","TARJETAJOVEN":"No","ACCESOPMR":"No","NROPLAZAS":"3","TOTALPLAZAS":2151}},{"type":"Feature","id":"da_aparcamientosMovilidadReducida.fid--175d4967_1a0508ab86c_b22","geometry":{"type":"Point","coordinates":[-4.43431646,36.72575425,0]},"geometry_name":"SDOGEOMETRIA","properties":{"ID":66878,"NOMBRE":"APARCAPMR_496","DESCRIPCION":"Esquina con c/ Séneca","DIRECCION":"CALLE MARTÍNEZ DE LA ROSA, 25 ","URL":null,"EMAIL":null,"CONTACTO":null,"HORARIOS":null,"PRECIOS":null,"TITULARIDAD":"MUNICIPAL","TARJETAJOVEN":"No","ACCESOPMR":"No","NROPLAZAS":"2","TOTALPLAZAS":2151}},{"type":"Feature","id":"da_aparcamientosMovilidadReducida.fid--175d4967_1a0508ab86c_b23","geometry":{"type":"Point","coordinates":[-4.4284926,36.73026934,0]},"geometry_name":"SDOGEOMETRIA","properties":{"ID":66464,"NOMBRE":"APARCAPMR_1125","DESCRIPCION":null,"DIRECCION":"AVENIDA DEL DOCTOR MARAÑÓN, 25 ","URL":null,"EMAIL":null,"CONTACTO":null,"HORARIOS":null,"PRECIOS":null,"TITULARIDAD":"MUNICIPAL","TARJETAJOVEN":"No","ACCESOPMR":"No","NROPLAZAS":"1","TOTALPLAZAS":2151}},{"type":"Feature","id":"da_aparcamientosMovilidadReducida.fid--175d4967_1a0508ab86c_b24","geometry":{"type":"Point","coordinates":[-4.42676201,36.73901528,0]},"geometry_name":"SDOGEOMETRIA","properties":{"ID":66647,"NOMBRE":"APARCAPMR_288","DESCRIPCION":"Frente a c/ Jándula. Frente al nº 4","DIRECCION":"CALLE DOCTOR GÁLVEZ MOLL, 4 ","URL":null,"EMAIL":null,"CONTACTO":null,"HORARIOS":null,"PRECIOS":null,"TITULARIDAD":"MUNICIPAL","TARJETAJOVEN":"No","ACCESOPMR":"No","NROPLAZAS":"3","TOTALPLAZAS":2151}},{"type":"Feature","id":"da_aparcamientosMovilidadReducida.fid--175d4967_1a0508ab86c_b25","geometry":{"type":"Point","coordinates":[-4.42912641,36.73956288,0]},"geometry_name":"SDOGEOMETRIA","properties":{"ID":81056,"NOMBRE":"APARCAPMR_1266","DESCRIPCION":null,"DIRECCION":"CALLE DOCTOR GÁLVEZ MOLL, 70 ","URL":null,"EMAIL":null,"CONTACTO":null,"HORARIOS":null,"PRECIOS":null,"TITULARIDAD":"MUNICIPAL","TARJETAJOVEN":"No","ACCESOPMR":"No","NROPLAZAS":"1","TOTALPLAZAS":2151}},{"type":"Feature","id":"da_aparcamientosMovilidadReducida.fid--175d4967_1a0508ab86c_b26","geometry":{"type":"Point","coordinates":[-4.35409963,36.7178877,0]},"geometry_name":"SDOGEOMETRIA","properties":{"ID":66527,"NOMBRE":"APARCAPMR_633","DESCRIPCION":"Fente al nº 119","DIRECCION":"CALLE BANDA DEL MAR, 107 ","URL":null,"EMAIL":null,"CONTACTO":null,"HORARIOS":null,"PRECIOS":null,"TITULARIDAD":"MUNICIPAL","TARJETAJOVEN":"No","ACCESOPMR":"No","NROPLAZAS":"2","TOTALPLAZAS":2151}},{"type":"Feature","id":"da_aparcamientosMovilidadReducida.fid--175d4967_1a0508ab86c_b27","geometry":{"type":"Point","coordinates":[-4.41220427,36.71611147,0]},"geometry_name":"SDOGEOMETRIA","properties":{"ID":74589,"NOMBRE":"APARCAPMR_1199","DESCRIPCION":null,"DIRECCION":"PASEO MARÍTIMO CIUDAD DE MELILLA, 9 ","URL":null,"EMAIL":null,"CONTACTO":null,"HORARIOS":null,"PRECIOS":null,"TITULARIDAD":"MUNICIPAL","TARJETAJOVEN":"No","ACCESOPMR":"No","NROPLAZAS":"4","TOTALPLAZAS":2151}},{"type":"Feature","id":"da_aparcamientosMovilidadReducida.fid--175d4967_1a0508ab86c_b28","geometry":{"type":"Point","coordinates":[-4.5015391,36.66646504,0]},"geometry_name":"SDOGEOMETRIA","properties":{"ID":66316,"NOMBRE":"APARCAPMR_872","DESCRIPCION":"Esquina con Cl. Cabo de Gata.","DIRECCION":"CALLE DE DOLORES PONCE DE LEÓN, 8 ","URL":null,"EMAIL":null,"CONTACTO":null,"HORARIOS":null,"PRECIOS":null,"TITULARIDAD":"MUNICIPAL","TARJETAJOVEN":"No","ACCESOPMR":"No","NROPLAZAS":"1","TOTALPLAZAS":2151}},{"type":"Feature","id":"da_aparcamientosMovilidadReducida.fid--175d4967_1a0508ab86c_b29","geometry":{"type":"Point","coordinates":[-4.41528954,36.72001136,0]},"geometry_name":"SDOGEOMETRIA","properties":{"ID":66931,"NOMBRE":"APARCAPMR_501","DESCRIPCION":"Esquina con Av. Cervantes","DIRECCION":"AVENIDA DE CERVANTES, 3 ","URL":null,"EMAIL":null,"CONTACTO":null,"HORARIOS":null,"PRECIOS":null,"TITULARIDAD":"MUNICIPAL","TARJETAJOVEN":"No","ACCESOPMR":"No","NROPLAZAS":"3","TOTALPLAZAS":2151}},{"type":"Feature","id":"da_aparcamientosMovilidadReducida.fid--175d4967_1a0508ab86c_b2a","geometry":{"type":"Point","coordinates":[-4.41718186,36.74158464,4067142.29470259]},"geometry_name":"SDOGEOMETRIA","properties":{"ID":81038,"NOMBRE":"APARCAPMR_1203","DESCRIPCION":null,"DIRECCION":"CALLE ROMERAL, 6 ","URL":null,"EMAIL":null,"CONTACTO":null,"HORARIOS":null,"PRECIOS":null,"TITULARIDAD":"MUNICIPAL","TARJETAJOVEN":"No","ACCESOPMR":"No","NROPLAZAS":"1","TOTALPLAZAS":2151}},{"type":"Feature","id":"da_aparcamientosMovilidadReducida.fid--175d4967_1a0508ab86c_b2b","geometry":{"type":"Point","coordinates":[-4.376417,36.72155704,0]},"geometry_name":"SDOGEOMETRIA","properties":{"ID":67195,"NOMBRE":"APARCAPMR_907","DESCRIPCION":"Nº 106.","DIRECCION":"CALLE BOLIVIA, 106 ","URL":null,"EMAIL":null,"CONTACTO":null,"HORARIOS":null,"PRECIOS":null,"TITULARIDAD":"MUNICIPAL","TARJETAJOVEN":"No","ACCESOPMR":"No","NROPLAZAS":"1","TOTALPLAZAS":2151}},{"type":"Feature","id":"da_aparcamientosMovilidadReducida.fid--175d4967_1a0508ab86c_b2c","geometry":{"type":"Point","coordinates":[-4.37180422,36.72107935,0]},"geometry_name":"SDOGEOMETRIA","properties":{"ID":66490,"NOMBRE":"APARCAPMR_628","DESCRIPCION":"En su acceso desde Cl. Bolivia.","DIRECCION":"CALLE BOLIVIA, 222 ","URL":null,"EMAIL":null,"CONTACTO":null,"HORARIOS":null,"PRECIOS":null,"TITULARIDAD":"MUNICIPAL","TARJETAJOVEN":"No","ACCESOPMR":"No","NROPLAZAS":"1","TOTALPLAZAS":2151}},{"type":"Feature","id":"da_aparcamientosMovilidadReducida.fid--175d4967_1a0508ab86c_b2d","geometry":{"type":"Point","coordinates":[-4.42818771,36.73943368,0]},"geometry_name":"SDOGEOMETRIA","properties":{"ID":77786,"NOMBRE":"APARCAPMR_1339","DESCRIPCION":"C/ Doctor Gálvez Moll, nº 42","DIRECCION":"CALLE DOCTOR GÁLVEZ MOLL, 42 ","URL":null,"EMAIL":null,"CONTACTO":null,"HORARIOS":null,"PRECIOS":null,"TITULARIDAD":"MUNICIPAL","TARJETAJOVEN":"No","ACCESOPMR":"No","NROPLAZAS":"2","TOTALPLAZAS":2151}},{"type":"Feature","id":"da_aparcamientosMovilidadReducida.fid--175d4967_1a0508ab86c_b2e","geometry":{"type":"Point","coordinates":[-4.42269579,36.73940087,0]},"geometry_name":"SDOGEOMETRIA","properties":{"ID":79860,"NOMBRE":"APARCAPMR_1433","DESCRIPCION":"C/ Lorenza Correa esquina con C/ Donato Jiménez","DIRECCION":"CALLE DONATO JIMÉNEZ, 1 ","URL":null,"EMAIL":null,"CONTACTO":null,"HORARIOS":null,"PRECIOS":null,"TITULARIDAD":"MUNICIPAL","TARJETAJOVEN":"No","ACCESOPMR":"No","NROPLAZAS":"1","TOTALPLAZAS":2151}},{"type":"Feature","id":"da_aparcamientosMovilidadReducida.fid--175d4967_1a0508ab86c_b2f","geometry":{"type":"Point","coordinates":[-4.42026705,36.74860762,0]},"geometry_name":"SDOGEOMETRIA","properties":{"ID":66507,"NOMBRE":"APARCAPMR_517","DESCRIPCION":"Esquina con Pasaje Nicolás Maroto. Frente al nº 11.","DIRECCION":"CALLE COMENDADOR BOBADILLA, 6 ","URL":null,"EMAIL":null,"CONTACTO":null,"HORARIOS":null,"PRECIOS":null,"TITULARIDAD":"MUNICIPAL","TARJETAJOVEN":"No","ACCESOPMR":"No","NROPLAZAS":"3","TOTALPLAZAS":2151}},{"type":"Feature","id":"da_aparcamientosMovilidadReducida.fid--175d4967_1a0508ab86c_b30","geometry":{"type":"Point","coordinates":[-4.35851924,36.72465462,0]},"geometry_name":"SDOGEOMETRIA","properties":{"ID":66556,"NOMBRE":"APARCAPMR_694","DESCRIPCION":"A la altura del nº 4","DIRECCION":"CALLE CABALLERO PLATIR, 3 ","URL":null,"EMAIL":null,"CONTACTO":null,"HORARIOS":null,"PRECIOS":null,"TITULARIDAD":"MUNICIPAL","TARJETAJOVEN":"No","ACCESOPMR":"No","NROPLAZAS":"1","TOTALPLAZAS":2151}},{"type":"Feature","id":"da_aparcamientosMovilidadReducida.fid--175d4967_1a0508ab86c_b31","geometry":{"type":"Point","coordinates":[-4.41861258,36.75262515,0]},"geometry_name":"SDOGEOMETRIA","properties":{"ID":66262,"NOMBRE":"APARCAPMR_1124","DESCRIPCION":null,"DIRECCION":"CALLE SOR JUANA INÉS DE LA CRUZ, 2 ","URL":null,"EMAIL":null,"CONTACTO":null,"HORARIOS":null,"PRECIOS":null,"TITULARIDAD":"MUNICIPAL","TARJETAJOVEN":"No","ACCESOPMR":"No","NROPLAZAS":"1","TOTALPLAZAS":2151}},{"type":"Feature","id":"da_aparcamientosMovilidadReducida.fid--175d4967_1a0508ab86c_b32","geometry":{"type":"Point","coordinates":[-4.42187436,36.75151378,0]},"geometry_name":"SDOGEOMETRIA","properties":{"ID":66768,"NOMBRE":"APARCAPMR_597","DESCRIPCION":"A la altura del nº 7","DIRECCION":"CALLE QUINTANAR DE LA ORDEN, 7 ","URL":null,"EMAIL":null,"CONTACTO":null,"HORARIOS":null,"PRECIOS":null,"TITULARIDAD":"MUNICIPAL","TARJETAJOVEN":"No","ACCESOPMR":"No","NROPLAZAS":"2","TOTALPLAZAS":2151}},{"type":"Feature","id":"da_aparcamientosMovilidadReducida.fid--175d4967_1a0508ab86c_b33","geometry":{"type":"Point","coordinates":[-4.42182,36.74855404,0]},"geometry_name":"SDOGEOMETRIA","properties":{"ID":66473,"NOMBRE":"APARCAPMR_1051","DESCRIPCION":"Esq. con Cl. Dolores Cortés","DIRECCION":"CALLE DOLORES CORTÉS, 17 ","URL":null,"EMAIL":null,"CONTACTO":null,"HORARIOS":null,"PRECIOS":null,"TITULARIDAD":"MUNICIPAL","TARJETAJOVEN":"No","ACCESOPMR":"No","NROPLAZAS":"1","TOTALPLAZAS":2151}},{"type":"Feature","id":"da_aparcamientosMovilidadReducida.fid--175d4967_1a0508ab86c_b34","geometry":{"type":"Point","coordinates":[-4.41523522,36.72623366,0]},"geometry_name":"SDOGEOMETRIA","properties":{"ID":67212,"NOMBRE":"APARCAPMR_126","DESCRIPCION":"A la altura del nº 2","DIRECCION":"CALLE LAGUNILLAS, 59 ","URL":null,"EMAIL":null,"CONTACTO":null,"HORARIOS":null,"PRECIOS":null,"TITULARIDAD":"MUNICIPAL","TARJETAJOVEN":"No","ACCESOPMR":"No","NROPLAZAS":"2","TOTALPLAZAS":2151}},{"type":"Feature","id":"da_aparcamientosMovilidadReducida.fid--175d4967_1a0508ab86c_b35","geometry":{"type":"Point","coordinates":[-4.43263806,36.72150235,0]},"geometry_name":"SDOGEOMETRIA","properties":{"ID":67106,"NOMBRE":"APARCAPMR_059","DESCRIPCION":"Esquina con Cl. Martínez Maldonado","DIRECCION":"CALLE MARTÍNEZ MALDONADO, 11 ","URL":null,"EMAIL":null,"CONTACTO":null,"HORARIOS":null,"PRECIOS":null,"TITULARIDAD":"MUNICIPAL","TARJETAJOVEN":"No","ACCESOPMR":"No","NROPLAZAS":"2","TOTALPLAZAS":2151}},{"type":"Feature","id":"da_aparcamientosMovilidadReducida.fid--175d4967_1a0508ab86c_b36","geometry":{"type":"Point","coordinates":[-4.499805,36.66383304,0]},"geometry_name":"SDOGEOMETRIA","properties":{"ID":66252,"NOMBRE":"APARCAPMR_777","DESCRIPCION":null,"DIRECCION":"CALLE FRANCISCO SOTO DE LANGA, 2 ","URL":null,"EMAIL":null,"CONTACTO":null,"HORARIOS":null,"PRECIOS":null,"TITULARIDAD":"MUNICIPAL","TARJETAJOVEN":"No","ACCESOPMR":"No","NROPLAZAS":"1","TOTALPLAZAS":2151}},{"type":"Feature","id":"da_aparcamientosMovilidadReducida.fid--175d4967_1a0508ab86c_b37","geometry":{"type":"Point","coordinates":[-4.41154316,36.71664927,0]},"geometry_name":"SDOGEOMETRIA","properties":{"ID":67063,"NOMBRE":"APARCAPMR_040","DESCRIPCION":"Esquina con c/ Magallanes","DIRECCION":"PASEO MARÍTIMO CIUDAD DE MELILLA, 15 ","URL":null,"EMAIL":null,"CONTACTO":null,"HORARIOS":null,"PRECIOS":null,"TITULARIDAD":"MUNICIPAL","TARJETAJOVEN":"No","ACCESOPMR":"No","NROPLAZAS":"2","TOTALPLAZAS":2151}},{"type":"Feature","id":"da_aparcamientosMovilidadReducida.fid--175d4967_1a0508ab86c_b38","geometry":{"type":"Point","coordinates":[-4.41105815,36.71711399,0]},"geometry_name":"SDOGEOMETRIA","properties":{"ID":76030,"NOMBRE":"APARCAPMR_1298","DESCRIPCION":"esquina con calle Pintor Casilari Roldán","DIRECCION":"PASEO MARÍTIMO CIUDAD DE MELILLA, 21 ","URL":null,"EMAIL":null,"CONTACTO":null,"HORARIOS":null,"PRECIOS":null,"TITULARIDAD":"MUNICIPAL","TARJETAJOVEN":"No","ACCESOPMR":"No","NROPLAZAS":"2","TOTALPLAZAS":2151}},{"type":"Feature","id":"da_aparcamientosMovilidadReducida.fid--175d4967_1a0508ab86c_b39","geometry":{"type":"Point","coordinates":[-4.41865204,36.73094815,0]},"geometry_name":"SDOGEOMETRIA","properties":{"ID":80923,"NOMBRE":"APARCAPMR_700","DESCRIPCION":null,"DIRECCION":"ALAMEDA DE CAPUCHINOS, 39 ","URL":null,"EMAIL":null,"CONTACTO":null,"HORARIOS":null,"PRECIOS":null,"TITULARIDAD":"MUNICIPAL","TARJETAJOVEN":"No","ACCESOPMR":"No","NROPLAZAS":"1","TOTALPLAZAS":2151}},{"type":"Feature","id":"da_aparcamientosMovilidadReducida.fid--175d4967_1a0508ab86c_b3a","geometry":{"type":"Point","coordinates":[-4.40988506,36.71921724,0]},"geometry_name":"SDOGEOMETRIA","properties":{"ID":76872,"NOMBRE":"APARCAPMR_1299_","DESCRIPCION":null,"DIRECCION":"CALLE CERVANTES, 11 ","URL":null,"EMAIL":null,"CONTACTO":null,"HORARIOS":null,"PRECIOS":null,"TITULARIDAD":"MUNICIPAL","TARJETAJOVEN":"No","ACCESOPMR":"No","NROPLAZAS":"1","TOTALPLAZAS":2151}},{"type":"Feature","id":"da_aparcamientosMovilidadReducida.fid--175d4967_1a0508ab86c_b3b","geometry":{"type":"Point","coordinates":[-4.417735,36.75060704,0]},"geometry_name":"SDOGEOMETRIA","properties":{"ID":66250,"NOMBRE":"APARCAPMR_750","DESCRIPCION":null,"DIRECCION":"CALLE DEL MARQUÉS DE MANTUA, 10 ","URL":null,"EMAIL":null,"CONTACTO":null,"HORARIOS":null,"PRECIOS":null,"TITULARIDAD":"MUNICIPAL","TARJETAJOVEN":"No","ACCESOPMR":"No","NROPLAZAS":"1","TOTALPLAZAS":2151}},{"type":"Feature","id":"da_aparcamientosMovilidadReducida.fid--175d4967_1a0508ab86c_b3c","geometry":{"type":"Point","coordinates":[-4.36689913,36.71991622,0]},"geometry_name":"SDOGEOMETRIA","properties":{"ID":66529,"NOMBRE":"APARCAPMR_577","DESCRIPCION":"A la altua del 274","DIRECCION":"CALLE BOLIVIA, 276 ","URL":null,"EMAIL":null,"CONTACTO":null,"HORARIOS":null,"PRECIOS":null,"TITULARIDAD":"MUNICIPAL","TARJETAJOVEN":"No","ACCESOPMR":"No","NROPLAZAS":"2","TOTALPLAZAS":2151}},{"type":"Feature","id":"da_aparcamientosMovilidadReducida.fid--175d4967_1a0508ab86c_b3d","geometry":{"type":"Point","coordinates":[-4.36701179,36.71993127,0]},"geometry_name":"SDOGEOMETRIA","properties":{"ID":66528,"NOMBRE":"APARCAPMR_589","DESCRIPCION":"A la altura del nº 274","DIRECCION":"CALLE BOLIVIA, 272 ","URL":null,"EMAIL":null,"CONTACTO":null,"HORARIOS":null,"PRECIOS":null,"TITULARIDAD":"MUNICIPAL","TARJETAJOVEN":"No","ACCESOPMR":"No","NROPLAZAS":"2","TOTALPLAZAS":2151}},{"type":"Feature","id":"da_aparcamientosMovilidadReducida.fid--175d4967_1a0508ab86c_b3e","geometry":{"type":"Point","coordinates":[-4.35679726,36.72123629,0]},"geometry_name":"SDOGEOMETRIA","properties":{"ID":66561,"NOMBRE":"APARCAPMR_693","DESCRIPCION":"Esquina con Cl. Andes","DIRECCION":"CALLE ANTOFAGASTA, 46 ","URL":null,"EMAIL":null,"CONTACTO":null,"HORARIOS":null,"PRECIOS":null,"TITULARIDAD":"MUNICIPAL","TARJETAJOVEN":"No","ACCESOPMR":"No","NROPLAZAS":"1","TOTALPLAZAS":2151}},{"type":"Feature","id":"da_aparcamientosMovilidadReducida.fid--175d4967_1a0508ab86c_b3f","geometry":{"type":"Point","coordinates":[-4.374729,36.72161204,0]},"geometry_name":"SDOGEOMETRIA","properties":{"ID":66248,"NOMBRE":"APARCAPMR_772","DESCRIPCION":null,"DIRECCION":"CALLE BOLIVIA, 117 ","URL":null,"EMAIL":null,"CONTACTO":null,"HORARIOS":null,"PRECIOS":null,"TITULARIDAD":"MUNICIPAL","TARJETAJOVEN":"No","ACCESOPMR":"No","NROPLAZAS":"2","TOTALPLAZAS":2151}},{"type":"Feature","id":"da_aparcamientosMovilidadReducida.fid--175d4967_1a0508ab86c_b40","geometry":{"type":"Point","coordinates":[-4.423482,36.74780004,0]},"geometry_name":"SDOGEOMETRIA","properties":{"ID":66445,"NOMBRE":"APARCAPMR_906","DESCRIPCION":"Esquina con Av. Jacinto Benavente.","DIRECCION":"CALLE DOLORES CORTÉS, 4 ","URL":null,"EMAIL":null,"CONTACTO":null,"HORARIOS":null,"PRECIOS":null,"TITULARIDAD":"MUNICIPAL","TARJETAJOVEN":"No","ACCESOPMR":"No","NROPLAZAS":"1","TOTALPLAZAS":2151}},{"type":"Feature","id":"da_aparcamientosMovilidadReducida.fid--175d4967_1a0508ab86c_b41","geometry":{"type":"Point","coordinates":[-4.42548931,36.72564461,0]},"geometry_name":"SDOGEOMETRIA","properties":{"ID":66888,"NOMBRE":"APARCAPMR_491","DESCRIPCION":"A la altura del nº 24","DIRECCION":"AVENIDA DE LA ROSALEDA, 24 ","URL":null,"EMAIL":null,"CONTACTO":null,"HORARIOS":null,"PRECIOS":null,"TITULARIDAD":"MUNICIPAL","TARJETAJOVEN":"No","ACCESOPMR":"No","NROPLAZAS":"1","TOTALPLAZAS":2151}},{"type":"Feature","id":"da_aparcamientosMovilidadReducida.fid--175d4967_1a0508ab86c_b42","geometry":{"type":"Point","coordinates":[-4.422816,36.74803704,0]},"geometry_name":"SDOGEOMETRIA","properties":{"ID":66227,"NOMBRE":"APARCAPMR_1102","DESCRIPCION":"Esq. Av. Jacinto Benavente","DIRECCION":"CALLE DOLORES CORTÉS, 8 ","URL":null,"EMAIL":null,"CONTACTO":null,"HORARIOS":null,"PRECIOS":null,"TITULARIDAD":"MUNICIPAL","TARJETAJOVEN":"No","ACCESOPMR":"No","NROPLAZAS":"1","TOTALPLAZAS":2151}},{"type":"Feature","id":"da_aparcamientosMovilidadReducida.fid--175d4967_1a0508ab86c_b43","geometry":{"type":"Point","coordinates":[-4.35750128,36.72161666,0]},"geometry_name":"SDOGEOMETRIA","properties":{"ID":80927,"NOMBRE":"APARCAPMR_718","DESCRIPCION":null,"DIRECCION":"CALLE ANTOFAGASTA, 33 ","URL":null,"EMAIL":null,"CONTACTO":null,"HORARIOS":null,"PRECIOS":null,"TITULARIDAD":"MUNICIPAL","TARJETAJOVEN":"No","ACCESOPMR":"No","NROPLAZAS":"1","TOTALPLAZAS":2151}},{"type":"Feature","id":"da_aparcamientosMovilidadReducida.fid--175d4967_1a0508ab86c_b44","geometry":{"type":"Point","coordinates":[-4.41521645,36.75009053,0]},"geometry_name":"SDOGEOMETRIA","properties":{"ID":66891,"NOMBRE":"APARCAPMR_573","DESCRIPCION":"A la altura del nº 20","DIRECCION":"CALLE DEL MARQUÉS DE MANTUA, 22 ","URL":null,"EMAIL":null,"CONTACTO":null,"HORARIOS":null,"PRECIOS":null,"TITULARIDAD":"MUNICIPAL","TARJETAJOVEN":"No","ACCESOPMR":"No","NROPLAZAS":"1","TOTALPLAZAS":2151}},{"type":"Feature","id":"da_aparcamientosMovilidadReducida.fid--175d4967_1a0508ab86c_b45","geometry":{"type":"Point","coordinates":[-4.4244989,36.7128484,0]},"geometry_name":"SDOGEOMETRIA","properties":{"ID":67196,"NOMBRE":"APARCAPMR_004","DESCRIPCION":"Esquina con Av. Manuel Agustin Heredia","DIRECCION":"CALLE ALEMANIA, 16 ","URL":null,"EMAIL":null,"CONTACTO":null,"HORARIOS":null,"PRECIOS":null,"TITULARIDAD":"MUNICIPAL","TARJETAJOVEN":"No","ACCESOPMR":"No","NROPLAZAS":"2","TOTALPLAZAS":2151}},{"type":"Feature","id":"da_aparcamientosMovilidadReducida.fid--175d4967_1a0508ab86c_b46","geometry":{"type":"Point","coordinates":[-4.42526,36.72318904,0]},"geometry_name":"SDOGEOMETRIA","properties":{"ID":66312,"NOMBRE":"APARCAPMR_387","DESCRIPCION":null,"DIRECCION":"AVENIDA DE LA ROSALEDA, 11 ","URL":null,"EMAIL":null,"CONTACTO":null,"HORARIOS":null,"PRECIOS":null,"TITULARIDAD":"MUNICIPAL","TARJETAJOVEN":"No","ACCESOPMR":"No","NROPLAZAS":"3","TOTALPLAZAS":2151}},{"type":"Feature","id":"da_aparcamientosMovilidadReducida.fid--175d4967_1a0508ab86c_b47","geometry":{"type":"Point","coordinates":[-4.357865,36.72212304,0]},"geometry_name":"SDOGEOMETRIA","properties":{"ID":66400,"NOMBRE":"APARCAPMR_919","DESCRIPCION":"A la altura del nº 15.","DIRECCION":"CALLE ANTOFAGASTA, 15 ","URL":null,"EMAIL":null,"CONTACTO":null,"HORARIOS":null,"PRECIOS":null,"TITULARIDAD":"MUNICIPAL","TARJETAJOVEN":"No","ACCESOPMR":"No","NROPLAZAS":"1","TOTALPLAZAS":2151}},{"type":"Feature","id":"da_aparcamientosMovilidadReducida.fid--175d4967_1a0508ab86c_b48","geometry":{"type":"Point","coordinates":[-4.37227,36.72125204,0]},"geometry_name":"SDOGEOMETRIA","properties":{"ID":66844,"NOMBRE":"APARCAPMR_1050","DESCRIPCION":"Esq. con Cl. Niña de la Puebla","DIRECCION":"CALLE BOLIVIA, 135 ","URL":null,"EMAIL":null,"CONTACTO":null,"HORARIOS":null,"PRECIOS":null,"TITULARIDAD":"MUNICIPAL","TARJETAJOVEN":"No","ACCESOPMR":"No","NROPLAZAS":"2","TOTALPLAZAS":2151}},{"type":"Feature","id":"da_aparcamientosMovilidadReducida.fid--175d4967_1a0508ab86c_b49","geometry":{"type":"Point","coordinates":[-4.419681,36.73012104,0]},"geometry_name":"SDOGEOMETRIA","properties":{"ID":66150,"NOMBRE":"APARCAPMR_768","DESCRIPCION":"esquina con C/ Miguel Bueno Lara","DIRECCION":"ALAMEDA DE CAPUCHINOS, 28 ","URL":null,"EMAIL":null,"CONTACTO":null,"HORARIOS":null,"PRECIOS":null,"TITULARIDAD":"MUNICIPAL","TARJETAJOVEN":"No","ACCESOPMR":"No","NROPLAZAS":"1","TOTALPLAZAS":2151}},{"type":"Feature","id":"da_aparcamientosMovilidadReducida.fid--175d4967_1a0508ab86c_b4a","geometry":{"type":"Point","coordinates":[-4.3794444,36.72148396,0]},"geometry_name":"SDOGEOMETRIA","properties":{"ID":80924,"NOMBRE":"APARCAPMR_701","DESCRIPCION":null,"DIRECCION":"CALLE BOLIVIA, 38 ","URL":null,"EMAIL":null,"CONTACTO":null,"HORARIOS":null,"PRECIOS":null,"TITULARIDAD":"MUNICIPAL","TARJETAJOVEN":"No","ACCESOPMR":"No","NROPLAZAS":"1","TOTALPLAZAS":2151}},{"type":"Feature","id":"da_aparcamientosMovilidadReducida.fid--175d4967_1a0508ab86c_b4b","geometry":{"type":"Point","coordinates":[-4.4246788,36.72204918,0]},"geometry_name":"SDOGEOMETRIA","properties":{"ID":66472,"NOMBRE":"APARCAPMR_1279","DESCRIPCION":null,"DIRECCION":"CALLE CARRETERÍA, 18 ","URL":null,"EMAIL":null,"CONTACTO":null,"HORARIOS":null,"PRECIOS":null,"TITULARIDAD":"MUNICIPAL","TARJETAJOVEN":"No","ACCESOPMR":"No","NROPLAZAS":"1","TOTALPLAZAS":2151}},{"type":"Feature","id":"da_aparcamientosMovilidadReducida.fid--175d4967_1a0508ab86c_b4c","geometry":{"type":"Point","coordinates":[-4.388455,36.72734504,0]},"geometry_name":"SDOGEOMETRIA","properties":{"ID":66314,"NOMBRE":"APARCAPMR_840","DESCRIPCION":null,"DIRECCION":"CALLE FEDERICO FELLINI, 55 ","URL":null,"EMAIL":null,"CONTACTO":null,"HORARIOS":null,"PRECIOS":null,"TITULARIDAD":"MUNICIPAL","TARJETAJOVEN":"No","ACCESOPMR":"No","NROPLAZAS":"1","TOTALPLAZAS":2151}},{"type":"Feature","id":"da_aparcamientosMovilidadReducida.fid--175d4967_1a0508ab86c_b4d","geometry":{"type":"Point","coordinates":[-4.388465,36.72720904,0]},"geometry_name":"SDOGEOMETRIA","properties":{"ID":66418,"NOMBRE":"APARCAPMR_974","DESCRIPCION":"A la altura de Cl. Enrico Toselli","DIRECCION":"CALLE FEDERICO FELLINI, 55 ","URL":null,"EMAIL":null,"CONTACTO":null,"HORARIOS":null,"PRECIOS":null,"TITULARIDAD":"MUNICIPAL","TARJETAJOVEN":"No","ACCESOPMR":"No","NROPLAZAS":"1","TOTALPLAZAS":2151}},{"type":"Feature","id":"da_aparcamientosMovilidadReducida.fid--175d4967_1a0508ab86c_b4e","geometry":{"type":"Point","coordinates":[-4.421391,36.73324104,0]},"geometry_name":"SDOGEOMETRIA","properties":{"ID":66599,"NOMBRE":"APARCAPMR_904","DESCRIPCION":"Calle Montserrat a la altura del nº 35","DIRECCION":"CALLE MONTSERRAT, 35 ","URL":null,"EMAIL":null,"CONTACTO":null,"HORARIOS":null,"PRECIOS":null,"TITULARIDAD":"MUNICIPAL","TARJETAJOVEN":"No","ACCESOPMR":"No","NROPLAZAS":"1","TOTALPLAZAS":2151}},{"type":"Feature","id":"da_aparcamientosMovilidadReducida.fid--175d4967_1a0508ab86c_b4f","geometry":{"type":"Point","coordinates":[-4.42155384,36.73386613,0]},"geometry_name":"SDOGEOMETRIA","properties":{"ID":66480,"NOMBRE":"APARCAPMR_571","DESCRIPCION":"Esquina con c/ Rodríguez","DIRECCION":"CALLE MONTSERRAT, 62 ","URL":null,"EMAIL":null,"CONTACTO":null,"HORARIOS":null,"PRECIOS":null,"TITULARIDAD":"MUNICIPAL","TARJETAJOVEN":"No","ACCESOPMR":"No","NROPLAZAS":"1","TOTALPLAZAS":2151}},{"type":"Feature","id":"da_aparcamientosMovilidadReducida.fid--175d4967_1a0508ab86c_b50","geometry":{"type":"Point","coordinates":[-4.41253155,36.73478722,0]},"geometry_name":"SDOGEOMETRIA","properties":{"ID":66920,"NOMBRE":"APARCAPMR_465","DESCRIPCION":"A la altura del nº 9","DIRECCION":"CAMINO DE LOS ALMENDRALES, 9 ","URL":null,"EMAIL":null,"CONTACTO":null,"HORARIOS":null,"PRECIOS":null,"TITULARIDAD":"MUNICIPAL","TARJETAJOVEN":"No","ACCESOPMR":"No","NROPLAZAS":"1","TOTALPLAZAS":2151}},{"type":"Feature","id":"da_aparcamientosMovilidadReducida.fid--175d4967_1a0508ab86c_b51","geometry":{"type":"Point","coordinates":[-4.42544371,36.72442351,0]},"geometry_name":"SDOGEOMETRIA","properties":{"ID":67193,"NOMBRE":"APARCAPMR_065","DESCRIPCION":"Esquina con Cl. Purificación","DIRECCION":"AVENIDA DE LA ROSALEDA, 18 ","URL":null,"EMAIL":null,"CONTACTO":null,"HORARIOS":null,"PRECIOS":null,"TITULARIDAD":"MUNICIPAL","TARJETAJOVEN":"No","ACCESOPMR":"No","NROPLAZAS":"2","TOTALPLAZAS":2151}},{"type":"Feature","id":"da_aparcamientosMovilidadReducida.fid--175d4967_1a0508ab86c_b52","geometry":{"type":"Point","coordinates":[-4.43055063,36.73220394,0]},"geometry_name":"SDOGEOMETRIA","properties":{"ID":66648,"NOMBRE":"APARCAPMR_060","DESCRIPCION":"Esquina con Cl. Poeta Narciso Franquelo Martín","DIRECCION":"CALLE POETA NARCISO FRANQUELO MARTÍNEZ, 3 ","URL":null,"EMAIL":null,"CONTACTO":null,"HORARIOS":null,"PRECIOS":null,"TITULARIDAD":"MUNICIPAL","TARJETAJOVEN":"No","ACCESOPMR":"No","NROPLAZAS":"3","TOTALPLAZAS":2151}},{"type":"Feature","id":"da_aparcamientosMovilidadReducida.fid--175d4967_1a0508ab86c_b53","geometry":{"type":"Point","coordinates":[-4.3573147,36.72074527,0]},"geometry_name":"SDOGEOMETRIA","properties":{"ID":66617,"NOMBRE":"APARCAPMR_1191","DESCRIPCION":"C/ Aguilar y Cano esq. C/ Almería","DIRECCION":"CALLE AGUILAR Y CANO, 2 ","URL":null,"EMAIL":null,"CONTACTO":null,"HORARIOS":null,"PRECIOS":null,"TITULARIDAD":"MUNICIPAL","TARJETAJOVEN":"No","ACCESOPMR":"No","NROPLAZAS":"1","TOTALPLAZAS":2151}},{"type":"Feature","id":"da_aparcamientosMovilidadReducida.fid--175d4967_1a0508ab86c_b54","geometry":{"type":"Point","coordinates":[-4.42099258,36.73240171,0]},"geometry_name":"SDOGEOMETRIA","properties":{"ID":66642,"NOMBRE":"APARCAPMR_264","DESCRIPCION":"Esquina con c/ Doña","DIRECCION":"CALLE MONTSERRAT, 28 ","URL":null,"EMAIL":null,"CONTACTO":null,"HORARIOS":null,"PRECIOS":null,"TITULARIDAD":"MUNICIPAL","TARJETAJOVEN":"No","ACCESOPMR":"No","NROPLAZAS":"2","TOTALPLAZAS":2151}},{"type":"Feature","id":"da_aparcamientosMovilidadReducida.fid--175d4967_1a0508ab86c_b55","geometry":{"type":"Point","coordinates":[-4.43324357,36.7223951,0]},"geometry_name":"SDOGEOMETRIA","properties":{"ID":67104,"NOMBRE":"APARCAPMR_051","DESCRIPCION":"Esquina con c/ Lanuza","DIRECCION":"CALLE NATALIA, 1 ","URL":null,"EMAIL":null,"CONTACTO":null,"HORARIOS":null,"PRECIOS":null,"TITULARIDAD":"MUNICIPAL","TARJETAJOVEN":"No","ACCESOPMR":"No","NROPLAZAS":"1","TOTALPLAZAS":2151}},{"type":"Feature","id":"da_aparcamientosMovilidadReducida.fid--175d4967_1a0508ab86c_b56","geometry":{"type":"Point","coordinates":[-4.42160559,36.73195652,0]},"geometry_name":"SDOGEOMETRIA","properties":{"ID":66952,"NOMBRE":"APARCAPMR_361","DESCRIPCION":"Esquina con c/ San Juan Bosco","DIRECCION":"CALLE MARRUECOS, 2 ","URL":null,"EMAIL":null,"CONTACTO":null,"HORARIOS":null,"PRECIOS":null,"TITULARIDAD":"MUNICIPAL","TARJETAJOVEN":"No","ACCESOPMR":"No","NROPLAZAS":"1","TOTALPLAZAS":2151}},{"type":"Feature","id":"da_aparcamientosMovilidadReducida.fid--175d4967_1a0508ab86c_b57","geometry":{"type":"Point","coordinates":[-4.42254424,36.73502367,0]},"geometry_name":"SDOGEOMETRIA","properties":{"ID":67078,"NOMBRE":"APARCAPMR_092","DESCRIPCION":"Esquina con c/ San Juan Bosco","DIRECCION":"CALLE OBISPO BARTOLOMÉ ESPEJO, 2 ","URL":null,"EMAIL":null,"CONTACTO":null,"HORARIOS":null,"PRECIOS":null,"TITULARIDAD":"MUNICIPAL","TARJETAJOVEN":"No","ACCESOPMR":"No","NROPLAZAS":"3","TOTALPLAZAS":2151}},{"type":"Feature","id":"da_aparcamientosMovilidadReducida.fid--175d4967_1a0508ab86c_b58","geometry":{"type":"Point","coordinates":[-4.39946469,36.72610369,0]},"geometry_name":"SDOGEOMETRIA","properties":{"ID":80973,"NOMBRE":"APARCAPMR_1097_B","DESCRIPCION":null,"DIRECCION":"CALLE REPÚBLICA ARGENTINA, 6 ","URL":null,"EMAIL":null,"CONTACTO":null,"HORARIOS":null,"PRECIOS":null,"TITULARIDAD":"MUNICIPAL","TARJETAJOVEN":"No","ACCESOPMR":"No","NROPLAZAS":"1","TOTALPLAZAS":2151}},{"type":"Feature","id":"da_aparcamientosMovilidadReducida.fid--175d4967_1a0508ab86c_b59","geometry":{"type":"Point","coordinates":[-4.42376992,36.72315977,0]},"geometry_name":"SDOGEOMETRIA","properties":{"ID":66213,"NOMBRE":"APARCAPMR_1280","DESCRIPCION":null,"DIRECCION":"CALLE CARRETERÍA, 52 ","URL":null,"EMAIL":null,"CONTACTO":null,"HORARIOS":null,"PRECIOS":null,"TITULARIDAD":"MUNICIPAL","TARJETAJOVEN":"No","ACCESOPMR":"No","NROPLAZAS":"1","TOTALPLAZAS":2151}},{"type":"Feature","id":"da_aparcamientosMovilidadReducida.fid--175d4967_1a0508ab86c_b5a","geometry":{"type":"Point","coordinates":[-4.408882,36.72818204,0]},"geometry_name":"SDOGEOMETRIA","properties":{"ID":66232,"NOMBRE":"APARCAPMR_769","DESCRIPCION":"A la altura del nº 28","DIRECCION":"CALLE EMPINADA, 1 ","URL":null,"EMAIL":null,"CONTACTO":null,"HORARIOS":null,"PRECIOS":null,"TITULARIDAD":"MUNICIPAL","TARJETAJOVEN":"No","ACCESOPMR":"No","NROPLAZAS":"2","TOTALPLAZAS":2151}},{"type":"Feature","id":"da_aparcamientosMovilidadReducida.fid--175d4967_1a0508ab86c_b5b","geometry":{"type":"Point","coordinates":[-4.43944149,36.71545382,0]},"geometry_name":"SDOGEOMETRIA","properties":{"ID":67131,"NOMBRE":"APARCAPMR_267","DESCRIPCION":"Esquina con Cl. Edom","DIRECCION":"AVENIDA DE LA AURORA, 42 ","URL":null,"EMAIL":null,"CONTACTO":null,"HORARIOS":null,"PRECIOS":null,"TITULARIDAD":"MUNICIPAL","TARJETAJOVEN":"No","ACCESOPMR":"No","NROPLAZAS":"2","TOTALPLAZAS":2151}},{"type":"Feature","id":"da_aparcamientosMovilidadReducida.fid--175d4967_1a0508ab86c_b5c","geometry":{"type":"Point","coordinates":[-4.420797,36.73179404,0]},"geometry_name":"SDOGEOMETRIA","properties":{"ID":66860,"NOMBRE":"APARCAPMR_963","DESCRIPCION":"Esquina c/ Rodriguez","DIRECCION":"CALLE MONTSERRAT, 11 ","URL":null,"EMAIL":null,"CONTACTO":null,"HORARIOS":null,"PRECIOS":null,"TITULARIDAD":"MUNICIPAL","TARJETAJOVEN":"No","ACCESOPMR":"No","NROPLAZAS":"1","TOTALPLAZAS":2151}},{"type":"Feature","id":"da_aparcamientosMovilidadReducida.fid--175d4967_1a0508ab86c_b5d","geometry":{"type":"Point","coordinates":[-4.41575102,36.73466723,0]},"geometry_name":"SDOGEOMETRIA","properties":{"ID":66732,"NOMBRE":"APARCAPMR_1161","DESCRIPCION":"Esq. Camino Colmenar","DIRECCION":"CALLE PORTAZGO, 1 ","URL":null,"EMAIL":null,"CONTACTO":null,"HORARIOS":null,"PRECIOS":null,"TITULARIDAD":"MUNICIPAL","TARJETAJOVEN":"No","ACCESOPMR":"No","NROPLAZAS":"1","TOTALPLAZAS":2151}},{"type":"Feature","id":"da_aparcamientosMovilidadReducida.fid--175d4967_1a0508ab86c_b5e","geometry":{"type":"Point","coordinates":[-4.41700414,36.73227488,0]},"geometry_name":"SDOGEOMETRIA","properties":{"ID":66397,"NOMBRE":"APARCAPMR_654","DESCRIPCION":null,"DIRECCION":"ALAMEDA DE CAPUCHINOS, 80 ","URL":null,"EMAIL":null,"CONTACTO":null,"HORARIOS":null,"PRECIOS":null,"TITULARIDAD":"MUNICIPAL","TARJETAJOVEN":"No","ACCESOPMR":"No","NROPLAZAS":"1","TOTALPLAZAS":2151}},{"type":"Feature","id":"da_aparcamientosMovilidadReducida.fid--175d4967_1a0508ab86c_b5f","geometry":{"type":"Point","coordinates":[-4.39266579,36.72824076,0]},"geometry_name":"SDOGEOMETRIA","properties":{"ID":80936,"NOMBRE":"APARCAPMR_780","DESCRIPCION":null,"DIRECCION":"CALLE FEDERICO FELLINI, 6 ","URL":null,"EMAIL":null,"CONTACTO":null,"HORARIOS":null,"PRECIOS":null,"TITULARIDAD":"MUNICIPAL","TARJETAJOVEN":"No","ACCESOPMR":"No","NROPLAZAS":"1","TOTALPLAZAS":2151}},{"type":"Feature","id":"da_aparcamientosMovilidadReducida.fid--175d4967_1a0508ab86c_b60","geometry":{"type":"Point","coordinates":[-4.3684988,36.72014734,0]},"geometry_name":"SDOGEOMETRIA","properties":{"ID":66180,"NOMBRE":"APARCAPMR_745","DESCRIPCION":null,"DIRECCION":"CALLE BOLIVIA, 159 ","URL":null,"EMAIL":null,"CONTACTO":null,"HORARIOS":null,"PRECIOS":null,"TITULARIDAD":"MUNICIPAL","TARJETAJOVEN":"No","ACCESOPMR":"No","NROPLAZAS":"1","TOTALPLAZAS":2151}},{"type":"Feature","id":"da_aparcamientosMovilidadReducida.fid--175d4967_1a0508ab86c_b61","geometry":{"type":"Point","coordinates":[-4.47853353,36.7203841,0]},"geometry_name":"SDOGEOMETRIA","properties":{"ID":66456,"NOMBRE":"APARCAPMR_1026","DESCRIPCION":"Esq. con Cl. Teseo","DIRECCION":"CALLE DE ANDRÓMEDA, 4 ","URL":null,"EMAIL":null,"CONTACTO":null,"HORARIOS":null,"PRECIOS":null,"TITULARIDAD":"MUNICIPAL","TARJETAJOVEN":"No","ACCESOPMR":"No","NROPLAZAS":"1","TOTALPLAZAS":2151}},{"type":"Feature","id":"da_aparcamientosMovilidadReducida.fid--175d4967_1a0508ab86c_b62","geometry":{"type":"Point","coordinates":[-4.442276,36.72153904,0]},"geometry_name":"SDOGEOMETRIA","properties":{"ID":66859,"NOMBRE":"APARCAPMR_942","DESCRIPCION":"Esquina Carril de Gamarra","DIRECCION":"CALLE MARTÍNEZ MALDONADO, 74 ","URL":null,"EMAIL":null,"CONTACTO":null,"HORARIOS":null,"PRECIOS":null,"TITULARIDAD":"MUNICIPAL","TARJETAJOVEN":"No","ACCESOPMR":"No","NROPLAZAS":"1","TOTALPLAZAS":2151}},{"type":"Feature","id":"da_aparcamientosMovilidadReducida.fid--175d4967_1a0508ab86c_b63","geometry":{"type":"Point","coordinates":[-4.46804523,36.72962381,0]},"geometry_name":"SDOGEOMETRIA","properties":{"ID":66890,"NOMBRE":"APARCAPMR_569","DESCRIPCION":"A la altura del nº 12","DIRECCION":"CALLE NUZAS, 9 ","URL":null,"EMAIL":null,"CONTACTO":null,"HORARIOS":null,"PRECIOS":null,"TITULARIDAD":"MUNICIPAL","TARJETAJOVEN":"No","ACCESOPMR":"No","NROPLAZAS":"1","TOTALPLAZAS":2151}},{"type":"Feature","id":"da_aparcamientosMovilidadReducida.fid--175d4967_1a0508ab86c_b64","geometry":{"type":"Point","coordinates":[-4.467703,36.72907504,0]},"geometry_name":"SDOGEOMETRIA","properties":{"ID":66253,"NOMBRE":"APARCAPMR_784","DESCRIPCION":null,"DIRECCION":"CALLE NUZAS, 7 ","URL":null,"EMAIL":null,"CONTACTO":null,"HORARIOS":null,"PRECIOS":null,"TITULARIDAD":"MUNICIPAL","TARJETAJOVEN":"No","ACCESOPMR":"No","NROPLAZAS":"1","TOTALPLAZAS":2151}},{"type":"Feature","id":"da_aparcamientosMovilidadReducida.fid--175d4967_1a0508ab86c_b65","geometry":{"type":"Point","coordinates":[-4.45512906,36.68252792,0]},"geometry_name":"SDOGEOMETRIA","properties":{"ID":78937,"NOMBRE":"APARCAPMR_1411","DESCRIPCION":null,"DIRECCION":"CALLE CONCHA LAGOS, 3 ","URL":null,"EMAIL":null,"CONTACTO":null,"HORARIOS":null,"PRECIOS":null,"TITULARIDAD":"MUNICIPAL","TARJETAJOVEN":"No","ACCESOPMR":"No","NROPLAZAS":"1","TOTALPLAZAS":2151}},{"type":"Feature","id":"da_aparcamientosMovilidadReducida.fid--175d4967_1a0508ab86c_b66","geometry":{"type":"Point","coordinates":[-4.44813788,36.71230172,0]},"geometry_name":"SDOGEOMETRIA","properties":{"ID":67165,"NOMBRE":"APARCAPMR_160","DESCRIPCION":"Esquina con c/ Corregidor Paz y Guzmán","DIRECCION":"CALLE CORREGIDOR RUIZ DE PEREDA, 14 ","URL":null,"EMAIL":null,"CONTACTO":null,"HORARIOS":null,"PRECIOS":null,"TITULARIDAD":"MUNICIPAL","TARJETAJOVEN":"No","ACCESOPMR":"No","NROPLAZAS":"2","TOTALPLAZAS":2151}},{"type":"Feature","id":"da_aparcamientosMovilidadReducida.fid--175d4967_1a0508ab86c_b67","geometry":{"type":"Point","coordinates":[-4.46745045,36.72688773,0]},"geometry_name":"SDOGEOMETRIA","properties":{"ID":66569,"NOMBRE":"APARCAPMR_713","DESCRIPCION":"Esquina con Cl. Nuzas","DIRECCION":"CALLE NUZAS, 1 ","URL":null,"EMAIL":null,"CONTACTO":null,"HORARIOS":null,"PRECIOS":null,"TITULARIDAD":"MUNICIPAL","TARJETAJOVEN":"No","ACCESOPMR":"No","NROPLAZAS":"1","TOTALPLAZAS":2151}},{"type":"Feature","id":"da_aparcamientosMovilidadReducida.fid--175d4967_1a0508ab86c_b68","geometry":{"type":"Point","coordinates":[-4.46373761,36.71777374,0]},"geometry_name":"SDOGEOMETRIA","properties":{"ID":66185,"NOMBRE":"APARCAPMR_744","DESCRIPCION":"Junto al Kiosko","DIRECCION":"BULEVAR LOUIS PASTEUR, 13 ","URL":null,"EMAIL":null,"CONTACTO":null,"HORARIOS":null,"PRECIOS":null,"TITULARIDAD":"MUNICIPAL","TARJETAJOVEN":"No","ACCESOPMR":"No","NROPLAZAS":"1","TOTALPLAZAS":2151}},{"type":"Feature","id":"da_aparcamientosMovilidadReducida.fid--175d4967_1a0508ab86c_b69","geometry":{"type":"Point","coordinates":[-4.4520653,36.71738459,0]},"geometry_name":"SDOGEOMETRIA","properties":{"ID":66760,"NOMBRE":"APARCAPMR_593","DESCRIPCION":"Esquina con  c/ Torrox","DIRECCION":"CALLE ALHAURÍN EL GRANDE, 2 ","URL":null,"EMAIL":null,"CONTACTO":null,"HORARIOS":null,"PRECIOS":null,"TITULARIDAD":"MUNICIPAL","TARJETAJOVEN":"No","ACCESOPMR":"No","NROPLAZAS":"1","TOTALPLAZAS":2151}},{"type":"Feature","id":"da_aparcamientosMovilidadReducida.fid--175d4967_1a0508ab86c_b6a","geometry":{"type":"Point","coordinates":[-4.44714077,36.71153033,0]},"geometry_name":"SDOGEOMETRIA","properties":{"ID":66764,"NOMBRE":"APARCAPMR_371","DESCRIPCION":"Esquina con c/ Río Cabrera. Frente al nº 15","DIRECCION":"PLAZA DE NUESTRA SEÑORA DEL CARMEN, 3 ","URL":null,"EMAIL":null,"CONTACTO":null,"HORARIOS":null,"PRECIOS":null,"TITULARIDAD":"MUNICIPAL","TARJETAJOVEN":"No","ACCESOPMR":"No","NROPLAZAS":"3","TOTALPLAZAS":2151}},{"type":"Feature","id":"da_aparcamientosMovilidadReducida.fid--175d4967_1a0508ab86c_b6b","geometry":{"type":"Point","coordinates":[-4.46802981,36.72552046,0]},"geometry_name":"SDOGEOMETRIA","properties":{"ID":66936,"NOMBRE":"APARCAPMR_050","DESCRIPCION":"Esquina con Cl. Manuel Rivadeneyra","DIRECCION":"CALLE CORREGIDOR HORACIO COPPOLA, 11 ","URL":null,"EMAIL":null,"CONTACTO":null,"HORARIOS":null,"PRECIOS":null,"TITULARIDAD":"MUNICIPAL","TARJETAJOVEN":"No","ACCESOPMR":"No","NROPLAZAS":"2","TOTALPLAZAS":2151}},{"type":"Feature","id":"da_aparcamientosMovilidadReducida.fid--175d4967_1a0508ab86c_b6c","geometry":{"type":"Point","coordinates":[-4.44867097,36.71351065,0]},"geometry_name":"SDOGEOMETRIA","properties":{"ID":66503,"NOMBRE":"APARCAPMR_505","DESCRIPCION":"Esquina con c/ Corregidor Francisco de Molina","DIRECCION":"CALLE CORREGIDOR RUIZ DE PEREDA, 26 ","URL":null,"EMAIL":null,"CONTACTO":null,"HORARIOS":null,"PRECIOS":null,"TITULARIDAD":"MUNICIPAL","TARJETAJOVEN":"No","ACCESOPMR":"No","NROPLAZAS":"2","TOTALPLAZAS":2151}},{"type":"Feature","id":"da_aparcamientosMovilidadReducida.fid--175d4967_1a0508ab86c_b6d","geometry":{"type":"Point","coordinates":[-4.48049548,36.73827811,0]},"geometry_name":"SDOGEOMETRIA","properties":{"ID":66212,"NOMBRE":"APARCAPMR_1180","DESCRIPCION":"Esq. C/Lope de Rueda","DIRECCION":"CALLE ESCRITOR ATIENZA HUERTOS, 2 ","URL":null,"EMAIL":null,"CONTACTO":null,"HORARIOS":null,"PRECIOS":null,"TITULARIDAD":"MUNICIPAL","TARJETAJOVEN":"No","ACCESOPMR":"No","NROPLAZAS":"1","TOTALPLAZAS":2151}},{"type":"Feature","id":"da_aparcamientosMovilidadReducida.fid--175d4967_1a0508ab86c_b6e","geometry":{"type":"Point","coordinates":[-4.46521955,36.72356707,0]},"geometry_name":"SDOGEOMETRIA","properties":{"ID":66671,"NOMBRE":"APARCAPMR_1270","DESCRIPCION":"esquina con C/ Doctor Miguel Díaz Recio","DIRECCION":"CALLE DE CHARLES DICKENS, 33 ","URL":null,"EMAIL":null,"CONTACTO":null,"HORARIOS":null,"PRECIOS":null,"TITULARIDAD":"MUNICIPAL","TARJETAJOVEN":"No","ACCESOPMR":"No","NROPLAZAS":"2","TOTALPLAZAS":2151}},{"type":"Feature","id":"da_aparcamientosMovilidadReducida.fid--175d4967_1a0508ab86c_b6f","geometry":{"type":"Point","coordinates":[-4.45274305,36.71634296,0]},"geometry_name":"SDOGEOMETRIA","properties":{"ID":67156,"NOMBRE":"APARCAPMR_172","DESCRIPCION":"A la altura del nº 5","DIRECCION":"CALLE BENAGALBÓN, 16 ","URL":null,"EMAIL":null,"CONTACTO":null,"HORARIOS":null,"PRECIOS":null,"TITULARIDAD":"MUNICIPAL","TARJETAJOVEN":"No","ACCESOPMR":"No","NROPLAZAS":"1","TOTALPLAZAS":2151}},{"type":"Feature","id":"da_aparcamientosMovilidadReducida.fid--175d4967_1a0508ab86c_b70","geometry":{"type":"Point","coordinates":[-4.45231404,36.71999232,0]},"geometry_name":"SDOGEOMETRIA","properties":{"ID":81040,"NOMBRE":"APARCAPMR_1207","DESCRIPCION":null,"DIRECCION":"CALLE ANTONIO MERLO, 1 ","URL":null,"EMAIL":null,"CONTACTO":null,"HORARIOS":null,"PRECIOS":null,"TITULARIDAD":"MUNICIPAL","TARJETAJOVEN":"No","ACCESOPMR":"No","NROPLAZAS":"1","TOTALPLAZAS":2151}},{"type":"Feature","id":"da_aparcamientosMovilidadReducida.fid--175d4967_1a0508ab86c_b71","geometry":{"type":"Point","coordinates":[-4.45639767,36.72188157,0]},"geometry_name":"SDOGEOMETRIA","properties":{"ID":66413,"NOMBRE":"APARCAPMR_1146","DESCRIPCION":null,"DIRECCION":"CALLE ALONSO DE AGUILAR, 50 ","URL":null,"EMAIL":null,"CONTACTO":null,"HORARIOS":null,"PRECIOS":null,"TITULARIDAD":"MUNICIPAL","TARJETAJOVEN":"No","ACCESOPMR":"No","NROPLAZAS":"1","TOTALPLAZAS":2151}},{"type":"Feature","id":"da_aparcamientosMovilidadReducida.fid--175d4967_1a0508ab86c_b72","geometry":{"type":"Point","coordinates":[-4.45190035,36.72174851,0]},"geometry_name":"SDOGEOMETRIA","properties":{"ID":66340,"NOMBRE":"APARCAPMR_236","DESCRIPCION":"Esquina con c/ Pedro Mantuano","DIRECCION":"CALLE GÓMEZ OCAÑA, 11 ","URL":null,"EMAIL":null,"CONTACTO":null,"HORARIOS":null,"PRECIOS":null,"TITULARIDAD":"MUNICIPAL","TARJETAJOVEN":"No","ACCESOPMR":"No","NROPLAZAS":"1","TOTALPLAZAS":2151}},{"type":"Feature","id":"da_aparcamientosMovilidadReducida.fid--175d4967_1a0508ab86c_b73","geometry":{"type":"Point","coordinates":[-4.44003085,36.72327767,0]},"geometry_name":"SDOGEOMETRIA","properties":{"ID":81037,"NOMBRE":"APARCAPMR_1201","DESCRIPCION":null,"DIRECCION":"CALLE PALO MAYOR, 2 ","URL":null,"EMAIL":null,"CONTACTO":null,"HORARIOS":null,"PRECIOS":null,"TITULARIDAD":"MUNICIPAL","TARJETAJOVEN":"No","ACCESOPMR":"No","NROPLAZAS":"1","TOTALPLAZAS":2151}},{"type":"Feature","id":"da_aparcamientosMovilidadReducida.fid--175d4967_1a0508ab86c_b74","geometry":{"type":"Point","coordinates":[-4.44636025,36.71873803,0]},"geometry_name":"SDOGEOMETRIA","properties":{"ID":66930,"NOMBRE":"APARCAPMR_495","DESCRIPCION":"Esquina con Av. Herrera Oria","DIRECCION":"AVENIDA DEL OBISPO ÁNGEL HERRERA ORIA, 51 ","URL":null,"EMAIL":null,"CONTACTO":null,"HORARIOS":null,"PRECIOS":null,"TITULARIDAD":"MUNICIPAL","TARJETAJOVEN":"No","ACCESOPMR":"No","NROPLAZAS":"2","TOTALPLAZAS":2151}},{"type":"Feature","id":"da_aparcamientosMovilidadReducida.fid--175d4967_1a0508ab86c_b75","geometry":{"type":"Point","coordinates":[-4.44618987,36.71274856,0]},"geometry_name":"SDOGEOMETRIA","properties":{"ID":81014,"NOMBRE":"APARCAPMR_1413","DESCRIPCION":null,"DIRECCION":"CALLE HERNANDO DE SOTO, 2 ","URL":null,"EMAIL":null,"CONTACTO":null,"HORARIOS":null,"PRECIOS":null,"TITULARIDAD":"MUNICIPAL","TARJETAJOVEN":"No","ACCESOPMR":"No","NROPLAZAS":"2","TOTALPLAZAS":2151}},{"type":"Feature","id":"da_aparcamientosMovilidadReducida.fid--175d4967_1a0508ab86c_b76","geometry":{"type":"Point","coordinates":[-4.47642748,36.7431508,0]},"geometry_name":"SDOGEOMETRIA","properties":{"ID":76816,"NOMBRE":"APARCAPMR_890_","DESCRIPCION":null,"DIRECCION":"CALLE ORTOSA, 29 ","URL":null,"EMAIL":null,"CONTACTO":null,"HORARIOS":null,"PRECIOS":null,"TITULARIDAD":"MUNICIPAL","TARJETAJOVEN":"No","ACCESOPMR":"No","NROPLAZAS":"1","TOTALPLAZAS":2151}},{"type":"Feature","id":"da_aparcamientosMovilidadReducida.fid--175d4967_1a0508ab86c_b77","geometry":{"type":"Point","coordinates":[-4.444065,36.72872624,0]},"geometry_name":"SDOGEOMETRIA","properties":{"ID":66379,"NOMBRE":"APARCAPMR_928","DESCRIPCION":"Esquina Cesar Arbasia","DIRECCION":"CALLE CÉSAR ARBASIA, 47 ","URL":null,"EMAIL":null,"CONTACTO":null,"HORARIOS":null,"PRECIOS":null,"TITULARIDAD":"MUNICIPAL","TARJETAJOVEN":"No","ACCESOPMR":"No","NROPLAZAS":"2","TOTALPLAZAS":2151}},{"type":"Feature","id":"da_aparcamientosMovilidadReducida.fid--175d4967_1a0508ab86c_b78","geometry":{"type":"Point","coordinates":[-4.44124661,36.72736659,0]},"geometry_name":"SDOGEOMETRIA","properties":{"ID":67102,"NOMBRE":"APARCAPMR_248","DESCRIPCION":"Esquina con c/ Barón de Les","DIRECCION":"CALLE MARTÍNEZ DE LA ROSA, 149 ","URL":null,"EMAIL":null,"CONTACTO":null,"HORARIOS":null,"PRECIOS":null,"TITULARIDAD":"MUNICIPAL","TARJETAJOVEN":"No","ACCESOPMR":"No","NROPLAZAS":"1","TOTALPLAZAS":2151}},{"type":"Feature","id":"da_aparcamientosMovilidadReducida.fid--175d4967_1a0508ab86c_b79","geometry":{"type":"Point","coordinates":[-4.43712916,36.70728444,0]},"geometry_name":"SDOGEOMETRIA","properties":{"ID":66488,"NOMBRE":"APARCAPMR_674","DESCRIPCION":null,"DIRECCION":"CALLE JORDÁN MARBELLA, 22 ","URL":null,"EMAIL":null,"CONTACTO":null,"HORARIOS":null,"PRECIOS":null,"TITULARIDAD":"MUNICIPAL","TARJETAJOVEN":"No","ACCESOPMR":"No","NROPLAZAS":"1","TOTALPLAZAS":2151}},{"type":"Feature","id":"da_aparcamientosMovilidadReducida.fid--175d4967_1a0508ab86c_b7a","geometry":{"type":"Point","coordinates":[-4.46300805,36.70882264,0]},"geometry_name":"SDOGEOMETRIA","properties":{"ID":67181,"NOMBRE":"APARCAPMR_304","DESCRIPCION":"Esquina con Cl. Max Estrella","DIRECCION":"CALLE MAX ESTRELLA, 3 ","URL":null,"EMAIL":null,"CONTACTO":null,"HORARIOS":null,"PRECIOS":null,"TITULARIDAD":"MUNICIPAL","TARJETAJOVEN":"No","ACCESOPMR":"No","NROPLAZAS":"2","TOTALPLAZAS":2151}},{"type":"Feature","id":"da_aparcamientosMovilidadReducida.fid--175d4967_1a0508ab86c_b7b","geometry":{"type":"Point","coordinates":[-4.486054,36.74526904,0]},"geometry_name":"SDOGEOMETRIA","properties":{"ID":66220,"NOMBRE":"APARCAPMR_1111","DESCRIPCION":null,"DIRECCION":"CALLE LANZAROTE DEL LAGO, 67 ","URL":null,"EMAIL":null,"CONTACTO":null,"HORARIOS":null,"PRECIOS":null,"TITULARIDAD":"MUNICIPAL","TARJETAJOVEN":"No","ACCESOPMR":"No","NROPLAZAS":"1","TOTALPLAZAS":2151}},{"type":"Feature","id":"da_aparcamientosMovilidadReducida.fid--175d4967_1a0508ab86c_b7c","geometry":{"type":"Point","coordinates":[-4.44578156,36.72554142,0]},"geometry_name":"SDOGEOMETRIA","properties":{"ID":67109,"NOMBRE":"APARCAPMR_286","DESCRIPCION":"A la altura del nº 7. Calle sin salida","DIRECCION":"CAMINO DE CASTILLEJOS, 9 ","URL":null,"EMAIL":null,"CONTACTO":null,"HORARIOS":null,"PRECIOS":null,"TITULARIDAD":"MUNICIPAL","TARJETAJOVEN":"No","ACCESOPMR":"No","NROPLAZAS":"2","TOTALPLAZAS":2151}},{"type":"Feature","id":"da_aparcamientosMovilidadReducida.fid--175d4967_1a0508ab86c_b7d","geometry":{"type":"Point","coordinates":[-4.44496986,36.72518925,0]},"geometry_name":"SDOGEOMETRIA","properties":{"ID":80804,"NOMBRE":"APARCAPMR_1463","DESCRIPCION":"Camino Castillejos esquina con C/ Rubén Darío","DIRECCION":"CAMINO DE CASTILLEJOS, 7 ","URL":null,"EMAIL":null,"CONTACTO":null,"HORARIOS":null,"PRECIOS":null,"TITULARIDAD":"MUNICIPAL","TARJETAJOVEN":"No","ACCESOPMR":"No","NROPLAZAS":"1","TOTALPLAZAS":2151}},{"type":"Feature","id":"da_aparcamientosMovilidadReducida.fid--175d4967_1a0508ab86c_b7e","geometry":{"type":"Point","coordinates":[-4.46351767,36.71102987,0]},"geometry_name":"SDOGEOMETRIA","properties":{"ID":67157,"NOMBRE":"APARCAPMR_099","DESCRIPCION":"Esquina con c/ Robinson Crusoe. Frente al nº 1","DIRECCION":"ROBINSON CRUSOE, 22 ","URL":null,"EMAIL":null,"CONTACTO":null,"HORARIOS":null,"PRECIOS":null,"TITULARIDAD":"MUNICIPAL","TARJETAJOVEN":"No","ACCESOPMR":"No","NROPLAZAS":"2","TOTALPLAZAS":2151}},{"type":"Feature","id":"da_aparcamientosMovilidadReducida.fid--175d4967_1a0508ab86c_b7f","geometry":{"type":"Point","coordinates":[-4.46630352,36.72050699,0]},"geometry_name":"SDOGEOMETRIA","properties":{"ID":66462,"NOMBRE":"APARCAPMR_1245","DESCRIPCION":"C/ Carril de las Morillas    esq. Avda. Jorge Luis Borges","DIRECCION":"CARRIL DE LAS MORILLAS, 62 ","URL":null,"EMAIL":null,"CONTACTO":null,"HORARIOS":null,"PRECIOS":null,"TITULARIDAD":"MUNICIPAL","TARJETAJOVEN":"No","ACCESOPMR":"No","NROPLAZAS":"1","TOTALPLAZAS":2151}},{"type":"Feature","id":"da_aparcamientosMovilidadReducida.fid--175d4967_1a0508ab86c_b80","geometry":{"type":"Point","coordinates":[-4.45727214,36.70528534,0]},"geometry_name":"SDOGEOMETRIA","properties":{"ID":67139,"NOMBRE":"APARCAPMR_275","DESCRIPCION":"A la altura del nº 20","DIRECCION":"AVENIDA DE NEHEMÍAS, 18 ","URL":null,"EMAIL":null,"CONTACTO":null,"HORARIOS":null,"PRECIOS":null,"TITULARIDAD":"MUNICIPAL","TARJETAJOVEN":"No","ACCESOPMR":"No","NROPLAZAS":"5","TOTALPLAZAS":2151}},{"type":"Feature","id":"da_aparcamientosMovilidadReducida.fid--175d4967_1a0508ab86c_b81","geometry":{"type":"Point","coordinates":[-4.45695966,36.70451658,0]},"geometry_name":"SDOGEOMETRIA","properties":{"ID":67140,"NOMBRE":"APARCAPMR_506","DESCRIPCION":"A la altura del nº 14","DIRECCION":"AVENIDA DE NEHEMÍAS, 14 ","URL":null,"EMAIL":null,"CONTACTO":null,"HORARIOS":null,"PRECIOS":null,"TITULARIDAD":"MUNICIPAL","TARJETAJOVEN":"No","ACCESOPMR":"No","NROPLAZAS":"4","TOTALPLAZAS":2151}},{"type":"Feature","id":"da_aparcamientosMovilidadReducida.fid--175d4967_1a0508ab86c_b82","geometry":{"type":"Point","coordinates":[-4.46638671,36.70738942,4063414.87258533]},"geometry_name":"SDOGEOMETRIA","properties":{"ID":77791,"NOMBRE":"APARCAPMR_1335","DESCRIPCION":"C/ Elena Soriano, frente al nº 9","DIRECCION":"CALLE ELENA SORIANO, 9 ","URL":null,"EMAIL":null,"CONTACTO":null,"HORARIOS":null,"PRECIOS":null,"TITULARIDAD":"MUNICIPAL","TARJETAJOVEN":"No","ACCESOPMR":"No","NROPLAZAS":"1","TOTALPLAZAS":2151}},{"type":"Feature","id":"da_aparcamientosMovilidadReducida.fid--175d4967_1a0508ab86c_b83","geometry":{"type":"Point","coordinates":[-4.465855,36.72616204,0]},"geometry_name":"SDOGEOMETRIA","properties":{"ID":66424,"NOMBRE":"APARCAPMR_1052","DESCRIPCION":"Esq. con Cl. Max Aub","DIRECCION":"CALLE DE JUAN DE RIHUERGA, 19 ","URL":null,"EMAIL":null,"CONTACTO":null,"HORARIOS":null,"PRECIOS":null,"TITULARIDAD":"MUNICIPAL","TARJETAJOVEN":"No","ACCESOPMR":"No","NROPLAZAS":"1","TOTALPLAZAS":2151}},{"type":"Feature","id":"da_aparcamientosMovilidadReducida.fid--175d4967_1a0508ab86c_b84","geometry":{"type":"Point","coordinates":[-4.446826,36.70260504,0]},"geometry_name":"SDOGEOMETRIA","properties":{"ID":66321,"NOMBRE":"APARCAPMR_855","DESCRIPCION":"Esquina con Cl. Sillita de la Reina","DIRECCION":"PLAZA COLMENILLAS, 1 ","URL":null,"EMAIL":null,"CONTACTO":null,"HORARIOS":null,"PRECIOS":null,"TITULARIDAD":"MUNICIPAL","TARJETAJOVEN":"No","ACCESOPMR":"No","NROPLAZAS":"1","TOTALPLAZAS":2151}},{"type":"Feature","id":"da_aparcamientosMovilidadReducida.fid--175d4967_1a0508ab86c_b85","geometry":{"type":"Point","coordinates":[-4.46219587,36.71010593,0]},"geometry_name":"SDOGEOMETRIA","properties":{"ID":67175,"NOMBRE":"APARCAPMR_113","DESCRIPCION":"Esquina con c/ Nicolás Maquiavelo","DIRECCION":"CALLE HAMLET, 18 ","URL":null,"EMAIL":null,"CONTACTO":null,"HORARIOS":null,"PRECIOS":null,"TITULARIDAD":"MUNICIPAL","TARJETAJOVEN":"No","ACCESOPMR":"No","NROPLAZAS":"2","TOTALPLAZAS":2151}},{"type":"Feature","id":"da_aparcamientosMovilidadReducida.fid--175d4967_1a0508ab86c_b86","geometry":{"type":"Point","coordinates":[-4.46636215,36.69976941,0]},"geometry_name":"SDOGEOMETRIA","properties":{"ID":66883,"NOMBRE":"APARCAPMR_511","DESCRIPCION":"Esquina con Cl. Cuevas de San Marcos","DIRECCION":"CALLE CUEVAS DE SAN MARCOS, 2 ","URL":null,"EMAIL":null,"CONTACTO":null,"HORARIOS":null,"PRECIOS":null,"TITULARIDAD":"MUNICIPAL","TARJETAJOVEN":"No","ACCESOPMR":"No","NROPLAZAS":"2","TOTALPLAZAS":2151}},{"type":"Feature","id":"da_aparcamientosMovilidadReducida.fid--175d4967_1a0508ab86c_b87","geometry":{"type":"Point","coordinates":[-4.4769018,36.74594858,0]},"geometry_name":"SDOGEOMETRIA","properties":{"ID":66459,"NOMBRE":"APARCAPMR_1128","DESCRIPCION":null,"DIRECCION":"CALLE DE LORENZO VALLA, 11 ","URL":null,"EMAIL":null,"CONTACTO":null,"HORARIOS":null,"PRECIOS":null,"TITULARIDAD":"MUNICIPAL","TARJETAJOVEN":"No","ACCESOPMR":"No","NROPLAZAS":"1","TOTALPLAZAS":2151}},{"type":"Feature","id":"da_aparcamientosMovilidadReducida.fid--175d4967_1a0508ab86c_b88","geometry":{"type":"Point","coordinates":[-4.4529397,36.73395426,0]},"geometry_name":"SDOGEOMETRIA","properties":{"ID":66903,"NOMBRE":"APARCAPMR_379","DESCRIPCION":"A la altura del nº 37","DIRECCION":"CALLE TAMBRE, 37 ","URL":null,"EMAIL":null,"CONTACTO":null,"HORARIOS":null,"PRECIOS":null,"TITULARIDAD":"MUNICIPAL","TARJETAJOVEN":"No","ACCESOPMR":"No","NROPLAZAS":"1","TOTALPLAZAS":2151}},{"type":"Feature","id":"da_aparcamientosMovilidadReducida.fid--175d4967_1a0508ab86c_b89","geometry":{"type":"Point","coordinates":[-4.48341179,36.74377528,0]},"geometry_name":"SDOGEOMETRIA","properties":{"ID":77792,"NOMBRE":"APARCAPMR_1336","DESCRIPCION":"C/ Cenit esquina con C/ Fuente Alegre","DIRECCION":"CALLE CENIT, 9 ","URL":null,"EMAIL":null,"CONTACTO":null,"HORARIOS":null,"PRECIOS":null,"TITULARIDAD":"MUNICIPAL","TARJETAJOVEN":"No","ACCESOPMR":"No","NROPLAZAS":"1","TOTALPLAZAS":2151}},{"type":"Feature","id":"da_aparcamientosMovilidadReducida.fid--175d4967_1a0508ab86c_b8a","geometry":{"type":"Point","coordinates":[-4.46285114,36.71015311,0]},"geometry_name":"SDOGEOMETRIA","properties":{"ID":67173,"NOMBRE":"APARCAPMR_226","DESCRIPCION":"Esquina con c/ Mefistófeles","DIRECCION":"CALLE HAMLET, 7 ","URL":null,"EMAIL":null,"CONTACTO":null,"HORARIOS":null,"PRECIOS":null,"TITULARIDAD":"MUNICIPAL","TARJETAJOVEN":"No","ACCESOPMR":"No","NROPLAZAS":"2","TOTALPLAZAS":2151}},{"type":"Feature","id":"da_aparcamientosMovilidadReducida.fid--175d4967_1a0508ab86c_b8b","geometry":{"type":"Point","coordinates":[-4.46177423,36.71849185,0]},"geometry_name":"SDOGEOMETRIA","properties":{"ID":66519,"NOMBRE":"APARCAPMR_527","DESCRIPCION":"Esquina con Bv. de Louis Pasteur","DIRECCION":"CALLE MALLARMÉ, 4 ","URL":null,"EMAIL":null,"CONTACTO":null,"HORARIOS":null,"PRECIOS":null,"TITULARIDAD":"MUNICIPAL","TARJETAJOVEN":"No","ACCESOPMR":"No","NROPLAZAS":"1","TOTALPLAZAS":2151}},{"type":"Feature","id":"da_aparcamientosMovilidadReducida.fid--175d4967_1a0508ab86c_b8c","geometry":{"type":"Point","coordinates":[-4.4688115,36.71986474,0]},"geometry_name":"SDOGEOMETRIA","properties":{"ID":66313,"NOMBRE":"APARCAPMR_845","DESCRIPCION":"Junto a Plaza Willy Brandt","DIRECCION":"AVENIDA DEL DOCTOR MANUEL DOMÍNGUEZ, 15 ","URL":null,"EMAIL":null,"CONTACTO":null,"HORARIOS":null,"PRECIOS":null,"TITULARIDAD":"MUNICIPAL","TARJETAJOVEN":"No","ACCESOPMR":"No","NROPLAZAS":"1","TOTALPLAZAS":2151}},{"type":"Feature","id":"da_aparcamientosMovilidadReducida.fid--175d4967_1a0508ab86c_b8d","geometry":{"type":"Point","coordinates":[-4.41523388,36.72687698,0]},"geometry_name":"SDOGEOMETRIA","properties":{"ID":67197,"NOMBRE":"APARCAPMR_353","DESCRIPCION":"Esquina con c/ Chaves","DIRECCION":"CALLE ALTOZANO, 26 ","URL":null,"EMAIL":null,"CONTACTO":null,"HORARIOS":null,"PRECIOS":null,"TITULARIDAD":"MUNICIPAL","TARJETAJOVEN":"No","ACCESOPMR":"No","NROPLAZAS":"3","TOTALPLAZAS":2151}},{"type":"Feature","id":"da_aparcamientosMovilidadReducida.fid--175d4967_1a0508ab86c_b8e","geometry":{"type":"Point","coordinates":[-4.47082901,36.73128895,0]},"geometry_name":"SDOGEOMETRIA","properties":{"ID":66935,"NOMBRE":"APARCAPMR_308","DESCRIPCION":"A la altura del nº 1","DIRECCION":"CALLE ATABALERO, 1 ","URL":null,"EMAIL":null,"CONTACTO":null,"HORARIOS":null,"PRECIOS":null,"TITULARIDAD":"MUNICIPAL","TARJETAJOVEN":"No","ACCESOPMR":"No","NROPLAZAS":"1","TOTALPLAZAS":2151}},{"type":"Feature","id":"da_aparcamientosMovilidadReducida.fid--175d4967_1a0508ab86c_b8f","geometry":{"type":"Point","coordinates":[-4.46415469,36.6959704,0]},"geometry_name":"SDOGEOMETRIA","properties":{"ID":67286,"NOMBRE":"APARCAPMR_514","DESCRIPCION":"A la altura del nº 31","DIRECCION":"CALLE DOLORES IBÁRRURI, 31 ","URL":null,"EMAIL":null,"CONTACTO":null,"HORARIOS":null,"PRECIOS":null,"TITULARIDAD":"MUNICIPAL","TARJETAJOVEN":"No","ACCESOPMR":"No","NROPLAZAS":"1","TOTALPLAZAS":2151}},{"type":"Feature","id":"da_aparcamientosMovilidadReducida.fid--175d4967_1a0508ab86c_b90","geometry":{"type":"Point","coordinates":[-4.4167,36.72544304,0]},"geometry_name":"SDOGEOMETRIA","properties":{"ID":66364,"NOMBRE":"APARCAPMR_884","DESCRIPCION":null,"DIRECCION":"CALLE LAGUNILLAS, 17 ","URL":null,"EMAIL":null,"CONTACTO":null,"HORARIOS":null,"PRECIOS":null,"TITULARIDAD":"MUNICIPAL","TARJETAJOVEN":"No","ACCESOPMR":"No","NROPLAZAS":"1","TOTALPLAZAS":2151}},{"type":"Feature","id":"da_aparcamientosMovilidadReducida.fid--175d4967_1a0508ab86c_b91","geometry":{"type":"Point","coordinates":[-4.45654488,36.70398716,0]},"geometry_name":"SDOGEOMETRIA","properties":{"ID":67166,"NOMBRE":"APARCAPMR_253","DESCRIPCION":"A la altura del nº 9","DIRECCION":"CALLE DAN, 5 ","URL":null,"EMAIL":null,"CONTACTO":null,"HORARIOS":null,"PRECIOS":null,"TITULARIDAD":"MUNICIPAL","TARJETAJOVEN":"No","ACCESOPMR":"No","NROPLAZAS":"1","TOTALPLAZAS":2151}},{"type":"Feature","id":"da_aparcamientosMovilidadReducida.fid--175d4967_1a0508ab86c_b92","geometry":{"type":"Point","coordinates":[-4.45658399,36.70387828,0]},"geometry_name":"SDOGEOMETRIA","properties":{"ID":66222,"NOMBRE":"APARCAPMR_1085","DESCRIPCION":null,"DIRECCION":"CALLE DAN, 5 ","URL":null,"EMAIL":null,"CONTACTO":null,"HORARIOS":null,"PRECIOS":null,"TITULARIDAD":"MUNICIPAL","TARJETAJOVEN":"No","ACCESOPMR":"No","NROPLAZAS":"2","TOTALPLAZAS":2151}},{"type":"Feature","id":"da_aparcamientosMovilidadReducida.fid--175d4967_1a0508ab86c_b93","geometry":{"type":"Point","coordinates":[-4.47801455,36.74261057,0]},"geometry_name":"SDOGEOMETRIA","properties":{"ID":66669,"NOMBRE":"APARCAPMR_686","DESCRIPCION":"Esquina con Cl. La Maltesa","DIRECCION":"CALLE ARTEMISA, 3 ","URL":null,"EMAIL":null,"CONTACTO":null,"HORARIOS":null,"PRECIOS":null,"TITULARIDAD":"MUNICIPAL","TARJETAJOVEN":"No","ACCESOPMR":"No","NROPLAZAS":"1","TOTALPLAZAS":2151}},{"type":"Feature","id":"da_aparcamientosMovilidadReducida.fid--175d4967_1a0508ab86c_b94","geometry":{"type":"Point","coordinates":[-4.450806,36.70869504,0]},"geometry_name":"SDOGEOMETRIA","properties":{"ID":66247,"NOMBRE":"APARCAPMR_756","DESCRIPCION":null,"DIRECCION":"CALLE ALCALDE DÍAZ ZAFRA, 35 ","URL":null,"EMAIL":null,"CONTACTO":null,"HORARIOS":null,"PRECIOS":null,"TITULARIDAD":"MUNICIPAL","TARJETAJOVEN":"No","ACCESOPMR":"No","NROPLAZAS":"3","TOTALPLAZAS":2151}},{"type":"Feature","id":"da_aparcamientosMovilidadReducida.fid--175d4967_1a0508ab86c_b95","geometry":{"type":"Point","coordinates":[-4.4511909,36.71004775,0]},"geometry_name":"SDOGEOMETRIA","properties":{"ID":66990,"NOMBRE":"APARCAPMR_415","DESCRIPCION":"Esquina con Avda. Ortega y Gasset","DIRECCION":"CALLE ALCALDE DÍAZ ZAFRA, 26 ","URL":null,"EMAIL":null,"CONTACTO":null,"HORARIOS":null,"PRECIOS":null,"TITULARIDAD":"MUNICIPAL","TARJETAJOVEN":"No","ACCESOPMR":"No","NROPLAZAS":"3","TOTALPLAZAS":2151}},{"type":"Feature","id":"da_aparcamientosMovilidadReducida.fid--175d4967_1a0508ab86c_b96","geometry":{"type":"Point","coordinates":[-4.457433,36.69647804,0]},"geometry_name":"SDOGEOMETRIA","properties":{"ID":66322,"NOMBRE":"APARCAPMR_851","DESCRIPCION":null,"DIRECCION":"CALLE MIGUEL ÁNGEL, 11 ","URL":null,"EMAIL":null,"CONTACTO":null,"HORARIOS":null,"PRECIOS":null,"TITULARIDAD":"MUNICIPAL","TARJETAJOVEN":"No","ACCESOPMR":"No","NROPLAZAS":"1","TOTALPLAZAS":2151}},{"type":"Feature","id":"da_aparcamientosMovilidadReducida.fid--175d4967_1a0508ab86c_b97","geometry":{"type":"Point","coordinates":[-4.46487363,36.70714108,0]},"geometry_name":"SDOGEOMETRIA","properties":{"ID":76802,"NOMBRE":"APARCAPMR_1258","DESCRIPCION":null,"DIRECCION":"CALLE MAX ESTRELLA, 5 ","URL":null,"EMAIL":null,"CONTACTO":null,"HORARIOS":null,"PRECIOS":null,"TITULARIDAD":"MUNICIPAL","TARJETAJOVEN":"No","ACCESOPMR":"No","NROPLAZAS":"2","TOTALPLAZAS":2151}},{"type":"Feature","id":"da_aparcamientosMovilidadReducida.fid--175d4967_1a0508ab86c_b98","geometry":{"type":"Point","coordinates":[-4.42358874,36.74428453,0]},"geometry_name":"SDOGEOMETRIA","properties":{"ID":77793,"NOMBRE":"APARCAPMR_1330","DESCRIPCION":"C/ Pastor de Iberia esquina con C/ Mondragón","DIRECCION":"CALLE PASTOR DE IBERIA, 3 ","URL":null,"EMAIL":null,"CONTACTO":null,"HORARIOS":null,"PRECIOS":null,"TITULARIDAD":"MUNICIPAL","TARJETAJOVEN":"No","ACCESOPMR":"No","NROPLAZAS":"1","TOTALPLAZAS":2151}},{"type":"Feature","id":"da_aparcamientosMovilidadReducida.fid--175d4967_1a0508ab86c_b99","geometry":{"type":"Point","coordinates":[-4.44356203,36.69789127,0]},"geometry_name":"SDOGEOMETRIA","properties":{"ID":66776,"NOMBRE":"APARCAPMR_178","DESCRIPCION":"A la altura del nº 29","DIRECCION":"CALLE EMILIO PRADOS, 16 ","URL":null,"EMAIL":null,"CONTACTO":null,"HORARIOS":null,"PRECIOS":null,"TITULARIDAD":"MUNICIPAL","TARJETAJOVEN":"No","ACCESOPMR":"No","NROPLAZAS":"1","TOTALPLAZAS":2151}},{"type":"Feature","id":"da_aparcamientosMovilidadReducida.fid--175d4967_1a0508ab86c_b9a","geometry":{"type":"Point","coordinates":[-4.43197489,36.7241494,0]},"geometry_name":"SDOGEOMETRIA","properties":{"ID":67090,"NOMBRE":"APARCAPMR_161","DESCRIPCION":"Esquina Plaza de Bailén","DIRECCION":"PLAZA BAILÉN, 7 ","URL":null,"EMAIL":null,"CONTACTO":null,"HORARIOS":null,"PRECIOS":null,"TITULARIDAD":"MUNICIPAL","TARJETAJOVEN":"No","ACCESOPMR":"No","NROPLAZAS":"2","TOTALPLAZAS":2151}},{"type":"Feature","id":"da_aparcamientosMovilidadReducida.fid--175d4967_1a0508ab86c_b9b","geometry":{"type":"Point","coordinates":[-4.4255697,36.72650899,0]},"geometry_name":"SDOGEOMETRIA","properties":{"ID":76891,"NOMBRE":"APARCAPMR_1205","DESCRIPCION":null,"DIRECCION":"AVENIDA DE LA ROSALEDA, 27 ","URL":null,"EMAIL":null,"CONTACTO":null,"HORARIOS":null,"PRECIOS":null,"TITULARIDAD":"MUNICIPAL","TARJETAJOVEN":"No","ACCESOPMR":"No","NROPLAZAS":"2","TOTALPLAZAS":2151}},{"type":"Feature","id":"da_aparcamientosMovilidadReducida.fid--175d4967_1a0508ab86c_b9c","geometry":{"type":"Point","coordinates":[-4.44036819,36.72637877,0]},"geometry_name":"SDOGEOMETRIA","properties":{"ID":67002,"NOMBRE":"APARCAPMR_431","DESCRIPCION":"Esquina con c/ Rosa del Mar","DIRECCION":"CALLE LORENZO SILVA, 22 ","URL":null,"EMAIL":null,"CONTACTO":null,"HORARIOS":null,"PRECIOS":null,"TITULARIDAD":"MUNICIPAL","TARJETAJOVEN":"No","ACCESOPMR":"No","NROPLAZAS":"1","TOTALPLAZAS":2151}},{"type":"Feature","id":"da_aparcamientosMovilidadReducida.fid--175d4967_1a0508ab86c_b9d","geometry":{"type":"Point","coordinates":[-4.5630705,36.73554542,0]},"geometry_name":"SDOGEOMETRIA","properties":{"ID":66675,"NOMBRE":"APARCAPMR_1241","DESCRIPCION":null,"DIRECCION":"CALLE COMPOSITOR CARMELO BERNAOLA, 18 ","URL":null,"EMAIL":null,"CONTACTO":null,"HORARIOS":null,"PRECIOS":null,"TITULARIDAD":"MUNICIPAL","TARJETAJOVEN":"No","ACCESOPMR":"No","NROPLAZAS":"1","TOTALPLAZAS":2151}},{"type":"Feature","id":"da_aparcamientosMovilidadReducida.fid--175d4967_1a0508ab86c_b9e","geometry":{"type":"Point","coordinates":[-4.44510363,36.72451918,0]},"geometry_name":"SDOGEOMETRIA","properties":{"ID":66621,"NOMBRE":"APARCAPMR_614","DESCRIPCION":"A la altura del nº 10","DIRECCION":"GRUPO LOS MILLONES, 10 ","URL":null,"EMAIL":null,"CONTACTO":null,"HORARIOS":null,"PRECIOS":null,"TITULARIDAD":"MUNICIPAL","TARJETAJOVEN":"No","ACCESOPMR":"No","NROPLAZAS":"2","TOTALPLAZAS":2151}},{"type":"Feature","id":"da_aparcamientosMovilidadReducida.fid--175d4967_1a0508ab86c_b9f","geometry":{"type":"Point","coordinates":[-4.48187047,36.73389589,0]},"geometry_name":"SDOGEOMETRIA","properties":{"ID":78794,"NOMBRE":"APARCAPMR_1406","DESCRIPCION":"C/ Ruiseñores esquina con C/ Robles","DIRECCION":"CALLE RUISEÑORES, 19 ","URL":null,"EMAIL":null,"CONTACTO":null,"HORARIOS":null,"PRECIOS":null,"TITULARIDAD":"MUNICIPAL","TARJETAJOVEN":"No","ACCESOPMR":"No","NROPLAZAS":"1","TOTALPLAZAS":2151}},{"type":"Feature","id":"da_aparcamientosMovilidadReducida.fid--175d4967_1a0508ab86c_ba0","geometry":{"type":"Point","coordinates":[-4.4209575,36.72427507,0]},"geometry_name":"SDOGEOMETRIA","properties":{"ID":66828,"NOMBRE":"APARCAPMR_1281","DESCRIPCION":null,"DIRECCION":"CALLE CARRETERÍA, 94 ","URL":null,"EMAIL":null,"CONTACTO":null,"HORARIOS":null,"PRECIOS":null,"TITULARIDAD":"MUNICIPAL","TARJETAJOVEN":"No","ACCESOPMR":"No","NROPLAZAS":"1","TOTALPLAZAS":2151}},{"type":"Feature","id":"da_aparcamientosMovilidadReducida.fid--175d4967_1a0508ab86c_ba1","geometry":{"type":"Point","coordinates":[-4.4502773,36.69531983,0]},"geometry_name":"SDOGEOMETRIA","properties":{"ID":66616,"NOMBRE":"APARCAPMR_1147","DESCRIPCION":"Esq. Juan Sebastián Bach","DIRECCION":"CALLE SCHUBERT, 3 ","URL":null,"EMAIL":null,"CONTACTO":null,"HORARIOS":null,"PRECIOS":null,"TITULARIDAD":"MUNICIPAL","TARJETAJOVEN":"No","ACCESOPMR":"No","NROPLAZAS":"2","TOTALPLAZAS":2151}},{"type":"Feature","id":"da_aparcamientosMovilidadReducida.fid--175d4967_1a0508ab86c_ba2","geometry":{"type":"Point","coordinates":[-4.4369182,36.72628525,0]},"geometry_name":"SDOGEOMETRIA","properties":{"ID":67101,"NOMBRE":"APARCAPMR_280","DESCRIPCION":"Esquina con c/ Berrocal","DIRECCION":"CALLE MARTÍNEZ DE LA ROSA, 48 ","URL":null,"EMAIL":null,"CONTACTO":null,"HORARIOS":null,"PRECIOS":null,"TITULARIDAD":"MUNICIPAL","TARJETAJOVEN":"No","ACCESOPMR":"No","NROPLAZAS":"1","TOTALPLAZAS":2151}},{"type":"Feature","id":"da_aparcamientosMovilidadReducida.fid--175d4967_1a0508ab86c_ba3","geometry":{"type":"Point","coordinates":[-4.42889951,36.71889584,0]},"geometry_name":"SDOGEOMETRIA","properties":{"ID":80149,"NOMBRE":"APARCAPMR_1439","DESCRIPCION":"C/ Cerrojo esquina con C/ Almansa","DIRECCION":"CALLE CERROJO, 42 ","URL":null,"EMAIL":null,"CONTACTO":null,"HORARIOS":null,"PRECIOS":null,"TITULARIDAD":"MUNICIPAL","TARJETAJOVEN":"No","ACCESOPMR":"No","NROPLAZAS":"1","TOTALPLAZAS":2151}},{"type":"Feature","id":"da_aparcamientosMovilidadReducida.fid--175d4967_1a0508ab86c_ba4","geometry":{"type":"Point","coordinates":[-4.42905262,36.73076905,0]},"geometry_name":"SDOGEOMETRIA","properties":{"ID":67128,"NOMBRE":"APARCAPMR_017","DESCRIPCION":"Esquina con Cl. Godino, frente al nº 9","DIRECCION":"CALLE GODINO, 9 ","URL":null,"EMAIL":null,"CONTACTO":null,"HORARIOS":null,"PRECIOS":null,"TITULARIDAD":"MUNICIPAL","TARJETAJOVEN":"No","ACCESOPMR":"No","NROPLAZAS":"2","TOTALPLAZAS":2151}},{"type":"Feature","id":"da_aparcamientosMovilidadReducida.fid--175d4967_1a0508ab86c_ba5","geometry":{"type":"Point","coordinates":[-4.54694685,36.72732814,0]},"geometry_name":"SDOGEOMETRIA","properties":{"ID":66729,"NOMBRE":"APARCAPMR_1152","DESCRIPCION":"Esq. Cl. Luis Salazar","DIRECCION":"CALLE JUMILLANO, 20 ","URL":null,"EMAIL":null,"CONTACTO":null,"HORARIOS":null,"PRECIOS":null,"TITULARIDAD":"MUNICIPAL","TARJETAJOVEN":"No","ACCESOPMR":"No","NROPLAZAS":"1","TOTALPLAZAS":2151}},{"type":"Feature","id":"da_aparcamientosMovilidadReducida.fid--175d4967_1a0508ab86c_ba6","geometry":{"type":"Point","coordinates":[-4.427598,36.71242604,0]},"geometry_name":"SDOGEOMETRIA","properties":{"ID":66434,"NOMBRE":"APARCAPMR_1049","DESCRIPCION":"Esq. con Cl. Plaza de Toros Vieja","DIRECCION":"CALLE CONSTANCIA, 11 ","URL":null,"EMAIL":null,"CONTACTO":null,"HORARIOS":null,"PRECIOS":null,"TITULARIDAD":"MUNICIPAL","TARJETAJOVEN":"No","ACCESOPMR":"No","NROPLAZAS":"1","TOTALPLAZAS":2151}},{"type":"Feature","id":"da_aparcamientosMovilidadReducida.fid--175d4967_1a0508ab86c_ba7","geometry":{"type":"Point","coordinates":[-4.45119571,36.70130298,0]},"geometry_name":"SDOGEOMETRIA","properties":{"ID":66224,"NOMBRE":"APARCAPMR_1252","DESCRIPCION":"C/ CANCHAL- ESQ. ALPARGATERITO","DIRECCION":"CALLE CANCHAL, 2 ","URL":null,"EMAIL":null,"CONTACTO":null,"HORARIOS":null,"PRECIOS":null,"TITULARIDAD":"MUNICIPAL","TARJETAJOVEN":"No","ACCESOPMR":"No","NROPLAZAS":"1","TOTALPLAZAS":2151}},{"type":"Feature","id":"da_aparcamientosMovilidadReducida.fid--175d4967_1a0508ab86c_ba8","geometry":{"type":"Point","coordinates":[-4.44435328,36.70016027,0]},"geometry_name":"SDOGEOMETRIA","properties":{"ID":66778,"NOMBRE":"APARCAPMR_295","DESCRIPCION":"Esquina con Cl. Guadiaro","DIRECCION":"CALLE VICENTE ALEIXANDRE, 5 ","URL":null,"EMAIL":null,"CONTACTO":null,"HORARIOS":null,"PRECIOS":null,"TITULARIDAD":"MUNICIPAL","TARJETAJOVEN":"No","ACCESOPMR":"No","NROPLAZAS":"1","TOTALPLAZAS":2151}},{"type":"Feature","id":"da_aparcamientosMovilidadReducida.fid--175d4967_1a0508ab86c_ba9","geometry":{"type":"Point","coordinates":[-4.42423068,36.71517216,0]},"geometry_name":"SDOGEOMETRIA","properties":{"ID":66889,"NOMBRE":"APARCAPMR_530","DESCRIPCION":"Esquina c/ Martínez Campos","DIRECCION":"CALLE SAN LORENZO, 23 ","URL":null,"EMAIL":null,"CONTACTO":null,"HORARIOS":null,"PRECIOS":null,"TITULARIDAD":"MUNICIPAL","TARJETAJOVEN":"No","ACCESOPMR":"No","NROPLAZAS":"2","TOTALPLAZAS":2151}},{"type":"Feature","id":"da_aparcamientosMovilidadReducida.fid--175d4967_1a0508ab86c_baa","geometry":{"type":"Point","coordinates":[-4.4517227,36.68825321,0]},"geometry_name":"SDOGEOMETRIA","properties":{"ID":66731,"NOMBRE":"APARCAPMR_1154","DESCRIPCION":"Esq. Cmno. del Pato","DIRECCION":"CALLE NUESTRA SEÑORA DE LAS CANDELAS, 21 ","URL":null,"EMAIL":null,"CONTACTO":null,"HORARIOS":null,"PRECIOS":null,"TITULARIDAD":"MUNICIPAL","TARJETAJOVEN":"No","ACCESOPMR":"No","NROPLAZAS":"1","TOTALPLAZAS":2151}},{"type":"Feature","id":"da_aparcamientosMovilidadReducida.fid--175d4967_1a0508ab86c_bab","geometry":{"type":"Point","coordinates":[-4.43218477,36.72000867,0]},"geometry_name":"SDOGEOMETRIA","properties":{"ID":67218,"NOMBRE":"APARCAPMR_173","DESCRIPCION":"Esquina con c/ Zamarrilla","DIRECCION":"CALLE PESO DE LA HARINA, 6 ","URL":null,"EMAIL":null,"CONTACTO":null,"HORARIOS":null,"PRECIOS":null,"TITULARIDAD":"MUNICIPAL","TARJETAJOVEN":"No","ACCESOPMR":"No","NROPLAZAS":"2","TOTALPLAZAS":2151}},{"type":"Feature","id":"da_aparcamientosMovilidadReducida.fid--175d4967_1a0508ab86c_bac","geometry":{"type":"Point","coordinates":[-4.43130286,36.7163975,0]},"geometry_name":"SDOGEOMETRIA","properties":{"ID":77784,"NOMBRE":"APARCAPMR_1338","DESCRIPCION":"Avenida Aurora esquina con Pasaje Decano Antonio Serrano","DIRECCION":"AVENIDA DE LA AURORA, 26 ","URL":null,"EMAIL":null,"CONTACTO":null,"HORARIOS":null,"PRECIOS":null,"TITULARIDAD":"MUNICIPAL","TARJETAJOVEN":"No","ACCESOPMR":"No","NROPLAZAS":"1","TOTALPLAZAS":2151}},{"type":"Feature","id":"da_aparcamientosMovilidadReducida.fid--175d4967_1a0508ab86c_bad","geometry":{"type":"Point","coordinates":[-4.4499002,36.69461044,0]},"geometry_name":"SDOGEOMETRIA","properties":{"ID":66955,"NOMBRE":"APARCAPMR_364","DESCRIPCION":"Esquina con Cl. Chopín","DIRECCION":"CALLE CHOPÍN, 6 ","URL":null,"EMAIL":null,"CONTACTO":null,"HORARIOS":null,"PRECIOS":null,"TITULARIDAD":"MUNICIPAL","TARJETAJOVEN":"No","ACCESOPMR":"No","NROPLAZAS":"1","TOTALPLAZAS":2151}},{"type":"Feature","id":"da_aparcamientosMovilidadReducida.fid--175d4967_1a0508ab86c_bae","geometry":{"type":"Point","coordinates":[-4.44459468,36.69731561,0]},"geometry_name":"SDOGEOMETRIA","properties":{"ID":67244,"NOMBRE":"APARCAPMR_135","DESCRIPCION":"Esquina con c/ Cavite","DIRECCION":"CALLE MANUEL ALTOLAGUIRRE, 14 ","URL":null,"EMAIL":null,"CONTACTO":null,"HORARIOS":null,"PRECIOS":null,"TITULARIDAD":"MUNICIPAL","TARJETAJOVEN":"No","ACCESOPMR":"No","NROPLAZAS":"2","TOTALPLAZAS":2151}},{"type":"Feature","id":"da_aparcamientosMovilidadReducida.fid--175d4967_1a0508ab86c_baf","geometry":{"type":"Point","coordinates":[-4.43584397,36.72340232,0]},"geometry_name":"SDOGEOMETRIA","properties":{"ID":67114,"NOMBRE":"APARCAPMR_192","DESCRIPCION":"Esquina con c/ Eugenio Gross","DIRECCION":"PASAJE ARCHANDA, 1 ","URL":null,"EMAIL":null,"CONTACTO":null,"HORARIOS":null,"PRECIOS":null,"TITULARIDAD":"MUNICIPAL","TARJETAJOVEN":"No","ACCESOPMR":"No","NROPLAZAS":"3","TOTALPLAZAS":2151}},{"type":"Feature","id":"da_aparcamientosMovilidadReducida.fid--175d4967_1a0508ab86c_bb0","geometry":{"type":"Point","coordinates":[-4.436419,36.73260404,0]},"geometry_name":"SDOGEOMETRIA","properties":{"ID":66419,"NOMBRE":"APARCAPMR_1039","DESCRIPCION":null,"DIRECCION":"CALLE ALCALDE RONQUILLO, 24 ","URL":null,"EMAIL":null,"CONTACTO":null,"HORARIOS":null,"PRECIOS":null,"TITULARIDAD":"MUNICIPAL","TARJETAJOVEN":"No","ACCESOPMR":"No","NROPLAZAS":"1","TOTALPLAZAS":2151}},{"type":"Feature","id":"da_aparcamientosMovilidadReducida.fid--175d4967_1a0508ab86c_bb1","geometry":{"type":"Point","coordinates":[-4.44675185,36.69717959,0]},"geometry_name":"SDOGEOMETRIA","properties":{"ID":67240,"NOMBRE":"APARCAPMR_325","DESCRIPCION":"Esquina con Cl. Frigiliana","DIRECCION":"CALLE FRIGILIANA, 19 ","URL":null,"EMAIL":null,"CONTACTO":null,"HORARIOS":null,"PRECIOS":null,"TITULARIDAD":"MUNICIPAL","TARJETAJOVEN":"No","ACCESOPMR":"No","NROPLAZAS":"1","TOTALPLAZAS":2151}},{"type":"Feature","id":"da_aparcamientosMovilidadReducida.fid--175d4967_1a0508ab86c_bb2","geometry":{"type":"Point","coordinates":[-4.4469614,36.69736274,0]},"geometry_name":"SDOGEOMETRIA","properties":{"ID":66297,"NOMBRE":"APARCAPMR_803","DESCRIPCION":null,"DIRECCION":"CALLE FRIGILIANA, 17 ","URL":null,"EMAIL":null,"CONTACTO":null,"HORARIOS":null,"PRECIOS":null,"TITULARIDAD":"MUNICIPAL","TARJETAJOVEN":"No","ACCESOPMR":"No","NROPLAZAS":"1","TOTALPLAZAS":2151}},{"type":"Feature","id":"da_aparcamientosMovilidadReducida.fid--175d4967_1a0508ab86c_bb3","geometry":{"type":"Point","coordinates":[-4.45264064,36.70046242,0]},"geometry_name":"SDOGEOMETRIA","properties":{"ID":66354,"NOMBRE":"APARCAPMR_246","DESCRIPCION":"Esquina con Cl. Balazón","DIRECCION":"CALLE BALAZÓN, 3 ","URL":null,"EMAIL":null,"CONTACTO":null,"HORARIOS":null,"PRECIOS":null,"TITULARIDAD":"MUNICIPAL","TARJETAJOVEN":"No","ACCESOPMR":"No","NROPLAZAS":"2","TOTALPLAZAS":2151}},{"type":"Feature","id":"da_aparcamientosMovilidadReducida.fid--175d4967_1a0508ab86c_bb4","geometry":{"type":"Point","coordinates":[-4.44405891,36.69817262,0]},"geometry_name":"SDOGEOMETRIA","properties":{"ID":66899,"NOMBRE":"APARCAPMR_723","DESCRIPCION":"Esq. Emilio Prados","DIRECCION":"CALLE EMILIO PRADOS, 12 ","URL":null,"EMAIL":null,"CONTACTO":null,"HORARIOS":null,"PRECIOS":null,"TITULARIDAD":"MUNICIPAL","TARJETAJOVEN":"No","ACCESOPMR":"No","NROPLAZAS":"1","TOTALPLAZAS":2151}},{"type":"Feature","id":"da_aparcamientosMovilidadReducida.fid--175d4967_1a0508ab86c_bb5","geometry":{"type":"Point","coordinates":[-4.43050839,36.71815752,0]},"geometry_name":"SDOGEOMETRIA","properties":{"ID":66496,"NOMBRE":"APARCAPMR_659","DESCRIPCION":"Esquina con Cl. Compositor Lehmberg Ruiz","DIRECCION":"CALLE COMPOSITOR LEHMBERG RUIZ, 1 ","URL":null,"EMAIL":null,"CONTACTO":null,"HORARIOS":null,"PRECIOS":null,"TITULARIDAD":"MUNICIPAL","TARJETAJOVEN":"No","ACCESOPMR":"No","NROPLAZAS":"1","TOTALPLAZAS":2151}},{"type":"Feature","id":"da_aparcamientosMovilidadReducida.fid--175d4967_1a0508ab86c_bb6","geometry":{"type":"Point","coordinates":[-4.45118219,36.695201,0]},"geometry_name":"SDOGEOMETRIA","properties":{"ID":66787,"NOMBRE":"APARCAPMR_386","DESCRIPCION":"Esquina con Avenida de Velázquez","DIRECCION":"CALLE BEETHOVEN, 2 ","URL":null,"EMAIL":null,"CONTACTO":null,"HORARIOS":null,"PRECIOS":null,"TITULARIDAD":"MUNICIPAL","TARJETAJOVEN":"No","ACCESOPMR":"No","NROPLAZAS":"2","TOTALPLAZAS":2151}},{"type":"Feature","id":"da_aparcamientosMovilidadReducida.fid--175d4967_1a0508ab86c_bb7","geometry":{"type":"Point","coordinates":[-4.45092201,36.69488539,0]},"geometry_name":"SDOGEOMETRIA","properties":{"ID":67000,"NOMBRE":"APARCAPMR_429","DESCRIPCION":"A la altura del nº 3","DIRECCION":"CALLE BEETHOVEN, 2 ","URL":null,"EMAIL":null,"CONTACTO":null,"HORARIOS":null,"PRECIOS":null,"TITULARIDAD":"MUNICIPAL","TARJETAJOVEN":"No","ACCESOPMR":"No","NROPLAZAS":"2","TOTALPLAZAS":2151}},{"type":"Feature","id":"da_aparcamientosMovilidadReducida.fid--175d4967_1a0508ab86c_bb8","geometry":{"type":"Point","coordinates":[-4.45077541,36.69419051,0]},"geometry_name":"SDOGEOMETRIA","properties":{"ID":75826,"NOMBRE":"APARCAPMR_1307","DESCRIPCION":null,"DIRECCION":"CALLE BRAHMS, 6 ","URL":null,"EMAIL":null,"CONTACTO":null,"HORARIOS":null,"PRECIOS":null,"TITULARIDAD":"MUNICIPAL","TARJETAJOVEN":"No","ACCESOPMR":"No","NROPLAZAS":"1","TOTALPLAZAS":2151}},{"type":"Feature","id":"da_aparcamientosMovilidadReducida.fid--175d4967_1a0508ab86c_bb9","geometry":{"type":"Point","coordinates":[-4.43110384,36.71774364,0]},"geometry_name":"SDOGEOMETRIA","properties":{"ID":66881,"NOMBRE":"APARCAPMR_015","DESCRIPCION":"Esquina con c/ Hilera","DIRECCION":"CALLE COMPOSITOR LEHMBERG RUIZ, 4 ","URL":null,"EMAIL":null,"CONTACTO":null,"HORARIOS":null,"PRECIOS":null,"TITULARIDAD":"MUNICIPAL","TARJETAJOVEN":"No","ACCESOPMR":"No","NROPLAZAS":"3","TOTALPLAZAS":2151}},{"type":"Feature","id":"da_aparcamientosMovilidadReducida.fid--175d4967_1a0508ab86c_bba","geometry":{"type":"Point","coordinates":[-4.44333267,36.69977825,0]},"geometry_name":"SDOGEOMETRIA","properties":{"ID":80960,"NOMBRE":"APARCAPMR_202_B","DESCRIPCION":null,"DIRECCION":"CALLE VICENTE ALEIXANDRE, 15 ","URL":null,"EMAIL":null,"CONTACTO":null,"HORARIOS":null,"PRECIOS":null,"TITULARIDAD":"MUNICIPAL","TARJETAJOVEN":"No","ACCESOPMR":"No","NROPLAZAS":"1","TOTALPLAZAS":2151}},{"type":"Feature","id":"da_aparcamientosMovilidadReducida.fid--175d4967_1a0508ab86c_bbb","geometry":{"type":"Point","coordinates":[-4.47135307,36.71907504,0]},"geometry_name":"SDOGEOMETRIA","properties":{"ID":66571,"NOMBRE":"APARCAPMR_715","DESCRIPCION":"Esquina con Avda. José Ribera","DIRECCION":"CALLE DEL MARQUÉS DE BECCARIA, 5 ","URL":null,"EMAIL":null,"CONTACTO":null,"HORARIOS":null,"PRECIOS":null,"TITULARIDAD":"MUNICIPAL","TARJETAJOVEN":"No","ACCESOPMR":"No","NROPLAZAS":"2","TOTALPLAZAS":2151}},{"type":"Feature","id":"da_aparcamientosMovilidadReducida.fid--175d4967_1a0508ab86c_bbc","geometry":{"type":"Point","coordinates":[-4.44257879,36.73030094,0]},"geometry_name":"SDOGEOMETRIA","properties":{"ID":67103,"NOMBRE":"APARCAPMR_204","DESCRIPCION":"Inicio de aparcamientos","DIRECCION":"CALLE MERO, 10 ","URL":null,"EMAIL":null,"CONTACTO":null,"HORARIOS":null,"PRECIOS":null,"TITULARIDAD":"MUNICIPAL","TARJETAJOVEN":"No","ACCESOPMR":"No","NROPLAZAS":"2","TOTALPLAZAS":2151}},{"type":"Feature","id":"da_aparcamientosMovilidadReducida.fid--175d4967_1a0508ab86c_bbd","geometry":{"type":"Point","coordinates":[-4.44182396,36.73056034,0]},"geometry_name":"SDOGEOMETRIA","properties":{"ID":66640,"NOMBRE":"APARCAPMR_205","DESCRIPCION":"Mediación de aparcamientos","DIRECCION":"CALLE MERO, 14 ","URL":null,"EMAIL":null,"CONTACTO":null,"HORARIOS":null,"PRECIOS":null,"TITULARIDAD":"MUNICIPAL","TARJETAJOVEN":"No","ACCESOPMR":"No","NROPLAZAS":"2","TOTALPLAZAS":2151}},{"type":"Feature","id":"da_aparcamientosMovilidadReducida.fid--175d4967_1a0508ab86c_bbe","geometry":{"type":"Point","coordinates":[-4.433313,36.70721904,0]},"geometry_name":"SDOGEOMETRIA","properties":{"ID":66151,"NOMBRE":"APARCAPMR_838","DESCRIPCION":null,"DIRECCION":"CALLE MARÍA VILLANUEVA GALLEGO, 6 ","URL":null,"EMAIL":null,"CONTACTO":null,"HORARIOS":null,"PRECIOS":null,"TITULARIDAD":"MUNICIPAL","TARJETAJOVEN":"No","ACCESOPMR":"No","NROPLAZAS":"1","TOTALPLAZAS":2151}},{"type":"Feature","id":"da_aparcamientosMovilidadReducida.fid--175d4967_1a0508ab86c_bbf","geometry":{"type":"Point","coordinates":[-4.43363721,36.70666442,0]},"geometry_name":"SDOGEOMETRIA","properties":{"ID":80492,"NOMBRE":"APARCAPMR_1445","DESCRIPCION":" C/ María Villanueva Gallego esquina con C/ Leopoldo Alas \"Clarín\"","DIRECCION":"CALLE MARÍA VILLANUEVA GALLEGO, 6 ","URL":null,"EMAIL":null,"CONTACTO":null,"HORARIOS":null,"PRECIOS":null,"TITULARIDAD":"MUNICIPAL","TARJETAJOVEN":"No","ACCESOPMR":"No","NROPLAZAS":"1","TOTALPLAZAS":2151}},{"type":"Feature","id":"da_aparcamientosMovilidadReducida.fid--175d4967_1a0508ab86c_bc0","geometry":{"type":"Point","coordinates":[-4.43645309,36.72957859,0]},"geometry_name":"SDOGEOMETRIA","properties":{"ID":66160,"NOMBRE":"APARCAPMR_1196","DESCRIPCION":"Con Plaza Eduardo Dato","DIRECCION":"PLAZA DE EDUARDO DATO, 2 ","URL":null,"EMAIL":null,"CONTACTO":null,"HORARIOS":null,"PRECIOS":null,"TITULARIDAD":"MUNICIPAL","TARJETAJOVEN":"No","ACCESOPMR":"No","NROPLAZAS":"1","TOTALPLAZAS":2151}},{"type":"Feature","id":"da_aparcamientosMovilidadReducida.fid--175d4967_1a0508ab86c_bc1","geometry":{"type":"Point","coordinates":[-4.441863,36.72141504,0]},"geometry_name":"SDOGEOMETRIA","properties":{"ID":66604,"NOMBRE":"APARCAPMR_934","DESCRIPCION":"Esquina Cl. Martínez Maldonado","DIRECCION":"CALLE MARTÍNEZ MALDONADO, 72 ","URL":null,"EMAIL":null,"CONTACTO":null,"HORARIOS":null,"PRECIOS":null,"TITULARIDAD":"MUNICIPAL","TARJETAJOVEN":"No","ACCESOPMR":"No","NROPLAZAS":"1","TOTALPLAZAS":2151}},{"type":"Feature","id":"da_aparcamientosMovilidadReducida.fid--175d4967_1a0508ab86c_bc2","geometry":{"type":"Point","coordinates":[-4.45267349,36.69667204,0]},"geometry_name":"SDOGEOMETRIA","properties":{"ID":66512,"NOMBRE":"APARCAPMR_176","DESCRIPCION":"Escquina Av. de la Luz","DIRECCION":"AVENIDA DE LA LUZ, 11 ","URL":null,"EMAIL":null,"CONTACTO":null,"HORARIOS":null,"PRECIOS":null,"TITULARIDAD":"MUNICIPAL","TARJETAJOVEN":"No","ACCESOPMR":"No","NROPLAZAS":"2","TOTALPLAZAS":2151}},{"type":"Feature","id":"da_aparcamientosMovilidadReducida.fid--175d4967_1a0508ab86c_bc3","geometry":{"type":"Point","coordinates":[-4.45271909,36.69659301,0]},"geometry_name":"SDOGEOMETRIA","properties":{"ID":66390,"NOMBRE":"APARCAPMR_676","DESCRIPCION":"Esquina con c/ Travesía de la Luz","DIRECCION":"AVENIDA DE LA LUZ, 11 ","URL":null,"EMAIL":null,"CONTACTO":null,"HORARIOS":null,"PRECIOS":null,"TITULARIDAD":"MUNICIPAL","TARJETAJOVEN":"No","ACCESOPMR":"No","NROPLAZAS":"1","TOTALPLAZAS":2151}},{"type":"Feature","id":"da_aparcamientosMovilidadReducida.fid--175d4967_1a0508ab86c_bc4","geometry":{"type":"Point","coordinates":[-4.45503384,36.6971898,0]},"geometry_name":"SDOGEOMETRIA","properties":{"ID":66349,"NOMBRE":"APARCAPMR_326","DESCRIPCION":"A la altura del nº 31","DIRECCION":"AVENIDA DE LA LUZ, 31 ","URL":null,"EMAIL":null,"CONTACTO":null,"HORARIOS":null,"PRECIOS":null,"TITULARIDAD":"MUNICIPAL","TARJETAJOVEN":"No","ACCESOPMR":"No","NROPLAZAS":"1","TOTALPLAZAS":2151}},{"type":"Feature","id":"da_aparcamientosMovilidadReducida.fid--175d4967_1a0508ab86c_bc5","geometry":{"type":"Point","coordinates":[-4.45501037,36.69720701,0]},"geometry_name":"SDOGEOMETRIA","properties":{"ID":66772,"NOMBRE":"APARCAPMR_184","DESCRIPCION":"Esquina con c/ El Ches","DIRECCION":"AVENIDA DE LA LUZ, 31 ","URL":null,"EMAIL":null,"CONTACTO":null,"HORARIOS":null,"PRECIOS":null,"TITULARIDAD":"MUNICIPAL","TARJETAJOVEN":"No","ACCESOPMR":"No","NROPLAZAS":"2","TOTALPLAZAS":2151}},{"type":"Feature","id":"da_aparcamientosMovilidadReducida.fid--175d4967_1a0508ab86c_bc6","geometry":{"type":"Point","coordinates":[-4.45382094,36.69722529,0]},"geometry_name":"SDOGEOMETRIA","properties":{"ID":66177,"NOMBRE":"APARCAPMR_727","DESCRIPCION":"A la altura del nº 26-24","DIRECCION":"AVENIDA DE LA LUZ, 26 ","URL":null,"EMAIL":null,"CONTACTO":null,"HORARIOS":null,"PRECIOS":null,"TITULARIDAD":"MUNICIPAL","TARJETAJOVEN":"No","ACCESOPMR":"No","NROPLAZAS":"2","TOTALPLAZAS":2151}},{"type":"Feature","id":"da_aparcamientosMovilidadReducida.fid--175d4967_1a0508ab86c_bc7","geometry":{"type":"Point","coordinates":[-4.47406429,36.71342005,0]},"geometry_name":"SDOGEOMETRIA","properties":{"ID":81059,"NOMBRE":"APARCAPMR_1301","DESCRIPCION":null,"DIRECCION":"CALLE ALFREDO CORROCHANO, 5 ","URL":null,"EMAIL":null,"CONTACTO":null,"HORARIOS":null,"PRECIOS":null,"TITULARIDAD":"MUNICIPAL","TARJETAJOVEN":"No","ACCESOPMR":"No","NROPLAZAS":"1","TOTALPLAZAS":2151}},{"type":"Feature","id":"da_aparcamientosMovilidadReducida.fid--175d4967_1a0508ab86c_bc8","geometry":{"type":"Point","coordinates":[-4.43841037,36.70227095,0]},"geometry_name":"SDOGEOMETRIA","properties":{"ID":76894,"NOMBRE":"APARCAPMR_702","DESCRIPCION":null,"DIRECCION":"CALLE INFANTES, 39 ","URL":null,"EMAIL":null,"CONTACTO":null,"HORARIOS":null,"PRECIOS":null,"TITULARIDAD":"MUNICIPAL","TARJETAJOVEN":"No","ACCESOPMR":"No","NROPLAZAS":"1","TOTALPLAZAS":2151}},{"type":"Feature","id":"da_aparcamientosMovilidadReducida.fid--175d4967_1a0508ab86c_bc9","geometry":{"type":"Point","coordinates":[-4.43889298,36.71133198,0]},"geometry_name":"SDOGEOMETRIA","properties":{"ID":66331,"NOMBRE":"APARCAPMR_133","DESCRIPCION":"Esquina con c/ La Unión","DIRECCION":"CALLE FLORES GARCÍA, 2 ","URL":null,"EMAIL":null,"CONTACTO":null,"HORARIOS":null,"PRECIOS":null,"TITULARIDAD":"MUNICIPAL","TARJETAJOVEN":"No","ACCESOPMR":"No","NROPLAZAS":"2","TOTALPLAZAS":2151}},{"type":"Feature","id":"da_aparcamientosMovilidadReducida.fid--175d4967_1a0508ab86c_bca","geometry":{"type":"Point","coordinates":[-4.4492832,36.68831984,0]},"geometry_name":"SDOGEOMETRIA","properties":{"ID":66373,"NOMBRE":"APARCAPMR_892","DESCRIPCION":"Calle La Cronica esquina Avda. Moliere","DIRECCION":"CALLE LA CRÓNICA, 14 ","URL":null,"EMAIL":null,"CONTACTO":null,"HORARIOS":null,"PRECIOS":null,"TITULARIDAD":"MUNICIPAL","TARJETAJOVEN":"No","ACCESOPMR":"No","NROPLAZAS":"1","TOTALPLAZAS":2151}},{"type":"Feature","id":"da_aparcamientosMovilidadReducida.fid--175d4967_1a0508ab86c_bcb","geometry":{"type":"Point","coordinates":[-4.43564147,36.72268426,0]},"geometry_name":"SDOGEOMETRIA","properties":{"ID":67099,"NOMBRE":"APARCAPMR_260","DESCRIPCION":"Esquina con Eugenio Gross","DIRECCION":"CALLE GONZÁLEZ ANAYA, 49 ","URL":null,"EMAIL":null,"CONTACTO":null,"HORARIOS":null,"PRECIOS":null,"TITULARIDAD":"MUNICIPAL","TARJETAJOVEN":"No","ACCESOPMR":"No","NROPLAZAS":"1","TOTALPLAZAS":2151}},{"type":"Feature","id":"da_aparcamientosMovilidadReducida.fid--175d4967_1a0508ab86c_bcc","geometry":{"type":"Point","coordinates":[-4.4514893,36.71106858,0]},"geometry_name":"SDOGEOMETRIA","properties":{"ID":67006,"NOMBRE":"APARCAPMR_442","DESCRIPCION":"Esquina con c/ Corregidor Francisco de Molina","DIRECCION":"CALLE CORREGIDOR FRANCISCO DE LUJÁN, 15 ","URL":null,"EMAIL":null,"CONTACTO":null,"HORARIOS":null,"PRECIOS":null,"TITULARIDAD":"MUNICIPAL","TARJETAJOVEN":"No","ACCESOPMR":"No","NROPLAZAS":"1","TOTALPLAZAS":2151}},{"type":"Feature","id":"da_aparcamientosMovilidadReducida.fid--175d4967_1a0508ab86c_bcd","geometry":{"type":"Point","coordinates":[-4.44242947,36.72876661,0]},"geometry_name":"SDOGEOMETRIA","properties":{"ID":66808,"NOMBRE":"APARCAPMR_562","DESCRIPCION":"Esquina con c/ Ibrahim","DIRECCION":"CAMINO DE SUÁREZ, 93 ","URL":null,"EMAIL":null,"CONTACTO":null,"HORARIOS":null,"PRECIOS":null,"TITULARIDAD":"MUNICIPAL","TARJETAJOVEN":"No","ACCESOPMR":"No","NROPLAZAS":"2","TOTALPLAZAS":2151}},{"type":"Feature","id":"da_aparcamientosMovilidadReducida.fid--175d4967_1a0508ab86c_bce","geometry":{"type":"Point","coordinates":[-4.44245093,36.728759,0]},"geometry_name":"SDOGEOMETRIA","properties":{"ID":67111,"NOMBRE":"APARCAPMR_109","DESCRIPCION":"Esquina con c/ Vandelvira","DIRECCION":"CAMINO DE SUÁREZ, 93 ","URL":null,"EMAIL":null,"CONTACTO":null,"HORARIOS":null,"PRECIOS":null,"TITULARIDAD":"MUNICIPAL","TARJETAJOVEN":"No","ACCESOPMR":"No","NROPLAZAS":"2","TOTALPLAZAS":2151}},{"type":"Feature","id":"da_aparcamientosMovilidadReducida.fid--175d4967_1a0508ab86c_bcf","geometry":{"type":"Point","coordinates":[-4.45260577,36.70127155,0]},"geometry_name":"SDOGEOMETRIA","properties":{"ID":66492,"NOMBRE":"APARCAPMR_692","DESCRIPCION":"Esquina con c/ Cancho Pérez","DIRECCION":"CALLE PANERÓN, 6 ","URL":null,"EMAIL":null,"CONTACTO":null,"HORARIOS":null,"PRECIOS":null,"TITULARIDAD":"MUNICIPAL","TARJETAJOVEN":"No","ACCESOPMR":"No","NROPLAZAS":"2","TOTALPLAZAS":2151}},{"type":"Feature","id":"da_aparcamientosMovilidadReducida.fid--175d4967_1a0508ab86c_bd0","geometry":{"type":"Point","coordinates":[-4.43903111,36.72452831,0]},"geometry_name":"SDOGEOMETRIA","properties":{"ID":66805,"NOMBRE":"APARCAPMR_636","DESCRIPCION":"Esquina c/ Félix Corrales","DIRECCION":"CALLE ÁLVAREZ CURIEL, 22 ","URL":null,"EMAIL":null,"CONTACTO":null,"HORARIOS":null,"PRECIOS":null,"TITULARIDAD":"MUNICIPAL","TARJETAJOVEN":"No","ACCESOPMR":"No","NROPLAZAS":"1","TOTALPLAZAS":2151}},{"type":"Feature","id":"da_aparcamientosMovilidadReducida.fid--175d4967_1a0508ab86c_bd1","geometry":{"type":"Point","coordinates":[-4.434727,36.73415704,0]},"geometry_name":"SDOGEOMETRIA","properties":{"ID":66375,"NOMBRE":"APARCAPMR_962","DESCRIPCION":"A la altura del número 14","DIRECCION":"CALLE DE LA DEFENSA, 12 ","URL":null,"EMAIL":null,"CONTACTO":null,"HORARIOS":null,"PRECIOS":null,"TITULARIDAD":"MUNICIPAL","TARJETAJOVEN":"No","ACCESOPMR":"No","NROPLAZAS":"1","TOTALPLAZAS":2151}},{"type":"Feature","id":"da_aparcamientosMovilidadReducida.fid--175d4967_1a0508ab86c_bd2","geometry":{"type":"Point","coordinates":[-4.44779864,36.70395194,0]},"geometry_name":"SDOGEOMETRIA","properties":{"ID":79690,"NOMBRE":"APARCAPMR_1428","DESCRIPCION":"C/ Puerto de los Pinos, Nº 5","DIRECCION":"CALLE PUERTO DE LOS PINOS, 5 ","URL":null,"EMAIL":null,"CONTACTO":null,"HORARIOS":null,"PRECIOS":null,"TITULARIDAD":"MUNICIPAL","TARJETAJOVEN":"No","ACCESOPMR":"No","NROPLAZAS":"1","TOTALPLAZAS":2151}},{"type":"Feature","id":"da_aparcamientosMovilidadReducida.fid--175d4967_1a0508ab86c_bd3","geometry":{"type":"Point","coordinates":[-4.4372564,36.72475684,0]},"geometry_name":"SDOGEOMETRIA","properties":{"ID":66958,"NOMBRE":"APARCAPMR_368","DESCRIPCION":"Esquina con Plaza Hermanos Superviel","DIRECCION":"CALLE EUGENIO RIOBOO, 22 ","URL":null,"EMAIL":null,"CONTACTO":null,"HORARIOS":null,"PRECIOS":null,"TITULARIDAD":"MUNICIPAL","TARJETAJOVEN":"No","ACCESOPMR":"No","NROPLAZAS":"2","TOTALPLAZAS":2151}},{"type":"Feature","id":"da_aparcamientosMovilidadReducida.fid--175d4967_1a0508ab86c_bd4","geometry":{"type":"Point","coordinates":[-4.44779322,36.71044071,0]},"geometry_name":"SDOGEOMETRIA","properties":{"ID":67185,"NOMBRE":"APARCAPMR_331","DESCRIPCION":"Esquina con c/ Periana","DIRECCION":"CALLE CORONEL OSUNA, 9 ","URL":null,"EMAIL":null,"CONTACTO":null,"HORARIOS":null,"PRECIOS":null,"TITULARIDAD":"MUNICIPAL","TARJETAJOVEN":"No","ACCESOPMR":"No","NROPLAZAS":"1","TOTALPLAZAS":2151}},{"type":"Feature","id":"da_aparcamientosMovilidadReducida.fid--175d4967_1a0508ab86c_bd5","geometry":{"type":"Point","coordinates":[-4.45485793,36.68357269,0]},"geometry_name":"SDOGEOMETRIA","properties":{"ID":66721,"NOMBRE":"APARCAPMR_1246","DESCRIPCION":null,"DIRECCION":"CALLE CONCHA LAGOS, 2 ","URL":null,"EMAIL":null,"CONTACTO":null,"HORARIOS":null,"PRECIOS":null,"TITULARIDAD":"MUNICIPAL","TARJETAJOVEN":"No","ACCESOPMR":"No","NROPLAZAS":"1","TOTALPLAZAS":2151}},{"type":"Feature","id":"da_aparcamientosMovilidadReducida.fid--175d4967_1a0508ab86c_bd6","geometry":{"type":"Point","coordinates":[-4.45096682,36.70951507,0]},"geometry_name":"SDOGEOMETRIA","properties":{"ID":78447,"NOMBRE":"APARCAPMR_1398","DESCRIPCION":"C/ Alcalde Díaz Zafra esquina con C/ Alozaina","DIRECCION":"CALLE ALCALDE DÍAZ ZAFRA, 24 ","URL":null,"EMAIL":null,"CONTACTO":null,"HORARIOS":null,"PRECIOS":null,"TITULARIDAD":"MUNICIPAL","TARJETAJOVEN":"No","ACCESOPMR":"No","NROPLAZAS":"1","TOTALPLAZAS":2151}},{"type":"Feature","id":"da_aparcamientosMovilidadReducida.fid--175d4967_1a0508ab86c_bd7","geometry":{"type":"Point","coordinates":[-4.4384947,36.71346084,0]},"geometry_name":"SDOGEOMETRIA","properties":{"ID":66282,"NOMBRE":"APARCAPMR_837","DESCRIPCION":null,"DIRECCION":"CALLE MERLO, 18 ","URL":null,"EMAIL":null,"CONTACTO":null,"HORARIOS":null,"PRECIOS":null,"TITULARIDAD":"MUNICIPAL","TARJETAJOVEN":"No","ACCESOPMR":"No","NROPLAZAS":"2","TOTALPLAZAS":2151}},{"type":"Feature","id":"da_aparcamientosMovilidadReducida.fid--175d4967_1a0508ab86c_bd8","geometry":{"type":"Point","coordinates":[-4.43935068,36.72666247,0]},"geometry_name":"SDOGEOMETRIA","properties":{"ID":67015,"NOMBRE":"APARCAPMR_453","DESCRIPCION":null,"DIRECCION":"CALLE MARTÍNEZ DE LA ROSA, 111 ","URL":null,"EMAIL":null,"CONTACTO":null,"HORARIOS":null,"PRECIOS":null,"TITULARIDAD":"MUNICIPAL","TARJETAJOVEN":"No","ACCESOPMR":"No","NROPLAZAS":"2","TOTALPLAZAS":2151}},{"type":"Feature","id":"da_aparcamientosMovilidadReducida.fid--175d4967_1a0508ab86c_bd9","geometry":{"type":"Point","coordinates":[-4.45518337,36.70482462,0]},"geometry_name":"SDOGEOMETRIA","properties":{"ID":67141,"NOMBRE":"APARCAPMR_309","DESCRIPCION":"Esquina con Cl. Sanhedún","DIRECCION":"AVENIDA DE NEHEMÍAS, 4 ","URL":null,"EMAIL":null,"CONTACTO":null,"HORARIOS":null,"PRECIOS":null,"TITULARIDAD":"MUNICIPAL","TARJETAJOVEN":"No","ACCESOPMR":"No","NROPLAZAS":"1","TOTALPLAZAS":2151}},{"type":"Feature","id":"da_aparcamientosMovilidadReducida.fid--175d4967_1a0508ab86c_bda","geometry":{"type":"Point","coordinates":[-4.4561612,36.70489904,0]},"geometry_name":"SDOGEOMETRIA","properties":{"ID":66125,"NOMBRE":"APARCAPMR_835","DESCRIPCION":null,"DIRECCION":"AVENIDA DE NEHEMÍAS, 10 ","URL":null,"EMAIL":null,"CONTACTO":null,"HORARIOS":null,"PRECIOS":null,"TITULARIDAD":"MUNICIPAL","TARJETAJOVEN":"No","ACCESOPMR":"No","NROPLAZAS":"1","TOTALPLAZAS":2151}},{"type":"Feature","id":"da_aparcamientosMovilidadReducida.fid--175d4967_1a0508ab86c_bdb","geometry":{"type":"Point","coordinates":[-4.445462,36.69656904,0]},"geometry_name":"SDOGEOMETRIA","properties":{"ID":66209,"NOMBRE":"APARCAPMR_1036","DESCRIPCION":"Esq. con Pasaje Frigiliana","DIRECCION":"CALLE FRIGILIANA, 27 ","URL":null,"EMAIL":null,"CONTACTO":null,"HORARIOS":null,"PRECIOS":null,"TITULARIDAD":"MUNICIPAL","TARJETAJOVEN":"No","ACCESOPMR":"No","NROPLAZAS":"1","TOTALPLAZAS":2151}},{"type":"Feature","id":"da_aparcamientosMovilidadReducida.fid--175d4967_1a0508ab86c_bdc","geometry":{"type":"Point","coordinates":[-4.45113659,36.70114789,0]},"geometry_name":"SDOGEOMETRIA","properties":{"ID":66992,"NOMBRE":"APARCAPMR_420","DESCRIPCION":"Esquina con Cl. Canchal","DIRECCION":"CALLE CANCHAL, 1 ","URL":null,"EMAIL":null,"CONTACTO":null,"HORARIOS":null,"PRECIOS":null,"TITULARIDAD":"MUNICIPAL","TARJETAJOVEN":"No","ACCESOPMR":"No","NROPLAZAS":"2","TOTALPLAZAS":2151}},{"type":"Feature","id":"da_aparcamientosMovilidadReducida.fid--175d4967_1a0508ab86c_bdd","geometry":{"type":"Point","coordinates":[-4.45333533,36.69545854,0]},"geometry_name":"SDOGEOMETRIA","properties":{"ID":67260,"NOMBRE":"APARCAPMR_256","DESCRIPCION":"Esquina con Cl. Chiquito de la Audiencia","DIRECCION":"CALLE ANTILLAS, 1 ","URL":null,"EMAIL":null,"CONTACTO":null,"HORARIOS":null,"PRECIOS":null,"TITULARIDAD":"MUNICIPAL","TARJETAJOVEN":"No","ACCESOPMR":"No","NROPLAZAS":"1","TOTALPLAZAS":2151}},{"type":"Feature","id":"da_aparcamientosMovilidadReducida.fid--175d4967_1a0508ab86c_bde","geometry":{"type":"Point","coordinates":[-4.453717,36.69515004,0]},"geometry_name":"SDOGEOMETRIA","properties":{"ID":66552,"NOMBRE":"APARCAPMR_1028","DESCRIPCION":"Esquina con Cl. Baltasar Gracían","DIRECCION":"CALLE ANTILLAS, 6 ","URL":null,"EMAIL":null,"CONTACTO":null,"HORARIOS":null,"PRECIOS":null,"TITULARIDAD":"MUNICIPAL","TARJETAJOVEN":"No","ACCESOPMR":"No","NROPLAZAS":"1","TOTALPLAZAS":2151}},{"type":"Feature","id":"da_aparcamientosMovilidadReducida.fid--175d4967_1a0508ab86c_bdf","geometry":{"type":"Point","coordinates":[-4.44336115,36.69964567,0]},"geometry_name":"SDOGEOMETRIA","properties":{"ID":67257,"NOMBRE":"APARCAPMR_202","DESCRIPCION":"Esquina con Cl. Jorge Guillén","DIRECCION":"CALLE VICENTE ALEIXANDRE, 16 ","URL":null,"EMAIL":null,"CONTACTO":null,"HORARIOS":null,"PRECIOS":null,"TITULARIDAD":"MUNICIPAL","TARJETAJOVEN":"No","ACCESOPMR":"No","NROPLAZAS":"1","TOTALPLAZAS":2151}},{"type":"Feature","id":"da_aparcamientosMovilidadReducida.fid--175d4967_1a0508ab86c_be0","geometry":{"type":"Point","coordinates":[-4.42857385,36.70998163,0]},"geometry_name":"SDOGEOMETRIA","properties":{"ID":66982,"NOMBRE":"APARCAPMR_403","DESCRIPCION":"Esquina con Av. José María Garnica","DIRECCION":"AVENIDA INGENIERO JOSÉ MARÍA GARNICA, 5 ","URL":null,"EMAIL":null,"CONTACTO":null,"HORARIOS":null,"PRECIOS":null,"TITULARIDAD":"MUNICIPAL","TARJETAJOVEN":"No","ACCESOPMR":"No","NROPLAZAS":"2","TOTALPLAZAS":2151}},{"type":"Feature","id":"da_aparcamientosMovilidadReducida.fid--175d4967_1a0508ab86c_be1","geometry":{"type":"Point","coordinates":[-4.44664992,36.71154485,0]},"geometry_name":"SDOGEOMETRIA","properties":{"ID":66386,"NOMBRE":"APARCAPMR_650","DESCRIPCION":"Esquina con c/ Río Cabrera","DIRECCION":"PLAZA DE NUESTRA SEÑORA DEL CARMEN, 15 ","URL":null,"EMAIL":null,"CONTACTO":null,"HORARIOS":null,"PRECIOS":null,"TITULARIDAD":"MUNICIPAL","TARJETAJOVEN":"No","ACCESOPMR":"No","NROPLAZAS":"1","TOTALPLAZAS":2151}},{"type":"Feature","id":"da_aparcamientosMovilidadReducida.fid--175d4967_1a0508ab86c_be2","geometry":{"type":"Point","coordinates":[-4.481271,36.73536104,0]},"geometry_name":"SDOGEOMETRIA","properties":{"ID":66470,"NOMBRE":"APARCAPMR_1108","DESCRIPCION":"Esquina con Cl. Hornaza","DIRECCION":"CALLE LARA CASTAÑEDA, 25 ","URL":null,"EMAIL":null,"CONTACTO":null,"HORARIOS":null,"PRECIOS":null,"TITULARIDAD":"MUNICIPAL","TARJETAJOVEN":"No","ACCESOPMR":"No","NROPLAZAS":"1","TOTALPLAZAS":2151}},{"type":"Feature","id":"da_aparcamientosMovilidadReducida.fid--175d4967_1a0508ab86c_be3","geometry":{"type":"Point","coordinates":[-4.3982941,36.72287014,0]},"geometry_name":"SDOGEOMETRIA","properties":{"ID":66967,"NOMBRE":"APARCAPMR_380","DESCRIPCION":"A la altura del nº 67","DIRECCION":"PASEO DE SANCHA, 64 ","URL":null,"EMAIL":null,"CONTACTO":null,"HORARIOS":null,"PRECIOS":null,"TITULARIDAD":"MUNICIPAL","TARJETAJOVEN":"No","ACCESOPMR":"No","NROPLAZAS":"1","TOTALPLAZAS":2151}},{"type":"Feature","id":"da_aparcamientosMovilidadReducida.fid--175d4967_1a0508ab86c_be4","geometry":{"type":"Point","coordinates":[-4.46998984,36.73128981,0]},"geometry_name":"SDOGEOMETRIA","properties":{"ID":66997,"NOMBRE":"APARCAPMR_426","DESCRIPCION":"Esquina con c/ Atabalero","DIRECCION":"AVENIDA DEL ATABAL, 1 ","URL":null,"EMAIL":null,"CONTACTO":null,"HORARIOS":null,"PRECIOS":null,"TITULARIDAD":"MUNICIPAL","TARJETAJOVEN":"No","ACCESOPMR":"No","NROPLAZAS":"3","TOTALPLAZAS":2151}},{"type":"Feature","id":"da_aparcamientosMovilidadReducida.fid--175d4967_1a0508ab86c_be5","geometry":{"type":"Point","coordinates":[-4.54540014,36.7281147,0]},"geometry_name":"SDOGEOMETRIA","properties":{"ID":67265,"NOMBRE":"APARCAPMR_031","DESCRIPCION":"Esquina con c/ Israel","DIRECCION":"CALLE IGNACIO SÁNCHEZ MEJÍAS, 2 ","URL":null,"EMAIL":null,"CONTACTO":null,"HORARIOS":null,"PRECIOS":null,"TITULARIDAD":"MUNICIPAL","TARJETAJOVEN":"No","ACCESOPMR":"No","NROPLAZAS":"2","TOTALPLAZAS":2151}},{"type":"Feature","id":"da_aparcamientosMovilidadReducida.fid--175d4967_1a0508ab86c_be6","geometry":{"type":"Point","coordinates":[-4.50121717,36.66307725,0]},"geometry_name":"SDOGEOMETRIA","properties":{"ID":80926,"NOMBRE":"APARCAPMR_704","DESCRIPCION":null,"DIRECCION":"CALLE DOCTOR RAMOS ACOSTA, 56 ","URL":null,"EMAIL":null,"CONTACTO":null,"HORARIOS":null,"PRECIOS":null,"TITULARIDAD":"MUNICIPAL","TARJETAJOVEN":"No","ACCESOPMR":"No","NROPLAZAS":"1","TOTALPLAZAS":2151}},{"type":"Feature","id":"da_aparcamientosMovilidadReducida.fid--175d4967_1a0508ab86c_be7","geometry":{"type":"Point","coordinates":[-4.54907477,36.72767616,0]},"geometry_name":"SDOGEOMETRIA","properties":{"ID":67277,"NOMBRE":"APARCAPMR_488","DESCRIPCION":"A la altura del nº 23","DIRECCION":"CALLE JACOB, 23 ","URL":null,"EMAIL":null,"CONTACTO":null,"HORARIOS":null,"PRECIOS":null,"TITULARIDAD":"MUNICIPAL","TARJETAJOVEN":"No","ACCESOPMR":"No","NROPLAZAS":"2","TOTALPLAZAS":2151}},{"type":"Feature","id":"da_aparcamientosMovilidadReducida.fid--175d4967_1a0508ab86c_be8","geometry":{"type":"Point","coordinates":[-4.47388105,36.65784457,0]},"geometry_name":"SDOGEOMETRIA","properties":{"ID":66564,"NOMBRE":"APARCAPMR_705","DESCRIPCION":null,"DIRECCION":"CARRETERA CAMPO DE GOLF, 65 ","URL":null,"EMAIL":null,"CONTACTO":null,"HORARIOS":null,"PRECIOS":null,"TITULARIDAD":"MUNICIPAL","TARJETAJOVEN":"No","ACCESOPMR":"No","NROPLAZAS":"1","TOTALPLAZAS":2151}},{"type":"Feature","id":"da_aparcamientosMovilidadReducida.fid--175d4967_1a0508ab86c_be9","geometry":{"type":"Point","coordinates":[-4.56603688,36.73211301,0]},"geometry_name":"SDOGEOMETRIA","properties":{"ID":80945,"NOMBRE":"APARCAPMR_850","DESCRIPCION":null,"DIRECCION":"CALLE JARDINERA, 2 ","URL":null,"EMAIL":null,"CONTACTO":null,"HORARIOS":null,"PRECIOS":null,"TITULARIDAD":"MUNICIPAL","TARJETAJOVEN":"No","ACCESOPMR":"No","NROPLAZAS":"1","TOTALPLAZAS":2151}},{"type":"Feature","id":"da_aparcamientosMovilidadReducida.fid--175d4967_1a0508ab86c_bea","geometry":{"type":"Point","coordinates":[-4.50287387,36.66362312,0]},"geometry_name":"SDOGEOMETRIA","properties":{"ID":66201,"NOMBRE":"APARCAPMR_1165","DESCRIPCION":null,"DIRECCION":"CALLE DOCTOR RAMOS ACOSTA, 18 ","URL":null,"EMAIL":null,"CONTACTO":null,"HORARIOS":null,"PRECIOS":null,"TITULARIDAD":"MUNICIPAL","TARJETAJOVEN":"No","ACCESOPMR":"No","NROPLAZAS":"1","TOTALPLAZAS":2151}},{"type":"Feature","id":"da_aparcamientosMovilidadReducida.fid--175d4967_1a0508ab86c_beb","geometry":{"type":"Point","coordinates":[-4.4307627,36.74137964,0]},"geometry_name":"SDOGEOMETRIA","properties":{"ID":66509,"NOMBRE":"APARCAPMR_519","DESCRIPCION":"A la altura del nº 7","DIRECCION":"CALLE ESLA, 1B","URL":null,"EMAIL":null,"CONTACTO":null,"HORARIOS":null,"PRECIOS":null,"TITULARIDAD":"MUNICIPAL","TARJETAJOVEN":"No","ACCESOPMR":"No","NROPLAZAS":"3","TOTALPLAZAS":2151}},{"type":"Feature","id":"da_aparcamientosMovilidadReducida.fid--175d4967_1a0508ab86c_bec","geometry":{"type":"Point","coordinates":[-4.53806296,36.72324592,0]},"geometry_name":"SDOGEOMETRIA","properties":{"ID":66877,"NOMBRE":"APARCAPMR_490","DESCRIPCION":"Esquina con c/ José Calderón","DIRECCION":"CALLE DE MATISSE, 4 ","URL":null,"EMAIL":null,"CONTACTO":null,"HORARIOS":null,"PRECIOS":null,"TITULARIDAD":"MUNICIPAL","TARJETAJOVEN":"No","ACCESOPMR":"No","NROPLAZAS":"2","TOTALPLAZAS":2151}},{"type":"Feature","id":"da_aparcamientosMovilidadReducida.fid--175d4967_1a0508ab86c_bed","geometry":{"type":"Point","coordinates":[-4.42925982,36.70876135,0]},"geometry_name":"SDOGEOMETRIA","properties":{"ID":66763,"NOMBRE":"APARCAPMR_574","DESCRIPCION":"Esquina con Cl. López Pinto","DIRECCION":"CALLE LÓPEZ PINTO, 13 ","URL":null,"EMAIL":null,"CONTACTO":null,"HORARIOS":null,"PRECIOS":null,"TITULARIDAD":"MUNICIPAL","TARJETAJOVEN":"No","ACCESOPMR":"No","NROPLAZAS":"1","TOTALPLAZAS":2151}},{"type":"Feature","id":"da_aparcamientosMovilidadReducida.fid--175d4967_1a0508ab86c_bee","geometry":{"type":"Point","coordinates":[-4.463071,36.69669504,0]},"geometry_name":"SDOGEOMETRIA","properties":{"ID":66818,"NOMBRE":"APARCAPMR_967","DESCRIPCION":"A la altura del nº 12","DIRECCION":"CALLE DOLORES IBÁRRURI, 12 ","URL":null,"EMAIL":null,"CONTACTO":null,"HORARIOS":null,"PRECIOS":null,"TITULARIDAD":"MUNICIPAL","TARJETAJOVEN":"No","ACCESOPMR":"No","NROPLAZAS":"2","TOTALPLAZAS":2151}},{"type":"Feature","id":"da_aparcamientosMovilidadReducida.fid--175d4967_1a0508ab86c_bef","geometry":{"type":"Point","coordinates":[-4.42825279,36.73122771,0]},"geometry_name":"SDOGEOMETRIA","properties":{"ID":66216,"NOMBRE":"APARCAPMR_1142","DESCRIPCION":null,"DIRECCION":"AVENIDA DEL DOCTOR MARAÑÓN, 38 ","URL":null,"EMAIL":null,"CONTACTO":null,"HORARIOS":null,"PRECIOS":null,"TITULARIDAD":"MUNICIPAL","TARJETAJOVEN":"No","ACCESOPMR":"No","NROPLAZAS":"2","TOTALPLAZAS":2151}},{"type":"Feature","id":"da_aparcamientosMovilidadReducida.fid--175d4967_1a0508ab86c_bf0","geometry":{"type":"Point","coordinates":[-4.49058984,36.70376659,0]},"geometry_name":"SDOGEOMETRIA","properties":{"ID":80627,"NOMBRE":"APARCAPMR_1451","DESCRIPCION":"C/ Gran Bretaña frente a C/ Grecia","DIRECCION":"CALLE GRAN BRETAÑA, 15 ","URL":null,"EMAIL":null,"CONTACTO":null,"HORARIOS":null,"PRECIOS":null,"TITULARIDAD":"MUNICIPAL","TARJETAJOVEN":"No","ACCESOPMR":"No","NROPLAZAS":"1","TOTALPLAZAS":2151}},{"type":"Feature","id":"da_aparcamientosMovilidadReducida.fid--175d4967_1a0508ab86c_bf1","geometry":{"type":"Point","coordinates":[-4.444514,36.72681404,0]},"geometry_name":"SDOGEOMETRIA","properties":{"ID":66381,"NOMBRE":"APARCAPMR_953","DESCRIPCION":null,"DIRECCION":"CALLE ALBACETE, 16 ","URL":null,"EMAIL":null,"CONTACTO":null,"HORARIOS":null,"PRECIOS":null,"TITULARIDAD":"MUNICIPAL","TARJETAJOVEN":"No","ACCESOPMR":"No","NROPLAZAS":"1","TOTALPLAZAS":2151}},{"type":"Feature","id":"da_aparcamientosMovilidadReducida.fid--175d4967_1a0508ab86c_bf2","geometry":{"type":"Point","coordinates":[-4.57170605,36.72955462,0]},"geometry_name":"SDOGEOMETRIA","properties":{"ID":66613,"NOMBRE":"APARCAPMR_1198","DESCRIPCION":null,"DIRECCION":"CALLE PAZ, 1 ","URL":null,"EMAIL":null,"CONTACTO":null,"HORARIOS":null,"PRECIOS":null,"TITULARIDAD":"MUNICIPAL","TARJETAJOVEN":"No","ACCESOPMR":"No","NROPLAZAS":"1","TOTALPLAZAS":2151}},{"type":"Feature","id":"da_aparcamientosMovilidadReducida.fid--175d4967_1a0508ab86c_bf3","geometry":{"type":"Point","coordinates":[-4.462324,36.73275704,0]},"geometry_name":"SDOGEOMETRIA","properties":{"ID":66658,"NOMBRE":"APARCAPMR_657","DESCRIPCION":null,"DIRECCION":"AVENIDA DE JULIO CORTÁZAR, 19 ","URL":null,"EMAIL":null,"CONTACTO":null,"HORARIOS":null,"PRECIOS":null,"TITULARIDAD":"MUNICIPAL","TARJETAJOVEN":"No","ACCESOPMR":"No","NROPLAZAS":"2","TOTALPLAZAS":2151}},{"type":"Feature","id":"da_aparcamientosMovilidadReducida.fid--175d4967_1a0508ab86c_bf4","geometry":{"type":"Point","coordinates":[-4.42832701,36.72979358,0]},"geometry_name":"SDOGEOMETRIA","properties":{"ID":66831,"NOMBRE":"APARCAPMR_1141","DESCRIPCION":null,"DIRECCION":"AVENIDA DEL DOCTOR MARAÑÓN, 20 ","URL":null,"EMAIL":null,"CONTACTO":null,"HORARIOS":null,"PRECIOS":null,"TITULARIDAD":"MUNICIPAL","TARJETAJOVEN":"No","ACCESOPMR":"No","NROPLAZAS":"2","TOTALPLAZAS":2151}},{"type":"Feature","id":"da_aparcamientosMovilidadReducida.fid--175d4967_1a0508ab86c_bf5","geometry":{"type":"Point","coordinates":[-4.51248721,36.66851279,0]},"geometry_name":"SDOGEOMETRIA","properties":{"ID":77270,"NOMBRE":"APARCAPMR_1395","DESCRIPCION":"C/ Lope de Rueda frente a la Avenida Manuel Rodríguez","DIRECCION":"CALLE EL AVISADOR MALAGUEÑO, 8 ","URL":null,"EMAIL":null,"CONTACTO":null,"HORARIOS":null,"PRECIOS":null,"TITULARIDAD":"MUNICIPAL","TARJETAJOVEN":"No","ACCESOPMR":"No","NROPLAZAS":"1","TOTALPLAZAS":2151}},{"type":"Feature","id":"da_aparcamientosMovilidadReducida.fid--175d4967_1a0508ab86c_bf6","geometry":{"type":"Point","coordinates":[-4.43711869,36.70782705,0]},"geometry_name":"SDOGEOMETRIA","properties":{"ID":66656,"NOMBRE":"APARCAPMR_610","DESCRIPCION":"Esquina con c/ Jordán Marbella","DIRECCION":"CALLE BORGOÑA, 24 ","URL":null,"EMAIL":null,"CONTACTO":null,"HORARIOS":null,"PRECIOS":null,"TITULARIDAD":"MUNICIPAL","TARJETAJOVEN":"No","ACCESOPMR":"No","NROPLAZAS":"1","TOTALPLAZAS":2151}},{"type":"Feature","id":"da_aparcamientosMovilidadReducida.fid--175d4967_1a0508ab86c_bf7","geometry":{"type":"Point","coordinates":[-4.437461,36.70751304,0]},"geometry_name":"SDOGEOMETRIA","properties":{"ID":66595,"NOMBRE":"APARCAPMR_947","DESCRIPCION":"Esquina Cl. Gévora","DIRECCION":"CALLE BORGOÑA, 36 ","URL":null,"EMAIL":null,"CONTACTO":null,"HORARIOS":null,"PRECIOS":null,"TITULARIDAD":"MUNICIPAL","TARJETAJOVEN":"No","ACCESOPMR":"No","NROPLAZAS":"1","TOTALPLAZAS":2151}},{"type":"Feature","id":"da_aparcamientosMovilidadReducida.fid--175d4967_1a0508ab86c_bf8","geometry":{"type":"Point","coordinates":[-4.5045,36.66211104,0]},"geometry_name":"SDOGEOMETRIA","properties":{"ID":66169,"NOMBRE":"APARCAPMR_1045","DESCRIPCION":null,"DIRECCION":"CALLE MAESTRO TOMÁS BRETÓN, 23 ","URL":null,"EMAIL":null,"CONTACTO":null,"HORARIOS":null,"PRECIOS":null,"TITULARIDAD":"MUNICIPAL","TARJETAJOVEN":"No","ACCESOPMR":"No","NROPLAZAS":"1","TOTALPLAZAS":2151}},{"type":"Feature","id":"da_aparcamientosMovilidadReducida.fid--175d4967_1a0508ab86c_bf9","geometry":{"type":"Point","coordinates":[-4.47353251,36.65789886,0]},"geometry_name":"SDOGEOMETRIA","properties":{"ID":80143,"NOMBRE":"APARCAPMR_1437","DESCRIPCION":"C/ Carretera Campo de Golf, Nº 54","DIRECCION":"CARRETERA CAMPO DE GOLF, 54 ","URL":null,"EMAIL":null,"CONTACTO":null,"HORARIOS":null,"PRECIOS":null,"TITULARIDAD":"MUNICIPAL","TARJETAJOVEN":"No","ACCESOPMR":"No","NROPLAZAS":"1","TOTALPLAZAS":2151}},{"type":"Feature","id":"da_aparcamientosMovilidadReducida.fid--175d4967_1a0508ab86c_bfa","geometry":{"type":"Point","coordinates":[-4.502366,36.66340404,0]},"geometry_name":"SDOGEOMETRIA","properties":{"ID":66310,"NOMBRE":"APARCAPMR_860","DESCRIPCION":null,"DIRECCION":"CALLE DOCTOR RAMOS ACOSTA, 22 ","URL":null,"EMAIL":null,"CONTACTO":null,"HORARIOS":null,"PRECIOS":null,"TITULARIDAD":"MUNICIPAL","TARJETAJOVEN":"No","ACCESOPMR":"No","NROPLAZAS":"1","TOTALPLAZAS":2151}},{"type":"Feature","id":"da_aparcamientosMovilidadReducida.fid--175d4967_1a0508ab86c_bfb","geometry":{"type":"Point","coordinates":[-4.50574435,36.65719099,0]},"geometry_name":"SDOGEOMETRIA","properties":{"ID":66923,"NOMBRE":"APARCAPMR_476","DESCRIPCION":"Esquina con Cl. Remedios Varo","DIRECCION":"CALLE REMEDIOS VARO, 1 ","URL":null,"EMAIL":null,"CONTACTO":null,"HORARIOS":null,"PRECIOS":null,"TITULARIDAD":"MUNICIPAL","TARJETAJOVEN":"No","ACCESOPMR":"No","NROPLAZAS":"1","TOTALPLAZAS":2151}},{"type":"Feature","id":"da_aparcamientosMovilidadReducida.fid--175d4967_1a0508ab86c_bfc","geometry":{"type":"Point","coordinates":[-4.50432043,36.66206346,0]},"geometry_name":"SDOGEOMETRIA","properties":{"ID":66461,"NOMBRE":"APARCAPMR_1227","DESCRIPCION":null,"DIRECCION":"CALLE MAESTRO TOMÁS BRETÓN, 8 ","URL":null,"EMAIL":null,"CONTACTO":null,"HORARIOS":null,"PRECIOS":null,"TITULARIDAD":"MUNICIPAL","TARJETAJOVEN":"No","ACCESOPMR":"No","NROPLAZAS":"1","TOTALPLAZAS":2151}},{"type":"Feature","id":"da_aparcamientosMovilidadReducida.fid--175d4967_1a0508ab86c_bfd","geometry":{"type":"Point","coordinates":[-4.48231526,36.72177808,0]},"geometry_name":"SDOGEOMETRIA","properties":{"ID":66934,"NOMBRE":"APARCAPMR_251","DESCRIPCION":"Esquina con c/ Sófocles","DIRECCION":"CALLE ARISTÓFANES, 11 ","URL":null,"EMAIL":null,"CONTACTO":null,"HORARIOS":null,"PRECIOS":null,"TITULARIDAD":"MUNICIPAL","TARJETAJOVEN":"No","ACCESOPMR":"No","NROPLAZAS":"1","TOTALPLAZAS":2151}},{"type":"Feature","id":"da_aparcamientosMovilidadReducida.fid--175d4967_1a0508ab86c_bfe","geometry":{"type":"Point","coordinates":[-4.48032573,36.73576418,0]},"geometry_name":"SDOGEOMETRIA","properties":{"ID":67281,"NOMBRE":"APARCAPMR_498","DESCRIPCION":"Esquina con c/ Forja","DIRECCION":"CALLE LARA CASTAÑEDA, 12 ","URL":null,"EMAIL":null,"CONTACTO":null,"HORARIOS":null,"PRECIOS":null,"TITULARIDAD":"MUNICIPAL","TARJETAJOVEN":"No","ACCESOPMR":"No","NROPLAZAS":"3","TOTALPLAZAS":2151}},{"type":"Feature","id":"da_aparcamientosMovilidadReducida.fid--175d4967_1a0508ab86c_bff","geometry":{"type":"Point","coordinates":[-4.4805959,36.73528288,0]},"geometry_name":"SDOGEOMETRIA","properties":{"ID":81036,"NOMBRE":"APARCAPMR_1174","DESCRIPCION":null,"DIRECCION":"CALLE CIRUELOS, 26 ","URL":null,"EMAIL":null,"CONTACTO":null,"HORARIOS":null,"PRECIOS":null,"TITULARIDAD":"MUNICIPAL","TARJETAJOVEN":"No","ACCESOPMR":"No","NROPLAZAS":"1","TOTALPLAZAS":2151}},{"type":"Feature","id":"da_aparcamientosMovilidadReducida.fid--175d4967_1a0508ab86c_c00","geometry":{"type":"Point","coordinates":[-4.48554424,36.74338919,0]},"geometry_name":"SDOGEOMETRIA","properties":{"ID":66226,"NOMBRE":"APARCAPMR_1269","DESCRIPCION":null,"DIRECCION":"CALLE LANZAROTE DEL LAGO, 18 ","URL":null,"EMAIL":null,"CONTACTO":null,"HORARIOS":null,"PRECIOS":null,"TITULARIDAD":"MUNICIPAL","TARJETAJOVEN":"No","ACCESOPMR":"No","NROPLAZAS":"1","TOTALPLAZAS":2151}},{"type":"Feature","id":"da_aparcamientosMovilidadReducida.fid--175d4967_1a0508ab86c_c01","geometry":{"type":"Point","coordinates":[-4.483069,36.72266204,0]},"geometry_name":"SDOGEOMETRIA","properties":{"ID":66608,"NOMBRE":"APARCAPMR_914","DESCRIPCION":null,"DIRECCION":"CALLE ARISTÓFANES, 4 ","URL":null,"EMAIL":null,"CONTACTO":null,"HORARIOS":null,"PRECIOS":null,"TITULARIDAD":"MUNICIPAL","TARJETAJOVEN":"No","ACCESOPMR":"No","NROPLAZAS":"3","TOTALPLAZAS":2151}},{"type":"Feature","id":"da_aparcamientosMovilidadReducida.fid--175d4967_1a0508ab86c_c02","geometry":{"type":"Point","coordinates":[-4.46510822,36.66774771,0]},"geometry_name":"SDOGEOMETRIA","properties":{"ID":66515,"NOMBRE":"APARCAPMR_536","DESCRIPCION":"Esquina con Pasaje Mari-Gaila. Frente al nº 22","DIRECCION":"PASAJE MARI-GAILA, 2 ","URL":null,"EMAIL":null,"CONTACTO":null,"HORARIOS":null,"PRECIOS":null,"TITULARIDAD":"MUNICIPAL","TARJETAJOVEN":"No","ACCESOPMR":"No","NROPLAZAS":"1","TOTALPLAZAS":2151}},{"type":"Feature","id":"da_aparcamientosMovilidadReducida.fid--175d4967_1a0508ab86c_c03","geometry":{"type":"Point","coordinates":[-4.45052286,36.6875377,0]},"geometry_name":"SDOGEOMETRIA","properties":{"ID":66545,"NOMBRE":"APARCAPMR_1221","DESCRIPCION":null,"DIRECCION":"CALLE NUESTRA SEÑORA DE LAS CANDELAS, 15 ","URL":null,"EMAIL":null,"CONTACTO":null,"HORARIOS":null,"PRECIOS":null,"TITULARIDAD":"MUNICIPAL","TARJETAJOVEN":"No","ACCESOPMR":"No","NROPLAZAS":"1","TOTALPLAZAS":2151}},{"type":"Feature","id":"da_aparcamientosMovilidadReducida.fid--175d4967_1a0508ab86c_c04","geometry":{"type":"Point","coordinates":[-4.44420604,36.72825723,0]},"geometry_name":"SDOGEOMETRIA","properties":{"ID":67088,"NOMBRE":"APARCAPMR_002","DESCRIPCION":"Esquina con Cl. Martínez de la Rosa","DIRECCION":"CALLE MARTÍNEZ DE LA ROSA, 128 ","URL":null,"EMAIL":null,"CONTACTO":null,"HORARIOS":null,"PRECIOS":null,"TITULARIDAD":"MUNICIPAL","TARJETAJOVEN":"No","ACCESOPMR":"No","NROPLAZAS":"3","TOTALPLAZAS":2151}},{"type":"Feature","id":"da_aparcamientosMovilidadReducida.fid--175d4967_1a0508ab86c_c05","geometry":{"type":"Point","coordinates":[-4.43524249,36.71898689,0]},"geometry_name":"SDOGEOMETRIA","properties":{"ID":67201,"NOMBRE":"APARCAPMR_467","DESCRIPCION":"Esquina con c/ Hilera","DIRECCION":"CALLE COMPOSITOR LEHMBERG RUIZ, 34 ","URL":null,"EMAIL":null,"CONTACTO":null,"HORARIOS":null,"PRECIOS":null,"TITULARIDAD":"MUNICIPAL","TARJETAJOVEN":"No","ACCESOPMR":"No","NROPLAZAS":"2","TOTALPLAZAS":2151}},{"type":"Feature","id":"da_aparcamientosMovilidadReducida.fid--175d4967_1a0508ab86c_c06","geometry":{"type":"Point","coordinates":[-4.43685785,36.70652288,0]},"geometry_name":"SDOGEOMETRIA","properties":{"ID":66393,"NOMBRE":"APARCAPMR_419","DESCRIPCION":"A la altura del nº 5","DIRECCION":"CALLE AMADEO VIVES, 9 ","URL":null,"EMAIL":null,"CONTACTO":null,"HORARIOS":null,"PRECIOS":null,"TITULARIDAD":"MUNICIPAL","TARJETAJOVEN":"No","ACCESOPMR":"No","NROPLAZAS":"2","TOTALPLAZAS":2151}},{"type":"Feature","id":"da_aparcamientosMovilidadReducida.fid--175d4967_1a0508ab86c_c07","geometry":{"type":"Point","coordinates":[-4.46173906,36.6659737,0]},"geometry_name":"SDOGEOMETRIA","properties":{"ID":67264,"NOMBRE":"APARCAPMR_169","DESCRIPCION":"No hay más datos","DIRECCION":"CALLE ACACIAS DE GUADALMAR, 24 ","URL":null,"EMAIL":null,"CONTACTO":null,"HORARIOS":null,"PRECIOS":null,"TITULARIDAD":"MUNICIPAL","TARJETAJOVEN":"No","ACCESOPMR":"No","NROPLAZAS":"1","TOTALPLAZAS":2151}},{"type":"Feature","id":"da_aparcamientosMovilidadReducida.fid--175d4967_1a0508ab86c_c08","geometry":{"type":"Point","coordinates":[-4.566026,36.73251604,0]},"geometry_name":"SDOGEOMETRIA","properties":{"ID":66811,"NOMBRE":"APARCAPMR_957","DESCRIPCION":"Intersección Cmno. de Rojas","DIRECCION":"CALLE MOSAICO, 2 ","URL":null,"EMAIL":null,"CONTACTO":null,"HORARIOS":null,"PRECIOS":null,"TITULARIDAD":"MUNICIPAL","TARJETAJOVEN":"No","ACCESOPMR":"No","NROPLAZAS":"1","TOTALPLAZAS":2151}},{"type":"Feature","id":"da_aparcamientosMovilidadReducida.fid--175d4967_1a0508ab86c_c09","geometry":{"type":"Point","coordinates":[-4.44343932,36.71866063,0]},"geometry_name":"SDOGEOMETRIA","properties":{"ID":67143,"NOMBRE":"APARCAPMR_212","DESCRIPCION":"Esquina con c/ Virgen de las Flores","DIRECCION":"AVENIDA DEL OBISPO ÁNGEL HERRERA ORIA, 58 ","URL":null,"EMAIL":null,"CONTACTO":null,"HORARIOS":null,"PRECIOS":null,"TITULARIDAD":"MUNICIPAL","TARJETAJOVEN":"No","ACCESOPMR":"No","NROPLAZAS":"1","TOTALPLAZAS":2151}},{"type":"Feature","id":"da_aparcamientosMovilidadReducida.fid--175d4967_1a0508ab86c_c0a","geometry":{"type":"Point","coordinates":[-4.44396496,36.71312336,0]},"geometry_name":"SDOGEOMETRIA","properties":{"ID":67170,"NOMBRE":"APARCAPMR_181","DESCRIPCION":"A la altura del nº 7","DIRECCION":"CALLE FERNÁNDEZ FERMINA, 29 ","URL":null,"EMAIL":null,"CONTACTO":null,"HORARIOS":null,"PRECIOS":null,"TITULARIDAD":"MUNICIPAL","TARJETAJOVEN":"No","ACCESOPMR":"No","NROPLAZAS":"2","TOTALPLAZAS":2151}},{"type":"Feature","id":"da_aparcamientosMovilidadReducida.fid--175d4967_1a0508ab86c_c0b","geometry":{"type":"Point","coordinates":[-4.44396034,36.71313921,0]},"geometry_name":"SDOGEOMETRIA","properties":{"ID":67030,"NOMBRE":"APARCAPMR_481","DESCRIPCION":"Esquina con Cl. Fernández Fermina","DIRECCION":"CALLE FERNÁNDEZ FERMINA, 29 ","URL":null,"EMAIL":null,"CONTACTO":null,"HORARIOS":null,"PRECIOS":null,"TITULARIDAD":"MUNICIPAL","TARJETAJOVEN":"No","ACCESOPMR":"No","NROPLAZAS":"2","TOTALPLAZAS":2151}},{"type":"Feature","id":"da_aparcamientosMovilidadReducida.fid--175d4967_1a0508ab86c_c0c","geometry":{"type":"Point","coordinates":[-4.472554,36.68699004,0]},"geometry_name":"SDOGEOMETRIA","properties":{"ID":66748,"NOMBRE":"APARCAPMR_968","DESCRIPCION":"Intersección c/ Herman Hesse","DIRECCION":"CALLE HEMINGWAY, 1 ","URL":null,"EMAIL":null,"CONTACTO":null,"HORARIOS":null,"PRECIOS":null,"TITULARIDAD":"MUNICIPAL","TARJETAJOVEN":"No","ACCESOPMR":"No","NROPLAZAS":"1","TOTALPLAZAS":2151}},{"type":"Feature","id":"da_aparcamientosMovilidadReducida.fid--175d4967_1a0508ab86c_c0d","geometry":{"type":"Point","coordinates":[-4.45643798,36.66413537,0]},"geometry_name":"SDOGEOMETRIA","properties":{"ID":67266,"NOMBRE":"APARCAPMR_307","DESCRIPCION":"Esquina con Paseo Abel Sánchez.","DIRECCION":"CALLE ACACIAS DE GUADALMAR, 2 ","URL":null,"EMAIL":null,"CONTACTO":null,"HORARIOS":null,"PRECIOS":null,"TITULARIDAD":"MUNICIPAL","TARJETAJOVEN":"No","ACCESOPMR":"No","NROPLAZAS":"4","TOTALPLAZAS":2151}},{"type":"Feature","id":"da_aparcamientosMovilidadReducida.fid--175d4967_1a0508ab86c_c0e","geometry":{"type":"Point","coordinates":[-4.546696,36.72814304,0]},"geometry_name":"SDOGEOMETRIA","properties":{"ID":66820,"NOMBRE":"APARCAPMR_973","DESCRIPCION":"Intersección calle Ramirez Arcas","DIRECCION":"CALLE JUMILLANO, 10 ","URL":null,"EMAIL":null,"CONTACTO":null,"HORARIOS":null,"PRECIOS":null,"TITULARIDAD":"MUNICIPAL","TARJETAJOVEN":"No","ACCESOPMR":"No","NROPLAZAS":"2","TOTALPLAZAS":2151}},{"type":"Feature","id":"da_aparcamientosMovilidadReducida.fid--175d4967_1a0508ab86c_c0f","geometry":{"type":"Point","coordinates":[-4.47687082,36.72312373,0]},"geometry_name":"SDOGEOMETRIA","properties":{"ID":79734,"NOMBRE":"APARCAPMR_1424","DESCRIPCION":"C/ Andrómeda esquina con C/ Esquilo","DIRECCION":"CALLE DE ANDRÓMEDA, 12 ","URL":null,"EMAIL":null,"CONTACTO":null,"HORARIOS":null,"PRECIOS":null,"TITULARIDAD":"MUNICIPAL","TARJETAJOVEN":"No","ACCESOPMR":"No","NROPLAZAS":"1","TOTALPLAZAS":2151}},{"type":"Feature","id":"da_aparcamientosMovilidadReducida.fid--175d4967_1a0508ab86c_c10","geometry":{"type":"Point","coordinates":[-4.43528887,36.72691405,0]},"geometry_name":"SDOGEOMETRIA","properties":{"ID":67110,"NOMBRE":"APARCAPMR_071","DESCRIPCION":"Esquina con c/ Eugenio Gross","DIRECCION":"CAMINO DE SUÁREZ, 1 ","URL":null,"EMAIL":null,"CONTACTO":null,"HORARIOS":null,"PRECIOS":null,"TITULARIDAD":"MUNICIPAL","TARJETAJOVEN":"No","ACCESOPMR":"No","NROPLAZAS":"2","TOTALPLAZAS":2151}},{"type":"Feature","id":"da_aparcamientosMovilidadReducida.fid--175d4967_1a0508ab86c_c11","geometry":{"type":"Point","coordinates":[-4.5393996,36.72411049,0]},"geometry_name":"SDOGEOMETRIA","properties":{"ID":76899,"NOMBRE":"APARCAPMR_1272","DESCRIPCION":null,"DIRECCION":"CALLE CAMOENS, 1 ","URL":null,"EMAIL":null,"CONTACTO":null,"HORARIOS":null,"PRECIOS":null,"TITULARIDAD":"MUNICIPAL","TARJETAJOVEN":"No","ACCESOPMR":"No","NROPLAZAS":"1","TOTALPLAZAS":2151}},{"type":"Feature","id":"da_aparcamientosMovilidadReducida.fid--175d4967_1a0508ab86c_c12","geometry":{"type":"Point","coordinates":[-4.43959132,36.70272389,0]},"geometry_name":"SDOGEOMETRIA","properties":{"ID":66521,"NOMBRE":"APARCAPMR_1130","DESCRIPCION":"Esquina con c/ Isla Cristina","DIRECCION":"CALLE ABOGADO FEDERICO ORELLANA TOLEDANO, 8 ","URL":null,"EMAIL":null,"CONTACTO":null,"HORARIOS":null,"PRECIOS":null,"TITULARIDAD":"MUNICIPAL","TARJETAJOVEN":"No","ACCESOPMR":"No","NROPLAZAS":"2","TOTALPLAZAS":2151}},{"type":"Feature","id":"da_aparcamientosMovilidadReducida.fid--175d4967_1a0508ab86c_c13","geometry":{"type":"Point","coordinates":[-4.54864617,36.72838571,0]},"geometry_name":"SDOGEOMETRIA","properties":{"ID":66963,"NOMBRE":"APARCAPMR_375","DESCRIPCION":"Frente a la puerta del Colegio","DIRECCION":"CALLE JACOB, 16 ","URL":null,"EMAIL":null,"CONTACTO":null,"HORARIOS":null,"PRECIOS":null,"TITULARIDAD":"MUNICIPAL","TARJETAJOVEN":"No","ACCESOPMR":"No","NROPLAZAS":"1","TOTALPLAZAS":2151}},{"type":"Feature","id":"da_aparcamientosMovilidadReducida.fid--175d4967_1a0508ab86c_c14","geometry":{"type":"Point","coordinates":[-4.54760894,36.72538502,0]},"geometry_name":"SDOGEOMETRIA","properties":{"ID":66651,"NOMBRE":"APARCAPMR_591","DESCRIPCION":"A la altura del nº 31","DIRECCION":"CALLE DE BARTOLOMÉ ESCOBEDO, 37 ","URL":null,"EMAIL":null,"CONTACTO":null,"HORARIOS":null,"PRECIOS":null,"TITULARIDAD":"MUNICIPAL","TARJETAJOVEN":"No","ACCESOPMR":"No","NROPLAZAS":"1","TOTALPLAZAS":2151}},{"type":"Feature","id":"da_aparcamientosMovilidadReducida.fid--175d4967_1a0508ab86c_c15","geometry":{"type":"Point","coordinates":[-4.437425,36.71435104,0]},"geometry_name":"SDOGEOMETRIA","properties":{"ID":66864,"NOMBRE":"APARCAPMR_1035","DESCRIPCION":"Esq. con Cl. Asalto","DIRECCION":"CALLE GERONA, 12 ","URL":null,"EMAIL":null,"CONTACTO":null,"HORARIOS":null,"PRECIOS":null,"TITULARIDAD":"MUNICIPAL","TARJETAJOVEN":"No","ACCESOPMR":"No","NROPLAZAS":"1","TOTALPLAZAS":2151}},{"type":"Feature","id":"da_aparcamientosMovilidadReducida.fid--175d4967_1a0508ab86c_c16","geometry":{"type":"Point","coordinates":[-4.43597741,36.72644326,0]},"geometry_name":"SDOGEOMETRIA","properties":{"ID":66795,"NOMBRE":"APARCAPMR_617","DESCRIPCION":"Esquina c/ Filipinas","DIRECCION":"CALLE DOMINGO SAVIO, 14 ","URL":null,"EMAIL":null,"CONTACTO":null,"HORARIOS":null,"PRECIOS":null,"TITULARIDAD":"MUNICIPAL","TARJETAJOVEN":"No","ACCESOPMR":"No","NROPLAZAS":"1","TOTALPLAZAS":2151}},{"type":"Feature","id":"da_aparcamientosMovilidadReducida.fid--175d4967_1a0508ab86c_c17","geometry":{"type":"Point","coordinates":[-4.43943119,36.7153931,0]},"geometry_name":"SDOGEOMETRIA","properties":{"ID":67168,"NOMBRE":"APARCAPMR_268","DESCRIPCION":"Esquina con Plaza Avenida de la Aurora","DIRECCION":"AVENIDA DE LA AURORA, 63 ","URL":null,"EMAIL":null,"CONTACTO":null,"HORARIOS":null,"PRECIOS":null,"TITULARIDAD":"MUNICIPAL","TARJETAJOVEN":"No","ACCESOPMR":"No","NROPLAZAS":"2","TOTALPLAZAS":2151}},{"type":"Feature","id":"da_aparcamientosMovilidadReducida.fid--175d4967_1a0508ab86c_c18","geometry":{"type":"Point","coordinates":[-4.43893053,36.71540975,0]},"geometry_name":"SDOGEOMETRIA","properties":{"ID":66770,"NOMBRE":"APARCAPMR_217","DESCRIPCION":"Esquina con Av. Aurora.","DIRECCION":"AVENIDA DE LA AURORA, 61 ","URL":null,"EMAIL":null,"CONTACTO":null,"HORARIOS":null,"PRECIOS":null,"TITULARIDAD":"MUNICIPAL","TARJETAJOVEN":"No","ACCESOPMR":"No","NROPLAZAS":"2","TOTALPLAZAS":2151}},{"type":"Feature","id":"da_aparcamientosMovilidadReducida.fid--175d4967_1a0508ab86c_c19","geometry":{"type":"Point","coordinates":[-4.44030046,36.71516804,0]},"geometry_name":"SDOGEOMETRIA","properties":{"ID":67133,"NOMBRE":"APARCAPMR_266","DESCRIPCION":"Esquina con Cl. Monseñor Oscar Romero","DIRECCION":"AVENIDA DE LA AURORA, 48 ","URL":null,"EMAIL":null,"CONTACTO":null,"HORARIOS":null,"PRECIOS":null,"TITULARIDAD":"MUNICIPAL","TARJETAJOVEN":"No","ACCESOPMR":"No","NROPLAZAS":"3","TOTALPLAZAS":2151}},{"type":"Feature","id":"da_aparcamientosMovilidadReducida.fid--175d4967_1a0508ab86c_c1a","geometry":{"type":"Point","coordinates":[-4.4414451,36.71499209,0]},"geometry_name":"SDOGEOMETRIA","properties":{"ID":66710,"NOMBRE":"APARCAPMR_231","DESCRIPCION":null,"DIRECCION":"AVENIDA DE LA AURORA, 62 ","URL":null,"EMAIL":null,"CONTACTO":null,"HORARIOS":null,"PRECIOS":null,"TITULARIDAD":"MUNICIPAL","TARJETAJOVEN":"No","ACCESOPMR":"No","NROPLAZAS":"2","TOTALPLAZAS":2151}},{"type":"Feature","id":"da_aparcamientosMovilidadReducida.fid--175d4967_1a0508ab86c_c1b","geometry":{"type":"Point","coordinates":[-4.43881184,36.72756652,0]},"geometry_name":"SDOGEOMETRIA","properties":{"ID":66645,"NOMBRE":"APARCAPMR_088","DESCRIPCION":"Esquina con c/ Alonso Hernández","DIRECCION":"CAMINO DE SUÁREZ, 47 ","URL":null,"EMAIL":null,"CONTACTO":null,"HORARIOS":null,"PRECIOS":null,"TITULARIDAD":"MUNICIPAL","TARJETAJOVEN":"No","ACCESOPMR":"No","NROPLAZAS":"2","TOTALPLAZAS":2151}},{"type":"Feature","id":"da_aparcamientosMovilidadReducida.fid--175d4967_1a0508ab86c_c1c","geometry":{"type":"Point","coordinates":[-4.476236,36.72406304,0]},"geometry_name":"SDOGEOMETRIA","properties":{"ID":66815,"NOMBRE":"APARCAPMR_913","DESCRIPCION":null,"DIRECCION":"CALLE DE ANDRÓMEDA, 24 ","URL":null,"EMAIL":null,"CONTACTO":null,"HORARIOS":null,"PRECIOS":null,"TITULARIDAD":"MUNICIPAL","TARJETAJOVEN":"No","ACCESOPMR":"No","NROPLAZAS":"2","TOTALPLAZAS":2151}},{"type":"Feature","id":"da_aparcamientosMovilidadReducida.fid--175d4967_1a0508ab86c_c1d","geometry":{"type":"Point","coordinates":[-4.42789324,36.71444757,0]},"geometry_name":"SDOGEOMETRIA","properties":{"ID":66562,"NOMBRE":"APARCAPMR_716","DESCRIPCION":"Esquina con c/ Cuarteles","DIRECCION":"CALLE CONDE DUQUE DE OLIVARES, 2 ","URL":null,"EMAIL":null,"CONTACTO":null,"HORARIOS":null,"PRECIOS":null,"TITULARIDAD":"MUNICIPAL","TARJETAJOVEN":"No","ACCESOPMR":"No","NROPLAZAS":"2","TOTALPLAZAS":2151}},{"type":"Feature","id":"da_aparcamientosMovilidadReducida.fid--175d4967_1a0508ab86c_c1e","geometry":{"type":"Point","coordinates":[-4.48838711,36.72039674,0]},"geometry_name":"SDOGEOMETRIA","properties":{"ID":66187,"NOMBRE":"APARCAPMR_746","DESCRIPCION":null,"DIRECCION":"CALLE MARÍA BARRIENTOS, 10 ","URL":null,"EMAIL":null,"CONTACTO":null,"HORARIOS":null,"PRECIOS":null,"TITULARIDAD":"MUNICIPAL","TARJETAJOVEN":"No","ACCESOPMR":"No","NROPLAZAS":"1","TOTALPLAZAS":2151}},{"type":"Feature","id":"da_aparcamientosMovilidadReducida.fid--175d4967_1a0508ab86c_c1f","geometry":{"type":"Point","coordinates":[-4.48903827,36.72146382,0]},"geometry_name":"SDOGEOMETRIA","properties":{"ID":80476,"NOMBRE":"APARCAPMR_1442","DESCRIPCION":"C/ María Barrientos esquina con C/ Navarro Ledesma","DIRECCION":"CALLE MARÍA BARRIENTOS, 1 ","URL":null,"EMAIL":null,"CONTACTO":null,"HORARIOS":null,"PRECIOS":null,"TITULARIDAD":"MUNICIPAL","TARJETAJOVEN":"No","ACCESOPMR":"No","NROPLAZAS":"1","TOTALPLAZAS":2151}},{"type":"Feature","id":"da_aparcamientosMovilidadReducida.fid--175d4967_1a0508ab86c_c20","geometry":{"type":"Point","coordinates":[-4.46125254,36.66426735,0]},"geometry_name":"SDOGEOMETRIA","properties":{"ID":66463,"NOMBRE":"APARCAPMR_1243","DESCRIPCION":null,"DIRECCION":"CALLE ROGELIO OLIVA, 13 ","URL":null,"EMAIL":null,"CONTACTO":null,"HORARIOS":null,"PRECIOS":null,"TITULARIDAD":"MUNICIPAL","TARJETAJOVEN":"No","ACCESOPMR":"No","NROPLAZAS":"1","TOTALPLAZAS":2151}},{"type":"Feature","id":"da_aparcamientosMovilidadReducida.fid--175d4967_1a0508ab86c_c21","geometry":{"type":"Point","coordinates":[-4.51460173,36.66950354,0]},"geometry_name":"SDOGEOMETRIA","properties":{"ID":78093,"NOMBRE":"APARCAPMR_1376","DESCRIPCION":null,"DIRECCION":"CALLE NEPAL, 8 ","URL":null,"EMAIL":null,"CONTACTO":null,"HORARIOS":null,"PRECIOS":null,"TITULARIDAD":"MUNICIPAL","TARJETAJOVEN":"No","ACCESOPMR":"No","NROPLAZAS":"1","TOTALPLAZAS":2151}},{"type":"Feature","id":"da_aparcamientosMovilidadReducida.fid--175d4967_1a0508ab86c_c22","geometry":{"type":"Point","coordinates":[-4.447684,36.70288904,0]},"geometry_name":"SDOGEOMETRIA","properties":{"ID":66399,"NOMBRE":"APARCAPMR_970","DESCRIPCION":"Esquina c/ Toledillo","DIRECCION":"CALLE TORRE DEL PASO, 13 ","URL":null,"EMAIL":null,"CONTACTO":null,"HORARIOS":null,"PRECIOS":null,"TITULARIDAD":"MUNICIPAL","TARJETAJOVEN":"No","ACCESOPMR":"No","NROPLAZAS":"1","TOTALPLAZAS":2151}},{"type":"Feature","id":"da_aparcamientosMovilidadReducida.fid--175d4967_1a0508ab86c_c23","geometry":{"type":"Point","coordinates":[-4.44658604,36.70969865,0]},"geometry_name":"SDOGEOMETRIA","properties":{"ID":77449,"NOMBRE":"APARCAPMR_1309","DESCRIPCION":"C/ Río Duratón esquina con la Plaza Río Trabanco","DIRECCION":"CALLE RÍO DURATÓN, 1 ","URL":null,"EMAIL":null,"CONTACTO":null,"HORARIOS":null,"PRECIOS":null,"TITULARIDAD":"MUNICIPAL","TARJETAJOVEN":"No","ACCESOPMR":"No","NROPLAZAS":"1","TOTALPLAZAS":2151}},{"type":"Feature","id":"da_aparcamientosMovilidadReducida.fid--175d4967_1a0508ab86c_c24","geometry":{"type":"Point","coordinates":[-4.45394956,36.71208616,0]},"geometry_name":"SDOGEOMETRIA","properties":{"ID":67027,"NOMBRE":"APARCAPMR_472","DESCRIPCION":"Esquina con c/ Cañete la Real","DIRECCION":"CALLE RÍO TÁVORA, 4 ","URL":null,"EMAIL":null,"CONTACTO":null,"HORARIOS":null,"PRECIOS":null,"TITULARIDAD":"MUNICIPAL","TARJETAJOVEN":"No","ACCESOPMR":"No","NROPLAZAS":"1","TOTALPLAZAS":2151}},{"type":"Feature","id":"da_aparcamientosMovilidadReducida.fid--175d4967_1a0508ab86c_c25","geometry":{"type":"Point","coordinates":[-4.44442905,36.71762055,0]},"geometry_name":"SDOGEOMETRIA","properties":{"ID":67282,"NOMBRE":"APARCAPMR_499","DESCRIPCION":"Esquina con c/ Virgen del Rosario","DIRECCION":"CALLE VIRGEN DE LA PALOMA, 26 ","URL":null,"EMAIL":null,"CONTACTO":null,"HORARIOS":null,"PRECIOS":null,"TITULARIDAD":"MUNICIPAL","TARJETAJOVEN":"No","ACCESOPMR":"No","NROPLAZAS":"1","TOTALPLAZAS":2151}},{"type":"Feature","id":"da_aparcamientosMovilidadReducida.fid--175d4967_1a0508ab86c_c26","geometry":{"type":"Point","coordinates":[-4.50532694,36.66283699,0]},"geometry_name":"SDOGEOMETRIA","properties":{"ID":81035,"NOMBRE":"APARCAPMR_1145","DESCRIPCION":null,"DIRECCION":"PASAJE NARCISO YEPES, 3 ","URL":null,"EMAIL":null,"CONTACTO":null,"HORARIOS":null,"PRECIOS":null,"TITULARIDAD":"MUNICIPAL","TARJETAJOVEN":"No","ACCESOPMR":"No","NROPLAZAS":"1","TOTALPLAZAS":2151}},{"type":"Feature","id":"da_aparcamientosMovilidadReducida.fid--175d4967_1a0508ab86c_c27","geometry":{"type":"Point","coordinates":[-4.51649007,36.67029556,0]},"geometry_name":"SDOGEOMETRIA","properties":{"ID":78091,"NOMBRE":"APARCAPMR_1374","DESCRIPCION":null,"DIRECCION":"CALLE NEPAL, 32 ","URL":null,"EMAIL":null,"CONTACTO":null,"HORARIOS":null,"PRECIOS":null,"TITULARIDAD":"MUNICIPAL","TARJETAJOVEN":"No","ACCESOPMR":"No","NROPLAZAS":"1","TOTALPLAZAS":2151}},{"type":"Feature","id":"da_aparcamientosMovilidadReducida.fid--175d4967_1a0508ab86c_c28","geometry":{"type":"Point","coordinates":[-4.44883525,36.70875974,0]},"geometry_name":"SDOGEOMETRIA","properties":{"ID":66762,"NOMBRE":"APARCAPMR_584","DESCRIPCION":"Esquina con Cl. Casarabonela","DIRECCION":"CALLE VALLE DE ABDALAJÍS, 8 ","URL":null,"EMAIL":null,"CONTACTO":null,"HORARIOS":null,"PRECIOS":null,"TITULARIDAD":"MUNICIPAL","TARJETAJOVEN":"No","ACCESOPMR":"No","NROPLAZAS":"2","TOTALPLAZAS":2151}},{"type":"Feature","id":"da_aparcamientosMovilidadReducida.fid--175d4967_1a0508ab86c_c29","geometry":{"type":"Point","coordinates":[-4.51411,36.66868604,0]},"geometry_name":"SDOGEOMETRIA","properties":{"ID":66719,"NOMBRE":"APARCAPMR_1034","DESCRIPCION":"Esq. con Cl. Piedra Franca","DIRECCION":"CALLE CALIZA, 42 ","URL":null,"EMAIL":null,"CONTACTO":null,"HORARIOS":null,"PRECIOS":null,"TITULARIDAD":"MUNICIPAL","TARJETAJOVEN":"No","ACCESOPMR":"No","NROPLAZAS":"1","TOTALPLAZAS":2151}},{"type":"Feature","id":"da_aparcamientosMovilidadReducida.fid--175d4967_1a0508ab86c_c2a","geometry":{"type":"Point","coordinates":[-4.48883566,36.74505169,0]},"geometry_name":"SDOGEOMETRIA","properties":{"ID":66215,"NOMBRE":"APARCAPMR_1122","DESCRIPCION":"Esq. Calle Brezo","DIRECCION":"CALLE URANIO, 66 ","URL":null,"EMAIL":null,"CONTACTO":null,"HORARIOS":null,"PRECIOS":null,"TITULARIDAD":"MUNICIPAL","TARJETAJOVEN":"No","ACCESOPMR":"No","NROPLAZAS":"1","TOTALPLAZAS":2151}},{"type":"Feature","id":"da_aparcamientosMovilidadReducida.fid--175d4967_1a0508ab86c_c2b","geometry":{"type":"Point","coordinates":[-4.568587,36.73277404,0]},"geometry_name":"SDOGEOMETRIA","properties":{"ID":66703,"NOMBRE":"APARCAPMR_956","DESCRIPCION":"Frente al nº 58","DIRECCION":"CALLE TRAVESÍA DE MAQUEDA, 58 ","URL":null,"EMAIL":null,"CONTACTO":null,"HORARIOS":null,"PRECIOS":null,"TITULARIDAD":"MUNICIPAL","TARJETAJOVEN":"No","ACCESOPMR":"No","NROPLAZAS":"1","TOTALPLAZAS":2151}},{"type":"Feature","id":"da_aparcamientosMovilidadReducida.fid--175d4967_1a0508ab86c_c2c","geometry":{"type":"Point","coordinates":[-4.45928727,36.6635931,0]},"geometry_name":"SDOGEOMETRIA","properties":{"ID":81049,"NOMBRE":"APARCAPMR_1222","DESCRIPCION":null,"DIRECCION":"CALLE ROGELIO OLIVA, 62 ","URL":null,"EMAIL":null,"CONTACTO":null,"HORARIOS":null,"PRECIOS":null,"TITULARIDAD":"MUNICIPAL","TARJETAJOVEN":"No","ACCESOPMR":"No","NROPLAZAS":"1","TOTALPLAZAS":2151}},{"type":"Feature","id":"da_aparcamientosMovilidadReducida.fid--175d4967_1a0508ab86c_c2d","geometry":{"type":"Point","coordinates":[-4.51557009,36.66991429,0]},"geometry_name":"SDOGEOMETRIA","properties":{"ID":78092,"NOMBRE":"APARCAPMR_1375","DESCRIPCION":null,"DIRECCION":"CALLE NEPAL, 20 ","URL":null,"EMAIL":null,"CONTACTO":null,"HORARIOS":null,"PRECIOS":null,"TITULARIDAD":"MUNICIPAL","TARJETAJOVEN":"No","ACCESOPMR":"No","NROPLAZAS":"1","TOTALPLAZAS":2151}},{"type":"Feature","id":"da_aparcamientosMovilidadReducida.fid--175d4967_1a0508ab86c_c2e","geometry":{"type":"Point","coordinates":[-4.48035322,36.7406843,0]},"geometry_name":"SDOGEOMETRIA","properties":{"ID":66558,"NOMBRE":"APARCAPMR_683","DESCRIPCION":"Esquina con c/ Polonesa","DIRECCION":"CALLE ZURITA, 11 ","URL":null,"EMAIL":null,"CONTACTO":null,"HORARIOS":null,"PRECIOS":null,"TITULARIDAD":"MUNICIPAL","TARJETAJOVEN":"No","ACCESOPMR":"No","NROPLAZAS":"1","TOTALPLAZAS":2151}},{"type":"Feature","id":"da_aparcamientosMovilidadReducida.fid--175d4967_1a0508ab86c_c2f","geometry":{"type":"Point","coordinates":[-4.45033997,36.68908266,0]},"geometry_name":"SDOGEOMETRIA","properties":{"ID":66559,"NOMBRE":"APARCAPMR_696","DESCRIPCION":"Esquina con c/ La Unión Mercantil","DIRECCION":"AVENIDA DE GREGORIO DIEGO, 39 ","URL":null,"EMAIL":null,"CONTACTO":null,"HORARIOS":null,"PRECIOS":null,"TITULARIDAD":"MUNICIPAL","TARJETAJOVEN":"No","ACCESOPMR":"No","NROPLAZAS":"1","TOTALPLAZAS":2151}},{"type":"Feature","id":"da_aparcamientosMovilidadReducida.fid--175d4967_1a0508ab86c_c30","geometry":{"type":"Point","coordinates":[-4.45135703,36.68977567,0]},"geometry_name":"SDOGEOMETRIA","properties":{"ID":80925,"NOMBRE":"APARCAPMR_703","DESCRIPCION":null,"DIRECCION":"AVENIDA DE GREGORIO DIEGO, 33 ","URL":null,"EMAIL":null,"CONTACTO":null,"HORARIOS":null,"PRECIOS":null,"TITULARIDAD":"MUNICIPAL","TARJETAJOVEN":"No","ACCESOPMR":"No","NROPLAZAS":"1","TOTALPLAZAS":2151}},{"type":"Feature","id":"da_aparcamientosMovilidadReducida.fid--175d4967_1a0508ab86c_c31","geometry":{"type":"Point","coordinates":[-4.44750404,36.69250492,0]},"geometry_name":"SDOGEOMETRIA","properties":{"ID":67232,"NOMBRE":"APARCAPMR_230","DESCRIPCION":"A la altura del nº 17","DIRECCION":"CALLE FRANCISCO PADILLA, 9 ","URL":null,"EMAIL":null,"CONTACTO":null,"HORARIOS":null,"PRECIOS":null,"TITULARIDAD":"MUNICIPAL","TARJETAJOVEN":"No","ACCESOPMR":"No","NROPLAZAS":"2","TOTALPLAZAS":2151}},{"type":"Feature","id":"da_aparcamientosMovilidadReducida.fid--175d4967_1a0508ab86c_c32","geometry":{"type":"Point","coordinates":[-4.44830834,36.69299113,0]},"geometry_name":"SDOGEOMETRIA","properties":{"ID":66439,"NOMBRE":"APARCAPMR_1157","DESCRIPCION":null,"DIRECCION":"CALLE FRANCISCO PADILLA, 13 ","URL":null,"EMAIL":null,"CONTACTO":null,"HORARIOS":null,"PRECIOS":null,"TITULARIDAD":"MUNICIPAL","TARJETAJOVEN":"No","ACCESOPMR":"No","NROPLAZAS":"1","TOTALPLAZAS":2151}},{"type":"Feature","id":"da_aparcamientosMovilidadReducida.fid--175d4967_1a0508ab86c_c33","geometry":{"type":"Point","coordinates":[-4.454005,36.69164704,0]},"geometry_name":"SDOGEOMETRIA","properties":{"ID":66324,"NOMBRE":"APARCAPMR_867","DESCRIPCION":null,"DIRECCION":"CALLE VIÑA DEL MAR, 8 ","URL":null,"EMAIL":null,"CONTACTO":null,"HORARIOS":null,"PRECIOS":null,"TITULARIDAD":"MUNICIPAL","TARJETAJOVEN":"No","ACCESOPMR":"No","NROPLAZAS":"2","TOTALPLAZAS":2151}},{"type":"Feature","id":"da_aparcamientosMovilidadReducida.fid--175d4967_1a0508ab86c_c34","geometry":{"type":"Point","coordinates":[-4.45677254,36.69905597,0]},"geometry_name":"SDOGEOMETRIA","properties":{"ID":81048,"NOMBRE":"APARCAPMR_1219","DESCRIPCION":null,"DIRECCION":"CALLE LUIS GARCÍA BERLANGA, 2 ","URL":null,"EMAIL":null,"CONTACTO":null,"HORARIOS":null,"PRECIOS":null,"TITULARIDAD":"MUNICIPAL","TARJETAJOVEN":"No","ACCESOPMR":"No","NROPLAZAS":"1","TOTALPLAZAS":2151}},{"type":"Feature","id":"da_aparcamientosMovilidadReducida.fid--175d4967_1a0508ab86c_c35","geometry":{"type":"Point","coordinates":[-4.45241936,36.69026614,0]},"geometry_name":"SDOGEOMETRIA","properties":{"ID":66388,"NOMBRE":"APARCAPMR_603","DESCRIPCION":"A la altura del nº 22","DIRECCION":"AVENIDA DE GREGORIO DIEGO, 24 ","URL":null,"EMAIL":null,"CONTACTO":null,"HORARIOS":null,"PRECIOS":null,"TITULARIDAD":"MUNICIPAL","TARJETAJOVEN":"No","ACCESOPMR":"No","NROPLAZAS":"2","TOTALPLAZAS":2151}},{"type":"Feature","id":"da_aparcamientosMovilidadReducida.fid--175d4967_1a0508ab86c_c36","geometry":{"type":"Point","coordinates":[-4.45507206,36.69188407,0]},"geometry_name":"SDOGEOMETRIA","properties":{"ID":66771,"NOMBRE":"APARCAPMR_270","DESCRIPCION":"Esquina con Avda. de Velázquez","DIRECCION":"AVENIDA DE GREGORIO DIEGO, 1 ","URL":null,"EMAIL":null,"CONTACTO":null,"HORARIOS":null,"PRECIOS":null,"TITULARIDAD":"MUNICIPAL","TARJETAJOVEN":"No","ACCESOPMR":"No","NROPLAZAS":"2","TOTALPLAZAS":2151}},{"type":"Feature","id":"da_aparcamientosMovilidadReducida.fid--175d4967_1a0508ab86c_c37","geometry":{"type":"Point","coordinates":[-4.53247659,36.73268439,0]},"geometry_name":"SDOGEOMETRIA","properties":{"ID":67276,"NOMBRE":"APARCAPMR_487","DESCRIPCION":"Esquina con c/ Arlequín","DIRECCION":"CALLE PRINCIPAL DE COLMENAREJO, 14 ","URL":null,"EMAIL":null,"CONTACTO":null,"HORARIOS":null,"PRECIOS":null,"TITULARIDAD":"MUNICIPAL","TARJETAJOVEN":"No","ACCESOPMR":"No","NROPLAZAS":"2","TOTALPLAZAS":2151}},{"type":"Feature","id":"da_aparcamientosMovilidadReducida.fid--175d4967_1a0508ab86c_c38","geometry":{"type":"Point","coordinates":[-4.46388111,36.69241799,0]},"geometry_name":"SDOGEOMETRIA","properties":{"ID":66625,"NOMBRE":"APARCAPMR_587","DESCRIPCION":"A la altura del nº 5","DIRECCION":"CALLE FIDIAS, 2 ","URL":null,"EMAIL":null,"CONTACTO":null,"HORARIOS":null,"PRECIOS":null,"TITULARIDAD":"MUNICIPAL","TARJETAJOVEN":"No","ACCESOPMR":"No","NROPLAZAS":"1","TOTALPLAZAS":2151}},{"type":"Feature","id":"da_aparcamientosMovilidadReducida.fid--175d4967_1a0508ab86c_c39","geometry":{"type":"Point","coordinates":[-4.463974,36.68915304,0]},"geometry_name":"SDOGEOMETRIA","properties":{"ID":66847,"NOMBRE":"APARCAPMR_1030","DESCRIPCION":"Esq. con Cl. Rafael Muntaner","DIRECCION":"CALLE FIDIAS, 57 ","URL":null,"EMAIL":null,"CONTACTO":null,"HORARIOS":null,"PRECIOS":null,"TITULARIDAD":"MUNICIPAL","TARJETAJOVEN":"No","ACCESOPMR":"No","NROPLAZAS":"1","TOTALPLAZAS":2151}},{"type":"Feature","id":"da_aparcamientosMovilidadReducida.fid--175d4967_1a0508ab86c_c3a","geometry":{"type":"Point","coordinates":[-4.572273,36.73034604,0]},"geometry_name":"SDOGEOMETRIA","properties":{"ID":66214,"NOMBRE":"APARCAPMR_1024","DESCRIPCION":"Esq. con Cl. Ronda del Poniente","DIRECCION":"CALLE CUEVA DE VIERA, 37 ","URL":null,"EMAIL":null,"CONTACTO":null,"HORARIOS":null,"PRECIOS":null,"TITULARIDAD":"MUNICIPAL","TARJETAJOVEN":"No","ACCESOPMR":"No","NROPLAZAS":"1","TOTALPLAZAS":2151}},{"type":"Feature","id":"da_aparcamientosMovilidadReducida.fid--175d4967_1a0508ab86c_c3b","geometry":{"type":"Point","coordinates":[-4.447467,36.71557254,0]},"geometry_name":"SDOGEOMETRIA","properties":{"ID":66543,"NOMBRE":"APARCAPMR_1158","DESCRIPCION":null,"DIRECCION":"CALLE VIRGEN DEL GRAN PODER, 22 ","URL":null,"EMAIL":null,"CONTACTO":null,"HORARIOS":null,"PRECIOS":null,"TITULARIDAD":"MUNICIPAL","TARJETAJOVEN":"No","ACCESOPMR":"No","NROPLAZAS":"1","TOTALPLAZAS":2151}},{"type":"Feature","id":"da_aparcamientosMovilidadReducida.fid--175d4967_1a0508ab86c_c3c","geometry":{"type":"Point","coordinates":[-4.44587544,36.71665464,0]},"geometry_name":"SDOGEOMETRIA","properties":{"ID":66874,"NOMBRE":"APARCAPMR_606","DESCRIPCION":"Esquina con Cl. Virgen de la Esperanza","DIRECCION":"CALLE VIRGEN DE LA ESPERANZA, 22 ","URL":null,"EMAIL":null,"CONTACTO":null,"HORARIOS":null,"PRECIOS":null,"TITULARIDAD":"MUNICIPAL","TARJETAJOVEN":"No","ACCESOPMR":"No","NROPLAZAS":"1","TOTALPLAZAS":2151}},{"type":"Feature","id":"da_aparcamientosMovilidadReducida.fid--175d4967_1a0508ab86c_c3d","geometry":{"type":"Point","coordinates":[-4.418612,36.74902804,0]},"geometry_name":"SDOGEOMETRIA","properties":{"ID":66365,"NOMBRE":"APARCAPMR_881","DESCRIPCION":null,"DIRECCION":"PASAJE DE LLOBREGAT, 6 ","URL":null,"EMAIL":null,"CONTACTO":null,"HORARIOS":null,"PRECIOS":null,"TITULARIDAD":"MUNICIPAL","TARJETAJOVEN":"No","ACCESOPMR":"No","NROPLAZAS":"1","TOTALPLAZAS":2151}},{"type":"Feature","id":"da_aparcamientosMovilidadReducida.fid--175d4967_1a0508ab86c_c3e","geometry":{"type":"Point","coordinates":[-4.41873875,36.74913522,0]},"geometry_name":"SDOGEOMETRIA","properties":{"ID":66718,"NOMBRE":"APARCAPMR_1225","DESCRIPCION":"C/ Alcalde Nicolas Maroto esq. C/Pje. Llobregat","DIRECCION":"PASAJE DE LLOBREGAT, 6 ","URL":null,"EMAIL":null,"CONTACTO":null,"HORARIOS":null,"PRECIOS":null,"TITULARIDAD":"MUNICIPAL","TARJETAJOVEN":"No","ACCESOPMR":"No","NROPLAZAS":"1","TOTALPLAZAS":2151}},{"type":"Feature","id":"da_aparcamientosMovilidadReducida.fid--175d4967_1a0508ab86c_c3f","geometry":{"type":"Point","coordinates":[-4.398949,36.72262104,0]},"geometry_name":"SDOGEOMETRIA","properties":{"ID":66848,"NOMBRE":"APARCAPMR_1075","DESCRIPCION":"Frente Paseo Limonar","DIRECCION":"PASEO DE SANCHA, 65 ","URL":null,"EMAIL":null,"CONTACTO":null,"HORARIOS":null,"PRECIOS":null,"TITULARIDAD":"MUNICIPAL","TARJETAJOVEN":"No","ACCESOPMR":"No","NROPLAZAS":"1","TOTALPLAZAS":2151}},{"type":"Feature","id":"da_aparcamientosMovilidadReducida.fid--175d4967_1a0508ab86c_c40","geometry":{"type":"Point","coordinates":[-4.400462,36.72212704,0]},"geometry_name":"SDOGEOMETRIA","properties":{"ID":66139,"NOMBRE":"APARCAPMR_794","DESCRIPCION":null,"DIRECCION":"PASEO DE SANCHA, 46 ","URL":null,"EMAIL":null,"CONTACTO":null,"HORARIOS":null,"PRECIOS":null,"TITULARIDAD":"MUNICIPAL","TARJETAJOVEN":"No","ACCESOPMR":"No","NROPLAZAS":"1","TOTALPLAZAS":2151}},{"type":"Feature","id":"da_aparcamientosMovilidadReducida.fid--175d4967_1a0508ab86c_c41","geometry":{"type":"Point","coordinates":[-4.510669,36.66841604,0]},"geometry_name":"SDOGEOMETRIA","properties":{"ID":66153,"NOMBRE":"APARCAPMR_858","DESCRIPCION":null,"DIRECCION":"CALLE EL INDICADOR MALAGUEÑO, 19 ","URL":null,"EMAIL":null,"CONTACTO":null,"HORARIOS":null,"PRECIOS":null,"TITULARIDAD":"MUNICIPAL","TARJETAJOVEN":"No","ACCESOPMR":"No","NROPLAZAS":"1","TOTALPLAZAS":2151}},{"type":"Feature","id":"da_aparcamientosMovilidadReducida.fid--175d4967_1a0508ab86c_c42","geometry":{"type":"Point","coordinates":[-4.43990484,36.7288397,0]},"geometry_name":"SDOGEOMETRIA","properties":{"ID":66644,"NOMBRE":"APARCAPMR_139","DESCRIPCION":"Esquina con c/ Segismundo Moret","DIRECCION":"CALLE VENEGAS, 13 ","URL":null,"EMAIL":null,"CONTACTO":null,"HORARIOS":null,"PRECIOS":null,"TITULARIDAD":"MUNICIPAL","TARJETAJOVEN":"No","ACCESOPMR":"No","NROPLAZAS":"2","TOTALPLAZAS":2151}},{"type":"Feature","id":"da_aparcamientosMovilidadReducida.fid--175d4967_1a0508ab86c_c43","geometry":{"type":"Point","coordinates":[-4.43937778,36.70065973,0]},"geometry_name":"SDOGEOMETRIA","properties":{"ID":66692,"NOMBRE":"APARCAPMR_575","DESCRIPCION":"Esquina con Avda. Sor Teresa Prat","DIRECCION":"CALLE SOLDADO MUÑOZ CAÑERO, 2 ","URL":null,"EMAIL":null,"CONTACTO":null,"HORARIOS":null,"PRECIOS":null,"TITULARIDAD":"MUNICIPAL","TARJETAJOVEN":"No","ACCESOPMR":"No","NROPLAZAS":"2","TOTALPLAZAS":2151}},{"type":"Feature","id":"da_aparcamientosMovilidadReducida.fid--175d4967_1a0508ab86c_c44","geometry":{"type":"Point","coordinates":[-4.367044,36.72627504,0]},"geometry_name":"SDOGEOMETRIA","properties":{"ID":66245,"NOMBRE":"APARCAPMR_786","DESCRIPCION":null,"DIRECCION":"CALLE PINTOR JOSÉ PONCE, 36 ","URL":null,"EMAIL":null,"CONTACTO":null,"HORARIOS":null,"PRECIOS":null,"TITULARIDAD":"MUNICIPAL","TARJETAJOVEN":"No","ACCESOPMR":"No","NROPLAZAS":"1","TOTALPLAZAS":2151}},{"type":"Feature","id":"da_aparcamientosMovilidadReducida.fid--175d4967_1a0508ab86c_c45","geometry":{"type":"Point","coordinates":[-4.44223434,36.69642203,0]},"geometry_name":"SDOGEOMETRIA","properties":{"ID":66350,"NOMBRE":"APARCAPMR_118","DESCRIPCION":"Esquina con c/ Manuel Altolaguirre","DIRECCION":"AVENIDA DE SOR TERESA PRAT, 56 ","URL":null,"EMAIL":null,"CONTACTO":null,"HORARIOS":null,"PRECIOS":null,"TITULARIDAD":"MUNICIPAL","TARJETAJOVEN":"No","ACCESOPMR":"No","NROPLAZAS":"2","TOTALPLAZAS":2151}},{"type":"Feature","id":"da_aparcamientosMovilidadReducida.fid--175d4967_1a0508ab86c_c46","geometry":{"type":"Point","coordinates":[-4.44043189,36.69868123,0]},"geometry_name":"SDOGEOMETRIA","properties":{"ID":66922,"NOMBRE":"APARCAPMR_474","DESCRIPCION":"A la altura del nº 17 (Gestión Tributaria)","DIRECCION":"AVENIDA DE SOR TERESA PRAT, 17 ","URL":null,"EMAIL":null,"CONTACTO":null,"HORARIOS":null,"PRECIOS":null,"TITULARIDAD":"MUNICIPAL","TARJETAJOVEN":"No","ACCESOPMR":"No","NROPLAZAS":"2","TOTALPLAZAS":2151}},{"type":"Feature","id":"da_aparcamientosMovilidadReducida.fid--175d4967_1a0508ab86c_c47","geometry":{"type":"Point","coordinates":[-4.44234163,36.71801294,0]},"geometry_name":"SDOGEOMETRIA","properties":{"ID":66686,"NOMBRE":"APARCAPMR_553","DESCRIPCION":"Esquina con c/ Virgen de la Inmaculada","DIRECCION":"CALLE VIRGEN DE LA PALOMA, 27 ","URL":null,"EMAIL":null,"CONTACTO":null,"HORARIOS":null,"PRECIOS":null,"TITULARIDAD":"MUNICIPAL","TARJETAJOVEN":"No","ACCESOPMR":"No","NROPLAZAS":"2","TOTALPLAZAS":2151}},{"type":"Feature","id":"da_aparcamientosMovilidadReducida.fid--175d4967_1a0508ab86c_c48","geometry":{"type":"Point","coordinates":[-4.42195925,36.73304536,0]},"geometry_name":"SDOGEOMETRIA","properties":{"ID":76892,"NOMBRE":"APARCAPMR_1216","DESCRIPCION":null,"DIRECCION":"CALLE SAN JUAN BOSCO, 35 ","URL":null,"EMAIL":null,"CONTACTO":null,"HORARIOS":null,"PRECIOS":null,"TITULARIDAD":"MUNICIPAL","TARJETAJOVEN":"No","ACCESOPMR":"No","NROPLAZAS":"1","TOTALPLAZAS":2151}},{"type":"Feature","id":"da_aparcamientosMovilidadReducida.fid--175d4967_1a0508ab86c_c49","geometry":{"type":"Point","coordinates":[-4.43894461,36.7018124,0]},"geometry_name":"SDOGEOMETRIA","properties":{"ID":66773,"NOMBRE":"APARCAPMR_269","DESCRIPCION":"Esquina con Avda. Sor Teresa Prat","DIRECCION":"AVENIDA DE SOR TERESA PRAT, 2 ","URL":null,"EMAIL":null,"CONTACTO":null,"HORARIOS":null,"PRECIOS":null,"TITULARIDAD":"MUNICIPAL","TARJETAJOVEN":"No","ACCESOPMR":"No","NROPLAZAS":"1","TOTALPLAZAS":2151}},{"type":"Feature","id":"da_aparcamientosMovilidadReducida.fid--175d4967_1a0508ab86c_c4a","geometry":{"type":"Point","coordinates":[-4.44314758,36.71064692,0]},"geometry_name":"SDOGEOMETRIA","properties":{"ID":81052,"NOMBRE":"APARCAPMR_1237","DESCRIPCION":null,"DIRECCION":"CAMINO DE SAN RAFAEL, 14 ","URL":null,"EMAIL":null,"CONTACTO":null,"HORARIOS":null,"PRECIOS":null,"TITULARIDAD":"MUNICIPAL","TARJETAJOVEN":"No","ACCESOPMR":"No","NROPLAZAS":"1","TOTALPLAZAS":2151}},{"type":"Feature","id":"da_aparcamientosMovilidadReducida.fid--175d4967_1a0508ab86c_c4b","geometry":{"type":"Point","coordinates":[-4.50278521,36.66953663,0]},"geometry_name":"SDOGEOMETRIA","properties":{"ID":67269,"NOMBRE":"APARCAPMR_032","DESCRIPCION":"Esquina con c/ Grice Hutchison","DIRECCION":"PLAZA DE LA INMACULADA, 8 ","URL":null,"EMAIL":null,"CONTACTO":null,"HORARIOS":null,"PRECIOS":null,"TITULARIDAD":"MUNICIPAL","TARJETAJOVEN":"No","ACCESOPMR":"No","NROPLAZAS":"2","TOTALPLAZAS":2151}},{"type":"Feature","id":"da_aparcamientosMovilidadReducida.fid--175d4967_1a0508ab86c_c4c","geometry":{"type":"Point","coordinates":[-4.51093319,36.66776792,4059081.13126513]},"geometry_name":"SDOGEOMETRIA","properties":{"ID":78802,"NOMBRE":"APARCAPMR_1404","DESCRIPCION":"C/ El Indicador Malagueño, N.º 10","DIRECCION":"CALLE EL INDICADOR MALAGUEÑO, 10 ","URL":null,"EMAIL":null,"CONTACTO":null,"HORARIOS":null,"PRECIOS":null,"TITULARIDAD":"MUNICIPAL","TARJETAJOVEN":"No","ACCESOPMR":"No","NROPLAZAS":"1","TOTALPLAZAS":2151}},{"type":"Feature","id":"da_aparcamientosMovilidadReducida.fid--175d4967_1a0508ab86c_c4d","geometry":{"type":"Point","coordinates":[-4.43494654,36.70557789,0]},"geometry_name":"SDOGEOMETRIA","properties":{"ID":67247,"NOMBRE":"APARCAPMR_188","DESCRIPCION":"Esquina con Plaza Moreno Villa","DIRECCION":"PLAZA DE REYNA MANESCAU, 1 ","URL":null,"EMAIL":null,"CONTACTO":null,"HORARIOS":null,"PRECIOS":null,"TITULARIDAD":"MUNICIPAL","TARJETAJOVEN":"No","ACCESOPMR":"No","NROPLAZAS":"2","TOTALPLAZAS":2151}},{"type":"Feature","id":"da_aparcamientosMovilidadReducida.fid--175d4967_1a0508ab86c_c4e","geometry":{"type":"Point","coordinates":[-4.436481,36.71541566,0]},"geometry_name":"SDOGEOMETRIA","properties":{"ID":67155,"NOMBRE":"APARCAPMR_011","DESCRIPCION":"Esquina con c/ Mauricio Moro Pareto","DIRECCION":"CALLE BABEL, 2 ","URL":null,"EMAIL":null,"CONTACTO":null,"HORARIOS":null,"PRECIOS":null,"TITULARIDAD":"MUNICIPAL","TARJETAJOVEN":"No","ACCESOPMR":"No","NROPLAZAS":"3","TOTALPLAZAS":2151}},{"type":"Feature","id":"da_aparcamientosMovilidadReducida.fid--175d4967_1a0508ab86c_c4f","geometry":{"type":"Point","coordinates":[-4.36643243,36.72136421,0]},"geometry_name":"SDOGEOMETRIA","properties":{"ID":66957,"NOMBRE":"APARCAPMR_367","DESCRIPCION":"Esquina con c / Almirante Enríquez","DIRECCION":"CALLE EUGENIO SELLÉS, 44 ","URL":null,"EMAIL":null,"CONTACTO":null,"HORARIOS":null,"PRECIOS":null,"TITULARIDAD":"MUNICIPAL","TARJETAJOVEN":"No","ACCESOPMR":"No","NROPLAZAS":"4","TOTALPLAZAS":2151}},{"type":"Feature","id":"da_aparcamientosMovilidadReducida.fid--175d4967_1a0508ab86c_c50","geometry":{"type":"Point","coordinates":[-4.413764,36.73178704,0]},"geometry_name":"SDOGEOMETRIA","properties":{"ID":66162,"NOMBRE":"APARCAPMR_1068","DESCRIPCION":"Esq. con Cl. Obispo González García","DIRECCION":"CALLE GENERAL IBÁÑEZ, 16 ","URL":null,"EMAIL":null,"CONTACTO":null,"HORARIOS":null,"PRECIOS":null,"TITULARIDAD":"MUNICIPAL","TARJETAJOVEN":"No","ACCESOPMR":"No","NROPLAZAS":"1","TOTALPLAZAS":2151}},{"type":"Feature","id":"da_aparcamientosMovilidadReducida.fid--175d4967_1a0508ab86c_c51","geometry":{"type":"Point","coordinates":[-4.44665137,36.71566359,0]},"geometry_name":"SDOGEOMETRIA","properties":{"ID":66225,"NOMBRE":"APARCAPMR_1254","DESCRIPCION":null,"DIRECCION":"CALLE VIRGEN DEL GRAN PODER, 3 ","URL":null,"EMAIL":null,"CONTACTO":null,"HORARIOS":null,"PRECIOS":null,"TITULARIDAD":"MUNICIPAL","TARJETAJOVEN":"No","ACCESOPMR":"No","NROPLAZAS":"1","TOTALPLAZAS":2151}},{"type":"Feature","id":"da_aparcamientosMovilidadReducida.fid--175d4967_1a0508ab86c_c52","geometry":{"type":"Point","coordinates":[-4.421891,36.73316804,0]},"geometry_name":"SDOGEOMETRIA","properties":{"ID":66704,"NOMBRE":"APARCAPMR_1012","DESCRIPCION":"Esq. Cl. Emilio Carreras","DIRECCION":"CALLE SAN JUAN BOSCO, 48 ","URL":null,"EMAIL":null,"CONTACTO":null,"HORARIOS":null,"PRECIOS":null,"TITULARIDAD":"MUNICIPAL","TARJETAJOVEN":"No","ACCESOPMR":"No","NROPLAZAS":"1","TOTALPLAZAS":2151}},{"type":"Feature","id":"da_aparcamientosMovilidadReducida.fid--175d4967_1a0508ab86c_c53","geometry":{"type":"Point","coordinates":[-4.5106878,36.66759274,0]},"geometry_name":"SDOGEOMETRIA","properties":{"ID":66154,"NOMBRE":"APARCAPMR_859","DESCRIPCION":null,"DIRECCION":"CALLE PRESTE JUAN DE LAS INDIAS, 7 ","URL":null,"EMAIL":null,"CONTACTO":null,"HORARIOS":null,"PRECIOS":null,"TITULARIDAD":"MUNICIPAL","TARJETAJOVEN":"No","ACCESOPMR":"No","NROPLAZAS":"1","TOTALPLAZAS":2151}},{"type":"Feature","id":"da_aparcamientosMovilidadReducida.fid--175d4967_1a0508ab86c_c54","geometry":{"type":"Point","coordinates":[-4.44355398,36.71029772,0]},"geometry_name":"SDOGEOMETRIA","properties":{"ID":66186,"NOMBRE":"APARCAPMR_333","DESCRIPCION":null,"DIRECCION":"CAMINO DE SAN RAFAEL, 16 ","URL":null,"EMAIL":null,"CONTACTO":null,"HORARIOS":null,"PRECIOS":null,"TITULARIDAD":"MUNICIPAL","TARJETAJOVEN":"No","ACCESOPMR":"No","NROPLAZAS":"1","TOTALPLAZAS":2151}},{"type":"Feature","id":"da_aparcamientosMovilidadReducida.fid--175d4967_1a0508ab86c_c55","geometry":{"type":"Point","coordinates":[-4.42251205,36.73711945,0]},"geometry_name":"SDOGEOMETRIA","properties":{"ID":66680,"NOMBRE":"APARCAPMR_566","DESCRIPCION":"Esquina con c/ San Juan Bosco (frente al nº 2).","DIRECCION":"CALLE SAN JUAN BOSCO, 120 ","URL":null,"EMAIL":null,"CONTACTO":null,"HORARIOS":null,"PRECIOS":null,"TITULARIDAD":"MUNICIPAL","TARJETAJOVEN":"No","ACCESOPMR":"No","NROPLAZAS":"2","TOTALPLAZAS":2151}},{"type":"Feature","id":"da_aparcamientosMovilidadReducida.fid--175d4967_1a0508ab86c_c56","geometry":{"type":"Point","coordinates":[-4.45062831,36.69901457,0]},"geometry_name":"SDOGEOMETRIA","properties":{"ID":67248,"NOMBRE":"APARCAPMR_162","DESCRIPCION":"Esquina con c/ Angelillo de Triana","DIRECCION":"CALLE GAUCÍN, 15 ","URL":null,"EMAIL":null,"CONTACTO":null,"HORARIOS":null,"PRECIOS":null,"TITULARIDAD":"MUNICIPAL","TARJETAJOVEN":"No","ACCESOPMR":"No","NROPLAZAS":"2","TOTALPLAZAS":2151}},{"type":"Feature","id":"da_aparcamientosMovilidadReducida.fid--175d4967_1a0508ab86c_c57","geometry":{"type":"Point","coordinates":[-4.44843292,36.69793068,0]},"geometry_name":"SDOGEOMETRIA","properties":{"ID":66788,"NOMBRE":"APARCAPMR_390","DESCRIPCION":"Esquina con Avenida de Velázquez","DIRECCION":"CALLE GAUCÍN, 2 ","URL":null,"EMAIL":null,"CONTACTO":null,"HORARIOS":null,"PRECIOS":null,"TITULARIDAD":"MUNICIPAL","TARJETAJOVEN":"No","ACCESOPMR":"No","NROPLAZAS":"2","TOTALPLAZAS":2151}},{"type":"Feature","id":"da_aparcamientosMovilidadReducida.fid--175d4967_1a0508ab86c_c58","geometry":{"type":"Point","coordinates":[-4.449572,36.69842404,0]},"geometry_name":"SDOGEOMETRIA","properties":{"ID":66605,"NOMBRE":"APARCAPMR_993","DESCRIPCION":"Esquina con Cl. Sierra Bermeja","DIRECCION":"CALLE GAUCÍN, 7 ","URL":null,"EMAIL":null,"CONTACTO":null,"HORARIOS":null,"PRECIOS":null,"TITULARIDAD":"MUNICIPAL","TARJETAJOVEN":"No","ACCESOPMR":"No","NROPLAZAS":"1","TOTALPLAZAS":2151}},{"type":"Feature","id":"da_aparcamientosMovilidadReducida.fid--175d4967_1a0508ab86c_c59","geometry":{"type":"Point","coordinates":[-4.452333,36.69992904,0]},"geometry_name":"SDOGEOMETRIA","properties":{"ID":66590,"NOMBRE":"APARCAPMR_916","DESCRIPCION":null,"DIRECCION":"CALLE GAUCÍN, 27 ","URL":null,"EMAIL":null,"CONTACTO":null,"HORARIOS":null,"PRECIOS":null,"TITULARIDAD":"MUNICIPAL","TARJETAJOVEN":"No","ACCESOPMR":"No","NROPLAZAS":"1","TOTALPLAZAS":2151}},{"type":"Feature","id":"da_aparcamientosMovilidadReducida.fid--175d4967_1a0508ab86c_c5a","geometry":{"type":"Point","coordinates":[-4.450393,36.69882204,0]},"geometry_name":"SDOGEOMETRIA","properties":{"ID":66720,"NOMBRE":"APARCAPMR_1033","DESCRIPCION":"Esq. con Cl. Alazores","DIRECCION":"CALLE GAUCÍN, 13 ","URL":null,"EMAIL":null,"CONTACTO":null,"HORARIOS":null,"PRECIOS":null,"TITULARIDAD":"MUNICIPAL","TARJETAJOVEN":"No","ACCESOPMR":"No","NROPLAZAS":"1","TOTALPLAZAS":2151}},{"type":"Feature","id":"da_aparcamientosMovilidadReducida.fid--175d4967_1a0508ab86c_c5b","geometry":{"type":"Point","coordinates":[-4.4555341,36.69408904,0]},"geometry_name":"SDOGEOMETRIA","properties":{"ID":66950,"NOMBRE":"APARCAPMR_358","DESCRIPCION":"Esquina con Pasaje Virgen de Belén","DIRECCION":"AVENIDA DE LA VIRGEN DE BELÉN, 5A","URL":null,"EMAIL":null,"CONTACTO":null,"HORARIOS":null,"PRECIOS":null,"TITULARIDAD":"MUNICIPAL","TARJETAJOVEN":"No","ACCESOPMR":"No","NROPLAZAS":"2","TOTALPLAZAS":2151}},{"type":"Feature","id":"da_aparcamientosMovilidadReducida.fid--175d4967_1a0508ab86c_c5c","geometry":{"type":"Point","coordinates":[-4.444044,36.69284704,0]},"geometry_name":"SDOGEOMETRIA","properties":{"ID":66298,"NOMBRE":"APARCAPMR_854","DESCRIPCION":null,"DIRECCION":"AVENIDA DE SOR TERESA PRAT, 76 ","URL":null,"EMAIL":null,"CONTACTO":null,"HORARIOS":null,"PRECIOS":null,"TITULARIDAD":"MUNICIPAL","TARJETAJOVEN":"No","ACCESOPMR":"No","NROPLAZAS":"1","TOTALPLAZAS":2151}},{"type":"Feature","id":"da_aparcamientosMovilidadReducida.fid--175d4967_1a0508ab86c_c5d","geometry":{"type":"Point","coordinates":[-4.41434781,36.7334818,0]},"geometry_name":"SDOGEOMETRIA","properties":{"ID":80971,"NOMBRE":"APARCAPMR_1036_B","DESCRIPCION":null,"DIRECCION":"CALLE GENERAL IBÁÑEZ, 49 ","URL":null,"EMAIL":null,"CONTACTO":null,"HORARIOS":null,"PRECIOS":null,"TITULARIDAD":"MUNICIPAL","TARJETAJOVEN":"No","ACCESOPMR":"No","NROPLAZAS":"1","TOTALPLAZAS":2151}},{"type":"Feature","id":"da_aparcamientosMovilidadReducida.fid--175d4967_1a0508ab86c_c5e","geometry":{"type":"Point","coordinates":[-4.49388516,36.72530192,0]},"geometry_name":"SDOGEOMETRIA","properties":{"ID":66581,"NOMBRE":"APARCAPMR_1242","DESCRIPCION":null,"DIRECCION":"CALLE FRANCISCO FERNÁNDEZ GOLFÍN, 1 ","URL":null,"EMAIL":null,"CONTACTO":null,"HORARIOS":null,"PRECIOS":null,"TITULARIDAD":"MUNICIPAL","TARJETAJOVEN":"No","ACCESOPMR":"No","NROPLAZAS":"2","TOTALPLAZAS":2151}},{"type":"Feature","id":"da_aparcamientosMovilidadReducida.fid--175d4967_1a0508ab86c_c5f","geometry":{"type":"Point","coordinates":[-4.44688462,36.71718947,0]},"geometry_name":"SDOGEOMETRIA","properties":{"ID":66334,"NOMBRE":"APARCAPMR_211","DESCRIPCION":"Esquina con c/ Virgen de la Salud","DIRECCION":"CALLE VIRGEN DE LA PALOMA, 68 ","URL":null,"EMAIL":null,"CONTACTO":null,"HORARIOS":null,"PRECIOS":null,"TITULARIDAD":"MUNICIPAL","TARJETAJOVEN":"No","ACCESOPMR":"No","NROPLAZAS":"2","TOTALPLAZAS":2151}},{"type":"Feature","id":"da_aparcamientosMovilidadReducida.fid--175d4967_1a0508ab86c_c60","geometry":{"type":"Point","coordinates":[-4.40117374,36.72189417,0]},"geometry_name":"SDOGEOMETRIA","properties":{"ID":67066,"NOMBRE":"APARCAPMR_222","DESCRIPCION":"Junto al Hotel Las Vegas","DIRECCION":"PASEO DE SANCHA, 38 ","URL":null,"EMAIL":null,"CONTACTO":null,"HORARIOS":null,"PRECIOS":null,"TITULARIDAD":"MUNICIPAL","TARJETAJOVEN":"No","ACCESOPMR":"No","NROPLAZAS":"1","TOTALPLAZAS":2151}},{"type":"Feature","id":"da_aparcamientosMovilidadReducida.fid--175d4967_1a0508ab86c_c61","geometry":{"type":"Point","coordinates":[-4.404474,36.72164904,0]},"geometry_name":"SDOGEOMETRIA","properties":{"ID":66452,"NOMBRE":"APARCAPMR_1077","DESCRIPCION":null,"DIRECCION":"PASEO DE SANCHA, 13 ","URL":null,"EMAIL":null,"CONTACTO":null,"HORARIOS":null,"PRECIOS":null,"TITULARIDAD":"MUNICIPAL","TARJETAJOVEN":"No","ACCESOPMR":"No","NROPLAZAS":"1","TOTALPLAZAS":2151}},{"type":"Feature","id":"da_aparcamientosMovilidadReducida.fid--175d4967_1a0508ab86c_c62","geometry":{"type":"Point","coordinates":[-4.41184089,36.71847626,0]},"geometry_name":"SDOGEOMETRIA","properties":{"ID":66573,"NOMBRE":"APARCAPMR_709","DESCRIPCION":"Esquina con c/ Vélez Málaga","DIRECCION":"CALLE VÉLEZ MÁLAGA, 2 ","URL":null,"EMAIL":null,"CONTACTO":null,"HORARIOS":null,"PRECIOS":null,"TITULARIDAD":"MUNICIPAL","TARJETAJOVEN":"No","ACCESOPMR":"No","NROPLAZAS":"1","TOTALPLAZAS":2151}},{"type":"Feature","id":"da_aparcamientosMovilidadReducida.fid--175d4967_1a0508ab86c_c63","geometry":{"type":"Point","coordinates":[-4.422475,36.71704404,0]},"geometry_name":"SDOGEOMETRIA","properties":{"ID":66735,"NOMBRE":"APARCAPMR_969","DESCRIPCION":"Esquina c/ Cordoba","DIRECCION":"CALLE TRINIDAD GRUND, 16 ","URL":null,"EMAIL":null,"CONTACTO":null,"HORARIOS":null,"PRECIOS":null,"TITULARIDAD":"MUNICIPAL","TARJETAJOVEN":"No","ACCESOPMR":"No","NROPLAZAS":"1","TOTALPLAZAS":2151}},{"type":"Feature","id":"da_aparcamientosMovilidadReducida.fid--175d4967_1a0508ab86c_c64","geometry":{"type":"Point","coordinates":[-4.44166102,36.71161097,0]},"geometry_name":"SDOGEOMETRIA","properties":{"ID":66339,"NOMBRE":"APARCAPMR_240","DESCRIPCION":"Esquina con c/ Leandro Martínez Marín","DIRECCION":"CAMINO DE SAN RAFAEL, 4 ","URL":null,"EMAIL":null,"CONTACTO":null,"HORARIOS":null,"PRECIOS":null,"TITULARIDAD":"MUNICIPAL","TARJETAJOVEN":"No","ACCESOPMR":"No","NROPLAZAS":"1","TOTALPLAZAS":2151}},{"type":"Feature","id":"da_aparcamientosMovilidadReducida.fid--175d4967_1a0508ab86c_c65","geometry":{"type":"Point","coordinates":[-4.43513989,36.71442607,0]},"geometry_name":"SDOGEOMETRIA","properties":{"ID":67028,"NOMBRE":"APARCAPMR_475","DESCRIPCION":null,"DIRECCION":"CALLE MAURICIO MORO PARETO, 9A","URL":null,"EMAIL":null,"CONTACTO":null,"HORARIOS":null,"PRECIOS":null,"TITULARIDAD":"MUNICIPAL","TARJETAJOVEN":"No","ACCESOPMR":"No","NROPLAZAS":"1","TOTALPLAZAS":2151}},{"type":"Feature","id":"da_aparcamientosMovilidadReducida.fid--175d4967_1a0508ab86c_c66","geometry":{"type":"Point","coordinates":[-4.43559788,36.71529687,0]},"geometry_name":"SDOGEOMETRIA","properties":{"ID":66638,"NOMBRE":"APARCAPMR_254","DESCRIPCION":"Esquina con Av. de las Américas, frente al antiguo Edificio Negro.","DIRECCION":"CALLE MAURICIO MORO PARETO, 13 ","URL":null,"EMAIL":null,"CONTACTO":null,"HORARIOS":null,"PRECIOS":null,"TITULARIDAD":"MUNICIPAL","TARJETAJOVEN":"No","ACCESOPMR":"No","NROPLAZAS":"2","TOTALPLAZAS":2151}},{"type":"Feature","id":"da_aparcamientosMovilidadReducida.fid--175d4967_1a0508ab86c_c67","geometry":{"type":"Point","coordinates":[-4.44516599,36.71434705,0]},"geometry_name":"SDOGEOMETRIA","properties":{"ID":66683,"NOMBRE":"APARCAPMR_554","DESCRIPCION":"Esquina con c/ Virgen de la Fuensanta","DIRECCION":"CALLE VIRGEN DE LA ESPERANZA, 53 ","URL":null,"EMAIL":null,"CONTACTO":null,"HORARIOS":null,"PRECIOS":null,"TITULARIDAD":"MUNICIPAL","TARJETAJOVEN":"No","ACCESOPMR":"No","NROPLAZAS":"2","TOTALPLAZAS":2151}},{"type":"Feature","id":"da_aparcamientosMovilidadReducida.fid--175d4967_1a0508ab86c_c68","geometry":{"type":"Point","coordinates":[-4.42383308,36.74863639,0]},"geometry_name":"SDOGEOMETRIA","properties":{"ID":78717,"NOMBRE":"APARCAPMR_1392","DESCRIPCION":"C/ Hermanos Álvarez Quintero, N.º 5 esquina con la Avenida Jacinto Benavente","DIRECCION":"CALLE HERMANOS ÁLVAREZ QUINTERO, 5 ","URL":null,"EMAIL":null,"CONTACTO":null,"HORARIOS":null,"PRECIOS":null,"TITULARIDAD":"MUNICIPAL","TARJETAJOVEN":"No","ACCESOPMR":"No","NROPLAZAS":"1","TOTALPLAZAS":2151}},{"type":"Feature","id":"da_aparcamientosMovilidadReducida.fid--175d4967_1a0508ab86c_c69","geometry":{"type":"Point","coordinates":[-4.4461627,36.71745864,0]},"geometry_name":"SDOGEOMETRIA","properties":{"ID":66289,"NOMBRE":"APARCAPMR_826","DESCRIPCION":"Esquina con Cl. Virgen de la Paloma.","DIRECCION":"CALLE VIRGEN DE LA ESPERANZA, 12 ","URL":null,"EMAIL":null,"CONTACTO":null,"HORARIOS":null,"PRECIOS":null,"TITULARIDAD":"MUNICIPAL","TARJETAJOVEN":"No","ACCESOPMR":"No","NROPLAZAS":"1","TOTALPLAZAS":2151}},{"type":"Feature","id":"da_aparcamientosMovilidadReducida.fid--175d4967_1a0508ab86c_c6a","geometry":{"type":"Point","coordinates":[-4.42078672,36.75171364,0]},"geometry_name":"SDOGEOMETRIA","properties":{"ID":66823,"NOMBRE":"APARCAPMR_484","DESCRIPCION":"Esquina con c/ Quintanar de la Orden (frente al nº 4)","DIRECCION":"CALLE VENTILLAS DE TOLEDO, 2 ","URL":null,"EMAIL":null,"CONTACTO":null,"HORARIOS":null,"PRECIOS":null,"TITULARIDAD":"MUNICIPAL","TARJETAJOVEN":"No","ACCESOPMR":"No","NROPLAZAS":"1","TOTALPLAZAS":2151}},{"type":"Feature","id":"da_aparcamientosMovilidadReducida.fid--175d4967_1a0508ab86c_c6b","geometry":{"type":"Point","coordinates":[-4.45445211,36.69344067,0]},"geometry_name":"SDOGEOMETRIA","properties":{"ID":80736,"NOMBRE":"APARCAPMR_1458","DESCRIPCION":"Avenida Virgen de Belén esquina con Avenida Velázquez","DIRECCION":"AVENIDA DE LA VIRGEN DE BELÉN, 2 ","URL":null,"EMAIL":null,"CONTACTO":null,"HORARIOS":null,"PRECIOS":null,"TITULARIDAD":"MUNICIPAL","TARJETAJOVEN":"No","ACCESOPMR":"No","NROPLAZAS":"1","TOTALPLAZAS":2151}},{"type":"Feature","id":"da_aparcamientosMovilidadReducida.fid--175d4967_1a0508ab86c_c6c","geometry":{"type":"Point","coordinates":[-4.42056117,36.75198894,0]},"geometry_name":"SDOGEOMETRIA","properties":{"ID":66465,"NOMBRE":"APARCAPMR_1268","DESCRIPCION":null,"DIRECCION":"CALLE BADAJOZ, 5 ","URL":null,"EMAIL":null,"CONTACTO":null,"HORARIOS":null,"PRECIOS":null,"TITULARIDAD":"MUNICIPAL","TARJETAJOVEN":"No","ACCESOPMR":"No","NROPLAZAS":"1","TOTALPLAZAS":2151}},{"type":"Feature","id":"da_aparcamientosMovilidadReducida.fid--175d4967_1a0508ab86c_c6d","geometry":{"type":"Point","coordinates":[-4.42130741,36.72675005,0]},"geometry_name":"SDOGEOMETRIA","properties":{"ID":74587,"NOMBRE":"APARCAPMR_1214","DESCRIPCION":null,"DIRECCION":"CALLE POSTIGOS, 12 ","URL":null,"EMAIL":null,"CONTACTO":null,"HORARIOS":null,"PRECIOS":null,"TITULARIDAD":"MUNICIPAL","TARJETAJOVEN":"No","ACCESOPMR":"No","NROPLAZAS":"1","TOTALPLAZAS":2151}},{"type":"Feature","id":"da_aparcamientosMovilidadReducida.fid--175d4967_1a0508ab86c_c6e","geometry":{"type":"Point","coordinates":[-4.45310467,36.69269831,0]},"geometry_name":"SDOGEOMETRIA","properties":{"ID":66722,"NOMBRE":"APARCAPMR_1248","DESCRIPCION":null,"DIRECCION":"CALLE VIÑA DEL MAR, 1 ","URL":null,"EMAIL":null,"CONTACTO":null,"HORARIOS":null,"PRECIOS":null,"TITULARIDAD":"MUNICIPAL","TARJETAJOVEN":"No","ACCESOPMR":"No","NROPLAZAS":"1","TOTALPLAZAS":2151}},{"type":"Feature","id":"da_aparcamientosMovilidadReducida.fid--175d4967_1a0508ab86c_c6f","geometry":{"type":"Point","coordinates":[-4.5147399,36.67067115,0]},"geometry_name":"SDOGEOMETRIA","properties":{"ID":78096,"NOMBRE":"APARCAPMR_1379","DESCRIPCION":null,"DIRECCION":"CALLE BANGLADESH, 15 ","URL":null,"EMAIL":null,"CONTACTO":null,"HORARIOS":null,"PRECIOS":null,"TITULARIDAD":"MUNICIPAL","TARJETAJOVEN":"No","ACCESOPMR":"No","NROPLAZAS":"1","TOTALPLAZAS":2151}},{"type":"Feature","id":"da_aparcamientosMovilidadReducida.fid--175d4967_1a0508ab86c_c70","geometry":{"type":"Point","coordinates":[-4.51473342,36.67067653,0]},"geometry_name":"SDOGEOMETRIA","properties":{"ID":78095,"NOMBRE":"APARCAPMR_1378","DESCRIPCION":null,"DIRECCION":"CALLE BANGLADESH, 15 ","URL":null,"EMAIL":null,"CONTACTO":null,"HORARIOS":null,"PRECIOS":null,"TITULARIDAD":"MUNICIPAL","TARJETAJOVEN":"No","ACCESOPMR":"No","NROPLAZAS":"1","TOTALPLAZAS":2151}},{"type":"Feature","id":"da_aparcamientosMovilidadReducida.fid--175d4967_1a0508ab86c_c71","geometry":{"type":"Point","coordinates":[-4.54467538,36.72821701,0]},"geometry_name":"SDOGEOMETRIA","properties":{"ID":77984,"NOMBRE":"APARCAPMR_1360","DESCRIPCION":"Esquina José Calderón","DIRECCION":"CALLE GUARDIA CIVIL DIEGO DÍAZ DÍAZ, 1 ","URL":null,"EMAIL":null,"CONTACTO":null,"HORARIOS":null,"PRECIOS":null,"TITULARIDAD":"MUNICIPAL","TARJETAJOVEN":"No","ACCESOPMR":"No","NROPLAZAS":"1","TOTALPLAZAS":2151}},{"type":"Feature","id":"da_aparcamientosMovilidadReducida.fid--175d4967_1a0508ab86c_c72","geometry":{"type":"Point","coordinates":[-4.43960455,36.7267379,0]},"geometry_name":"SDOGEOMETRIA","properties":{"ID":80966,"NOMBRE":"APARCAPMR_453_B","DESCRIPCION":null,"DIRECCION":"PASAJE MARTÍNEZ DE LA ROSA, 2 ","URL":null,"EMAIL":null,"CONTACTO":null,"HORARIOS":null,"PRECIOS":null,"TITULARIDAD":"MUNICIPAL","TARJETAJOVEN":"No","ACCESOPMR":"No","NROPLAZAS":"1","TOTALPLAZAS":2151}},{"type":"Feature","id":"da_aparcamientosMovilidadReducida.fid--175d4967_1a0508ab86c_c73","geometry":{"type":"Point","coordinates":[-4.51374481,36.6702437,0]},"geometry_name":"SDOGEOMETRIA","properties":{"ID":78094,"NOMBRE":"APARCAPMR_1377","DESCRIPCION":null,"DIRECCION":"CALLE BANGLADESH, 3 ","URL":null,"EMAIL":null,"CONTACTO":null,"HORARIOS":null,"PRECIOS":null,"TITULARIDAD":"MUNICIPAL","TARJETAJOVEN":"No","ACCESOPMR":"No","NROPLAZAS":"1","TOTALPLAZAS":2151}},{"type":"Feature","id":"da_aparcamientosMovilidadReducida.fid--175d4967_1a0508ab86c_c74","geometry":{"type":"Point","coordinates":[-4.46576014,36.71901736,0]},"geometry_name":"SDOGEOMETRIA","properties":{"ID":66619,"NOMBRE":"APARCAPMR_1236","DESCRIPCION":"C/Arturo Toscanini esq. Giordano Bruno","DIRECCION":"CALLE ARTURO TOSCANINI, 3 ","URL":null,"EMAIL":null,"CONTACTO":null,"HORARIOS":null,"PRECIOS":null,"TITULARIDAD":"MUNICIPAL","TARJETAJOVEN":"No","ACCESOPMR":"No","NROPLAZAS":"1","TOTALPLAZAS":2151}},{"type":"Feature","id":"da_aparcamientosMovilidadReducida.fid--175d4967_1a0508ab86c_c75","geometry":{"type":"Point","coordinates":[-4.362254,36.71967204,0]},"geometry_name":"SDOGEOMETRIA","properties":{"ID":66229,"NOMBRE":"APARCAPMR_781","DESCRIPCION":"A la altura del número 23","DIRECCION":"CARRIL DE LA VIRGEN MILAGROSA, 36 ","URL":null,"EMAIL":null,"CONTACTO":null,"HORARIOS":null,"PRECIOS":null,"TITULARIDAD":"MUNICIPAL","TARJETAJOVEN":"No","ACCESOPMR":"No","NROPLAZAS":"1","TOTALPLAZAS":2151}},{"type":"Feature","id":"da_aparcamientosMovilidadReducida.fid--175d4967_1a0508ab86c_c76","geometry":{"type":"Point","coordinates":[-4.3598865,36.71997535,0]},"geometry_name":"SDOGEOMETRIA","properties":{"ID":66531,"NOMBRE":"APARCAPMR_548","DESCRIPCION":"Esquina con c/ Castañer y Vilchez","DIRECCION":"CALLE ORTEGA MUNILLA, 14 ","URL":null,"EMAIL":null,"CONTACTO":null,"HORARIOS":null,"PRECIOS":null,"TITULARIDAD":"MUNICIPAL","TARJETAJOVEN":"No","ACCESOPMR":"No","NROPLAZAS":"1","TOTALPLAZAS":2151}},{"type":"Feature","id":"da_aparcamientosMovilidadReducida.fid--175d4967_1a0508ab86c_c77","geometry":{"type":"Point","coordinates":[-4.48077835,36.73697973,0]},"geometry_name":"SDOGEOMETRIA","properties":{"ID":66668,"NOMBRE":"APARCAPMR_688","DESCRIPCION":"Esquina con c/ Joyería ","DIRECCION":"CALLE FILIGRANA, 26 ","URL":null,"EMAIL":null,"CONTACTO":null,"HORARIOS":null,"PRECIOS":null,"TITULARIDAD":"MUNICIPAL","TARJETAJOVEN":"No","ACCESOPMR":"No","NROPLAZAS":"1","TOTALPLAZAS":2151}},{"type":"Feature","id":"da_aparcamientosMovilidadReducida.fid--175d4967_1a0508ab86c_c78","geometry":{"type":"Point","coordinates":[-4.51605805,36.67122185,0]},"geometry_name":"SDOGEOMETRIA","properties":{"ID":78097,"NOMBRE":"APARCAPMR_1380","DESCRIPCION":null,"DIRECCION":"CALLE BANGLADESH, 21 ","URL":null,"EMAIL":null,"CONTACTO":null,"HORARIOS":null,"PRECIOS":null,"TITULARIDAD":"MUNICIPAL","TARJETAJOVEN":"No","ACCESOPMR":"No","NROPLAZAS":"1","TOTALPLAZAS":2151}}],"totalFeatures":1356,"numberMatched":1356,"numberReturned":1356,"timeStamp":"2026-08-30T02:47:45.466Z","crs":{"type":"name","properties":{"name":"urn:ogc:def:crs:EPSG::4326"}}}